confidence,id,provenance,relation,source_id,target_id
1.0,edge_000001,ontology,BELONGS_TO_PANEL,test:rbc,panel:cbc
1.0,edge_000002,ontology,OF_TEST,finding_concept:cbc:rbc:high,test:rbc
1.0,edge_000003,ontology,HAS_STATUS,finding_concept:cbc:rbc:high,status:high
1.0,edge_000004,ontology,BELONGS_TO_PANEL,finding_concept:cbc:rbc:high,panel:cbc
1.0,edge_000005,ontology,OF_TEST,finding_concept:cbc:rbc:low,test:rbc
1.0,edge_000006,ontology,HAS_STATUS,finding_concept:cbc:rbc:low,status:low
1.0,edge_000007,ontology,BELONGS_TO_PANEL,finding_concept:cbc:rbc:low,panel:cbc
1.0,edge_000008,ontology,BELONGS_TO_PANEL,test:hgb,panel:cbc
1.0,edge_000009,ontology,OF_TEST,finding_concept:cbc:hgb:high,test:hgb
1.0,edge_000010,ontology,HAS_STATUS,finding_concept:cbc:hgb:high,status:high
1.0,edge_000011,ontology,BELONGS_TO_PANEL,finding_concept:cbc:hgb:high,panel:cbc
1.0,edge_000012,ontology,OF_TEST,finding_concept:cbc:hgb:low,test:hgb
1.0,edge_000013,ontology,HAS_STATUS,finding_concept:cbc:hgb:low,status:low
1.0,edge_000014,ontology,BELONGS_TO_PANEL,finding_concept:cbc:hgb:low,panel:cbc
1.0,edge_000015,ontology,BELONGS_TO_PANEL,test:hct,panel:cbc
1.0,edge_000016,ontology,OF_TEST,finding_concept:cbc:hct:high,test:hct
1.0,edge_000017,ontology,HAS_STATUS,finding_concept:cbc:hct:high,status:high
1.0,edge_000018,ontology,BELONGS_TO_PANEL,finding_concept:cbc:hct:high,panel:cbc
1.0,edge_000019,ontology,OF_TEST,finding_concept:cbc:hct:low,test:hct
1.0,edge_000020,ontology,HAS_STATUS,finding_concept:cbc:hct:low,status:low
1.0,edge_000021,ontology,BELONGS_TO_PANEL,finding_concept:cbc:hct:low,panel:cbc
1.0,edge_000022,ontology,BELONGS_TO_PANEL,test:mcv,panel:cbc
1.0,edge_000023,ontology,OF_TEST,finding_concept:cbc:mcv:high,test:mcv
1.0,edge_000024,ontology,HAS_STATUS,finding_concept:cbc:mcv:high,status:high
1.0,edge_000025,ontology,BELONGS_TO_PANEL,finding_concept:cbc:mcv:high,panel:cbc
1.0,edge_000026,ontology,OF_TEST,finding_concept:cbc:mcv:low,test:mcv
1.0,edge_000027,ontology,HAS_STATUS,finding_concept:cbc:mcv:low,status:low
1.0,edge_000028,ontology,BELONGS_TO_PANEL,finding_concept:cbc:mcv:low,panel:cbc
1.0,edge_000029,ontology,BELONGS_TO_PANEL,test:mch,panel:cbc
1.0,edge_000030,ontology,OF_TEST,finding_concept:cbc:mch:high,test:mch
1.0,edge_000031,ontology,HAS_STATUS,finding_concept:cbc:mch:high,status:high
1.0,edge_000032,ontology,BELONGS_TO_PANEL,finding_concept:cbc:mch:high,panel:cbc
1.0,edge_000033,ontology,OF_TEST,finding_concept:cbc:mch:low,test:mch
1.0,edge_000034,ontology,HAS_STATUS,finding_concept:cbc:mch:low,status:low
1.0,edge_000035,ontology,BELONGS_TO_PANEL,finding_concept:cbc:mch:low,panel:cbc
1.0,edge_000036,ontology,BELONGS_TO_PANEL,test:mchc,panel:cbc
1.0,edge_000037,ontology,OF_TEST,finding_concept:cbc:mchc:high,test:mchc
1.0,edge_000038,ontology,HAS_STATUS,finding_concept:cbc:mchc:high,status:high
1.0,edge_000039,ontology,BELONGS_TO_PANEL,finding_concept:cbc:mchc:high,panel:cbc
1.0,edge_000040,ontology,OF_TEST,finding_concept:cbc:mchc:low,test:mchc
1.0,edge_000041,ontology,HAS_STATUS,finding_concept:cbc:mchc:low,status:low
1.0,edge_000042,ontology,BELONGS_TO_PANEL,finding_concept:cbc:mchc:low,panel:cbc
1.0,edge_000043,ontology,BELONGS_TO_PANEL,test:rdw,panel:cbc
1.0,edge_000044,ontology,OF_TEST,finding_concept:cbc:rdw:high,test:rdw
1.0,edge_000045,ontology,HAS_STATUS,finding_concept:cbc:rdw:high,status:high
1.0,edge_000046,ontology,BELONGS_TO_PANEL,finding_concept:cbc:rdw:high,panel:cbc
1.0,edge_000047,ontology,OF_TEST,finding_concept:cbc:rdw:low,test:rdw
1.0,edge_000048,ontology,HAS_STATUS,finding_concept:cbc:rdw:low,status:low
1.0,edge_000049,ontology,BELONGS_TO_PANEL,finding_concept:cbc:rdw:low,panel:cbc
1.0,edge_000050,ontology,BELONGS_TO_PANEL,test:wbc,panel:cbc
1.0,edge_000051,ontology,OF_TEST,finding_concept:cbc:wbc:high,test:wbc
1.0,edge_000052,ontology,HAS_STATUS,finding_concept:cbc:wbc:high,status:high
1.0,edge_000053,ontology,BELONGS_TO_PANEL,finding_concept:cbc:wbc:high,panel:cbc
1.0,edge_000054,ontology,OF_TEST,finding_concept:cbc:wbc:low,test:wbc
1.0,edge_000055,ontology,HAS_STATUS,finding_concept:cbc:wbc:low,status:low
1.0,edge_000056,ontology,BELONGS_TO_PANEL,finding_concept:cbc:wbc:low,panel:cbc
1.0,edge_000057,ontology,BELONGS_TO_PANEL,test:neut,panel:cbc
1.0,edge_000058,ontology,OF_TEST,finding_concept:cbc:neut:high,test:neut
1.0,edge_000059,ontology,HAS_STATUS,finding_concept:cbc:neut:high,status:high
1.0,edge_000060,ontology,BELONGS_TO_PANEL,finding_concept:cbc:neut:high,panel:cbc
1.0,edge_000061,ontology,OF_TEST,finding_concept:cbc:neut:low,test:neut
1.0,edge_000062,ontology,HAS_STATUS,finding_concept:cbc:neut:low,status:low
1.0,edge_000063,ontology,BELONGS_TO_PANEL,finding_concept:cbc:neut:low,panel:cbc
1.0,edge_000064,ontology,BELONGS_TO_PANEL,test:lymph,panel:cbc
1.0,edge_000065,ontology,OF_TEST,finding_concept:cbc:lymph:high,test:lymph
1.0,edge_000066,ontology,HAS_STATUS,finding_concept:cbc:lymph:high,status:high
1.0,edge_000067,ontology,BELONGS_TO_PANEL,finding_concept:cbc:lymph:high,panel:cbc
1.0,edge_000068,ontology,OF_TEST,finding_concept:cbc:lymph:low,test:lymph
1.0,edge_000069,ontology,HAS_STATUS,finding_concept:cbc:lymph:low,status:low
1.0,edge_000070,ontology,BELONGS_TO_PANEL,finding_concept:cbc:lymph:low,panel:cbc
1.0,edge_000071,ontology,BELONGS_TO_PANEL,test:mono,panel:cbc
1.0,edge_000072,ontology,OF_TEST,finding_concept:cbc:mono:high,test:mono
1.0,edge_000073,ontology,HAS_STATUS,finding_concept:cbc:mono:high,status:high
1.0,edge_000074,ontology,BELONGS_TO_PANEL,finding_concept:cbc:mono:high,panel:cbc
1.0,edge_000075,ontology,OF_TEST,finding_concept:cbc:mono:low,test:mono
1.0,edge_000076,ontology,HAS_STATUS,finding_concept:cbc:mono:low,status:low
1.0,edge_000077,ontology,BELONGS_TO_PANEL,finding_concept:cbc:mono:low,panel:cbc
1.0,edge_000078,ontology,BELONGS_TO_PANEL,test:eos,panel:cbc
1.0,edge_000079,ontology,OF_TEST,finding_concept:cbc:eos:high,test:eos
1.0,edge_000080,ontology,HAS_STATUS,finding_concept:cbc:eos:high,status:high
1.0,edge_000081,ontology,BELONGS_TO_PANEL,finding_concept:cbc:eos:high,panel:cbc
1.0,edge_000082,ontology,OF_TEST,finding_concept:cbc:eos:low,test:eos
1.0,edge_000083,ontology,HAS_STATUS,finding_concept:cbc:eos:low,status:low
1.0,edge_000084,ontology,BELONGS_TO_PANEL,finding_concept:cbc:eos:low,panel:cbc
1.0,edge_000085,ontology,BELONGS_TO_PANEL,test:baso,panel:cbc
1.0,edge_000086,ontology,OF_TEST,finding_concept:cbc:baso:high,test:baso
1.0,edge_000087,ontology,HAS_STATUS,finding_concept:cbc:baso:high,status:high
1.0,edge_000088,ontology,BELONGS_TO_PANEL,finding_concept:cbc:baso:high,panel:cbc
1.0,edge_000089,ontology,OF_TEST,finding_concept:cbc:baso:low,test:baso
1.0,edge_000090,ontology,HAS_STATUS,finding_concept:cbc:baso:low,status:low
1.0,edge_000091,ontology,BELONGS_TO_PANEL,finding_concept:cbc:baso:low,panel:cbc
1.0,edge_000092,ontology,BELONGS_TO_PANEL,test:plt,panel:cbc
1.0,edge_000093,ontology,OF_TEST,finding_concept:cbc:plt:high,test:plt
1.0,edge_000094,ontology,HAS_STATUS,finding_concept:cbc:plt:high,status:high
1.0,edge_000095,ontology,BELONGS_TO_PANEL,finding_concept:cbc:plt:high,panel:cbc
1.0,edge_000096,ontology,OF_TEST,finding_concept:cbc:plt:low,test:plt
1.0,edge_000097,ontology,HAS_STATUS,finding_concept:cbc:plt:low,status:low
1.0,edge_000098,ontology,BELONGS_TO_PANEL,finding_concept:cbc:plt:low,panel:cbc
1.0,edge_000099,ontology,BELONGS_TO_PANEL,test:ig,panel:cbc
1.0,edge_000100,ontology,OF_TEST,finding_concept:cbc:ig:high,test:ig
1.0,edge_000101,ontology,HAS_STATUS,finding_concept:cbc:ig:high,status:high
1.0,edge_000102,ontology,BELONGS_TO_PANEL,finding_concept:cbc:ig:high,panel:cbc
1.0,edge_000103,ontology,OF_TEST,finding_concept:cbc:ig:low,test:ig
1.0,edge_000104,ontology,HAS_STATUS,finding_concept:cbc:ig:low,status:low
1.0,edge_000105,ontology,BELONGS_TO_PANEL,finding_concept:cbc:ig:low,panel:cbc
1.0,edge_000106,ontology,BELONGS_TO_PANEL,test:ast,panel:biochem
1.0,edge_000107,ontology,OF_TEST,finding_concept:biochem:ast:high,test:ast
1.0,edge_000108,ontology,HAS_STATUS,finding_concept:biochem:ast:high,status:high
1.0,edge_000109,ontology,BELONGS_TO_PANEL,finding_concept:biochem:ast:high,panel:biochem
1.0,edge_000110,ontology,OF_TEST,finding_concept:biochem:ast:low,test:ast
1.0,edge_000111,ontology,HAS_STATUS,finding_concept:biochem:ast:low,status:low
1.0,edge_000112,ontology,BELONGS_TO_PANEL,finding_concept:biochem:ast:low,panel:biochem
1.0,edge_000113,ontology,BELONGS_TO_PANEL,test:alt,panel:biochem
1.0,edge_000114,ontology,OF_TEST,finding_concept:biochem:alt:high,test:alt
1.0,edge_000115,ontology,HAS_STATUS,finding_concept:biochem:alt:high,status:high
1.0,edge_000116,ontology,BELONGS_TO_PANEL,finding_concept:biochem:alt:high,panel:biochem
1.0,edge_000117,ontology,OF_TEST,finding_concept:biochem:alt:low,test:alt
1.0,edge_000118,ontology,HAS_STATUS,finding_concept:biochem:alt:low,status:low
1.0,edge_000119,ontology,BELONGS_TO_PANEL,finding_concept:biochem:alt:low,panel:biochem
1.0,edge_000120,ontology,BELONGS_TO_PANEL,test:urea,panel:biochem
1.0,edge_000121,ontology,OF_TEST,finding_concept:biochem:urea:high,test:urea
1.0,edge_000122,ontology,HAS_STATUS,finding_concept:biochem:urea:high,status:high
1.0,edge_000123,ontology,BELONGS_TO_PANEL,finding_concept:biochem:urea:high,panel:biochem
1.0,edge_000124,ontology,OF_TEST,finding_concept:biochem:urea:low,test:urea
1.0,edge_000125,ontology,HAS_STATUS,finding_concept:biochem:urea:low,status:low
1.0,edge_000126,ontology,BELONGS_TO_PANEL,finding_concept:biochem:urea:low,panel:biochem
1.0,edge_000127,ontology,BELONGS_TO_PANEL,test:creatinine,panel:biochem
1.0,edge_000128,ontology,OF_TEST,finding_concept:biochem:creatinine:high,test:creatinine
1.0,edge_000129,ontology,HAS_STATUS,finding_concept:biochem:creatinine:high,status:high
1.0,edge_000130,ontology,BELONGS_TO_PANEL,finding_concept:biochem:creatinine:high,panel:biochem
1.0,edge_000131,ontology,OF_TEST,finding_concept:biochem:creatinine:low,test:creatinine
1.0,edge_000132,ontology,HAS_STATUS,finding_concept:biochem:creatinine:low,status:low
1.0,edge_000133,ontology,BELONGS_TO_PANEL,finding_concept:biochem:creatinine:low,panel:biochem
1.0,edge_000134,ontology,BELONGS_TO_PANEL,test:na,panel:biochem
1.0,edge_000135,ontology,OF_TEST,finding_concept:biochem:na:high,test:na
1.0,edge_000136,ontology,HAS_STATUS,finding_concept:biochem:na:high,status:high
1.0,edge_000137,ontology,BELONGS_TO_PANEL,finding_concept:biochem:na:high,panel:biochem
1.0,edge_000138,ontology,OF_TEST,finding_concept:biochem:na:low,test:na
1.0,edge_000139,ontology,HAS_STATUS,finding_concept:biochem:na:low,status:low
1.0,edge_000140,ontology,BELONGS_TO_PANEL,finding_concept:biochem:na:low,panel:biochem
1.0,edge_000141,ontology,BELONGS_TO_PANEL,test:k,panel:biochem
1.0,edge_000142,ontology,OF_TEST,finding_concept:biochem:k:high,test:k
1.0,edge_000143,ontology,HAS_STATUS,finding_concept:biochem:k:high,status:high
1.0,edge_000144,ontology,BELONGS_TO_PANEL,finding_concept:biochem:k:high,panel:biochem
1.0,edge_000145,ontology,OF_TEST,finding_concept:biochem:k:low,test:k
1.0,edge_000146,ontology,HAS_STATUS,finding_concept:biochem:k:low,status:low
1.0,edge_000147,ontology,BELONGS_TO_PANEL,finding_concept:biochem:k:low,panel:biochem
1.0,edge_000148,ontology,BELONGS_TO_PANEL,test:cl,panel:biochem
1.0,edge_000149,ontology,OF_TEST,finding_concept:biochem:cl:high,test:cl
1.0,edge_000150,ontology,HAS_STATUS,finding_concept:biochem:cl:high,status:high
1.0,edge_000151,ontology,BELONGS_TO_PANEL,finding_concept:biochem:cl:high,panel:biochem
1.0,edge_000152,ontology,OF_TEST,finding_concept:biochem:cl:low,test:cl
1.0,edge_000153,ontology,HAS_STATUS,finding_concept:biochem:cl:low,status:low
1.0,edge_000154,ontology,BELONGS_TO_PANEL,finding_concept:biochem:cl:low,panel:biochem
1.0,edge_000155,ontology,BELONGS_TO_PANEL,test:glucose,panel:biochem
1.0,edge_000156,ontology,OF_TEST,finding_concept:biochem:glucose:high,test:glucose
1.0,edge_000157,ontology,HAS_STATUS,finding_concept:biochem:glucose:high,status:high
1.0,edge_000158,ontology,BELONGS_TO_PANEL,finding_concept:biochem:glucose:high,panel:biochem
1.0,edge_000159,ontology,OF_TEST,finding_concept:biochem:glucose:low,test:glucose
1.0,edge_000160,ontology,HAS_STATUS,finding_concept:biochem:glucose:low,status:low
1.0,edge_000161,ontology,BELONGS_TO_PANEL,finding_concept:biochem:glucose:low,panel:biochem
1.0,edge_000162,ontology,BELONGS_TO_PANEL,test:hba1c,panel:biochem
1.0,edge_000163,ontology,OF_TEST,finding_concept:biochem:hba1c:high,test:hba1c
1.0,edge_000164,ontology,HAS_STATUS,finding_concept:biochem:hba1c:high,status:high
1.0,edge_000165,ontology,BELONGS_TO_PANEL,finding_concept:biochem:hba1c:high,panel:biochem
1.0,edge_000166,ontology,OF_TEST,finding_concept:biochem:hba1c:low,test:hba1c
1.0,edge_000167,ontology,HAS_STATUS,finding_concept:biochem:hba1c:low,status:low
1.0,edge_000168,ontology,BELONGS_TO_PANEL,finding_concept:biochem:hba1c:low,panel:biochem
1.0,edge_000169,ontology,BELONGS_TO_PANEL,test:cholesterol,panel:biochem
1.0,edge_000170,ontology,OF_TEST,finding_concept:biochem:cholesterol:high,test:cholesterol
1.0,edge_000171,ontology,HAS_STATUS,finding_concept:biochem:cholesterol:high,status:high
1.0,edge_000172,ontology,BELONGS_TO_PANEL,finding_concept:biochem:cholesterol:high,panel:biochem
1.0,edge_000173,ontology,OF_TEST,finding_concept:biochem:cholesterol:low,test:cholesterol
1.0,edge_000174,ontology,HAS_STATUS,finding_concept:biochem:cholesterol:low,status:low
1.0,edge_000175,ontology,BELONGS_TO_PANEL,finding_concept:biochem:cholesterol:low,panel:biochem
1.0,edge_000176,ontology,BELONGS_TO_PANEL,test:triglyceride,panel:biochem
1.0,edge_000177,ontology,OF_TEST,finding_concept:biochem:triglyceride:high,test:triglyceride
1.0,edge_000178,ontology,HAS_STATUS,finding_concept:biochem:triglyceride:high,status:high
1.0,edge_000179,ontology,BELONGS_TO_PANEL,finding_concept:biochem:triglyceride:high,panel:biochem
1.0,edge_000180,ontology,OF_TEST,finding_concept:biochem:triglyceride:low,test:triglyceride
1.0,edge_000181,ontology,HAS_STATUS,finding_concept:biochem:triglyceride:low,status:low
1.0,edge_000182,ontology,BELONGS_TO_PANEL,finding_concept:biochem:triglyceride:low,panel:biochem
1.0,edge_000183,ontology,BELONGS_TO_PANEL,test:hdl_c,panel:biochem
1.0,edge_000184,ontology,OF_TEST,finding_concept:biochem:hdl_c:high,test:hdl_c
1.0,edge_000185,ontology,HAS_STATUS,finding_concept:biochem:hdl_c:high,status:high
1.0,edge_000186,ontology,BELONGS_TO_PANEL,finding_concept:biochem:hdl_c:high,panel:biochem
1.0,edge_000187,ontology,OF_TEST,finding_concept:biochem:hdl_c:low,test:hdl_c
1.0,edge_000188,ontology,HAS_STATUS,finding_concept:biochem:hdl_c:low,status:low
1.0,edge_000189,ontology,BELONGS_TO_PANEL,finding_concept:biochem:hdl_c:low,panel:biochem
1.0,edge_000190,ontology,BELONGS_TO_PANEL,test:ldl_c,panel:biochem
1.0,edge_000191,ontology,OF_TEST,finding_concept:biochem:ldl_c:high,test:ldl_c
1.0,edge_000192,ontology,HAS_STATUS,finding_concept:biochem:ldl_c:high,status:high
1.0,edge_000193,ontology,BELONGS_TO_PANEL,finding_concept:biochem:ldl_c:high,panel:biochem
1.0,edge_000194,ontology,OF_TEST,finding_concept:biochem:ldl_c:low,test:ldl_c
1.0,edge_000195,ontology,HAS_STATUS,finding_concept:biochem:ldl_c:low,status:low
1.0,edge_000196,ontology,BELONGS_TO_PANEL,finding_concept:biochem:ldl_c:low,panel:biochem
1.0,edge_000197,ontology,BELONGS_TO_PANEL,test:ck_mb,panel:biochem
1.0,edge_000198,ontology,OF_TEST,finding_concept:biochem:ck_mb:high,test:ck_mb
1.0,edge_000199,ontology,HAS_STATUS,finding_concept:biochem:ck_mb:high,status:high
1.0,edge_000200,ontology,BELONGS_TO_PANEL,finding_concept:biochem:ck_mb:high,panel:biochem
1.0,edge_000201,ontology,OF_TEST,finding_concept:biochem:ck_mb:low,test:ck_mb
1.0,edge_000202,ontology,HAS_STATUS,finding_concept:biochem:ck_mb:low,status:low
1.0,edge_000203,ontology,BELONGS_TO_PANEL,finding_concept:biochem:ck_mb:low,panel:biochem
1.0,edge_000204,ontology,BELONGS_TO_PANEL,test:troponin_t,panel:biochem
1.0,edge_000205,ontology,OF_TEST,finding_concept:biochem:troponin_t:high,test:troponin_t
1.0,edge_000206,ontology,HAS_STATUS,finding_concept:biochem:troponin_t:high,status:high
1.0,edge_000207,ontology,BELONGS_TO_PANEL,finding_concept:biochem:troponin_t:high,panel:biochem
1.0,edge_000208,ontology,OF_TEST,finding_concept:biochem:troponin_t:low,test:troponin_t
1.0,edge_000209,ontology,HAS_STATUS,finding_concept:biochem:troponin_t:low,status:low
1.0,edge_000210,ontology,BELONGS_TO_PANEL,finding_concept:biochem:troponin_t:low,panel:biochem
1.0,edge_000211,ontology,BELONGS_TO_PANEL,test:pro_bnp,panel:biochem
1.0,edge_000212,ontology,OF_TEST,finding_concept:biochem:pro_bnp:high,test:pro_bnp
1.0,edge_000213,ontology,HAS_STATUS,finding_concept:biochem:pro_bnp:high,status:high
1.0,edge_000214,ontology,BELONGS_TO_PANEL,finding_concept:biochem:pro_bnp:high,panel:biochem
1.0,edge_000215,ontology,OF_TEST,finding_concept:biochem:pro_bnp:low,test:pro_bnp
1.0,edge_000216,ontology,HAS_STATUS,finding_concept:biochem:pro_bnp:low,status:low
1.0,edge_000217,ontology,BELONGS_TO_PANEL,finding_concept:biochem:pro_bnp:low,panel:biochem
1.0,edge_000218,ontology,BELONGS_TO_PANEL,test:ferritin,panel:biochem
1.0,edge_000219,ontology,OF_TEST,finding_concept:biochem:ferritin:high,test:ferritin
1.0,edge_000220,ontology,HAS_STATUS,finding_concept:biochem:ferritin:high,status:high
1.0,edge_000221,ontology,BELONGS_TO_PANEL,finding_concept:biochem:ferritin:high,panel:biochem
1.0,edge_000222,ontology,OF_TEST,finding_concept:biochem:ferritin:low,test:ferritin
1.0,edge_000223,ontology,HAS_STATUS,finding_concept:biochem:ferritin:low,status:low
1.0,edge_000224,ontology,BELONGS_TO_PANEL,finding_concept:biochem:ferritin:low,panel:biochem
1.0,edge_000225,ontology,BELONGS_TO_PANEL,test:albumin,panel:biochem
1.0,edge_000226,ontology,OF_TEST,finding_concept:biochem:albumin:high,test:albumin
1.0,edge_000227,ontology,HAS_STATUS,finding_concept:biochem:albumin:high,status:high
1.0,edge_000228,ontology,BELONGS_TO_PANEL,finding_concept:biochem:albumin:high,panel:biochem
1.0,edge_000229,ontology,OF_TEST,finding_concept:biochem:albumin:low,test:albumin
1.0,edge_000230,ontology,HAS_STATUS,finding_concept:biochem:albumin:low,status:low
1.0,edge_000231,ontology,BELONGS_TO_PANEL,finding_concept:biochem:albumin:low,panel:biochem
1.0,edge_000232,ontology,BELONGS_TO_PANEL,test:calcium_ion,panel:biochem
1.0,edge_000233,ontology,OF_TEST,finding_concept:biochem:calcium_ion:high,test:calcium_ion
1.0,edge_000234,ontology,HAS_STATUS,finding_concept:biochem:calcium_ion:high,status:high
1.0,edge_000235,ontology,BELONGS_TO_PANEL,finding_concept:biochem:calcium_ion:high,panel:biochem
1.0,edge_000236,ontology,OF_TEST,finding_concept:biochem:calcium_ion:low,test:calcium_ion
1.0,edge_000237,ontology,HAS_STATUS,finding_concept:biochem:calcium_ion:low,status:low
1.0,edge_000238,ontology,BELONGS_TO_PANEL,finding_concept:biochem:calcium_ion:low,panel:biochem
1.0,edge_000239,ontology,BELONGS_TO_PANEL,test:pth,panel:biochem
1.0,edge_000240,ontology,OF_TEST,finding_concept:biochem:pth:high,test:pth
1.0,edge_000241,ontology,HAS_STATUS,finding_concept:biochem:pth:high,status:high
1.0,edge_000242,ontology,BELONGS_TO_PANEL,finding_concept:biochem:pth:high,panel:biochem
1.0,edge_000243,ontology,OF_TEST,finding_concept:biochem:pth:low,test:pth
1.0,edge_000244,ontology,HAS_STATUS,finding_concept:biochem:pth:low,status:low
1.0,edge_000245,ontology,BELONGS_TO_PANEL,finding_concept:biochem:pth:low,panel:biochem
1.0,edge_000246,ontology,BELONGS_TO_PANEL,test:uric_acid,panel:biochem
1.0,edge_000247,ontology,OF_TEST,finding_concept:biochem:uric_acid:high,test:uric_acid
1.0,edge_000248,ontology,HAS_STATUS,finding_concept:biochem:uric_acid:high,status:high
1.0,edge_000249,ontology,BELONGS_TO_PANEL,finding_concept:biochem:uric_acid:high,panel:biochem
1.0,edge_000250,ontology,OF_TEST,finding_concept:biochem:uric_acid:low,test:uric_acid
1.0,edge_000251,ontology,HAS_STATUS,finding_concept:biochem:uric_acid:low,status:low
1.0,edge_000252,ontology,BELONGS_TO_PANEL,finding_concept:biochem:uric_acid:low,panel:biochem
1.0,edge_000253,panel_rule,REQUIRED_FOR_PATTERN,finding_concept:cbc:hgb:low,pattern:microcytic_anemia_pattern
1.0,edge_000254,panel_rule,REQUIRED_FOR_PATTERN,finding_concept:cbc:mcv:low,pattern:microcytic_anemia_pattern
0.6,edge_000255,panel_rule,OPTIONAL_FOR_PATTERN,finding_concept:cbc:rdw:high,pattern:microcytic_anemia_pattern
0.6,edge_000256,panel_rule,OPTIONAL_FOR_PATTERN,finding_concept:cbc:mch:low,pattern:microcytic_anemia_pattern
0.6,edge_000257,panel_rule,OPTIONAL_FOR_PATTERN,finding_concept:cbc:mchc:low,pattern:microcytic_anemia_pattern
0.85,edge_000258,microcytic_anemia_pattern,CO_OCCURS_WITH,finding_concept:cbc:hgb:low,finding_concept:cbc:mcv:low
0.85,edge_000259,microcytic_anemia_pattern,CO_OCCURS_WITH,finding_concept:cbc:mcv:low,finding_concept:cbc:hgb:low
0.85,edge_000260,panel_rule,SUGGESTS_CONDITION,pattern:microcytic_anemia_pattern,condition:microcytic_anemia
0.85,edge_000261,panel_rule,SUGGESTS_CONDITION,pattern:microcytic_anemia_pattern,condition:iron_deficiency_anemia
1.0,edge_000262,panel_rule,REQUIRED_FOR_PATTERN,finding_concept:cbc:hgb:low,pattern:macrocytic_anemia_pattern
1.0,edge_000263,panel_rule,REQUIRED_FOR_PATTERN,finding_concept:cbc:mcv:high,pattern:macrocytic_anemia_pattern
0.85,edge_000264,macrocytic_anemia_pattern,CO_OCCURS_WITH,finding_concept:cbc:hgb:low,finding_concept:cbc:mcv:high
0.85,edge_000265,macrocytic_anemia_pattern,CO_OCCURS_WITH,finding_concept:cbc:mcv:high,finding_concept:cbc:hgb:low
0.85,edge_000266,panel_rule,SUGGESTS_CONDITION,pattern:macrocytic_anemia_pattern,condition:macrocytic_anemia
0.85,edge_000267,panel_rule,SUGGESTS_CONDITION,pattern:macrocytic_anemia_pattern,condition:b12_or_folate_related_anemia
1.0,edge_000268,panel_rule,REQUIRED_FOR_PATTERN,finding_concept:cbc:wbc:high,pattern:bacterial_infection_pattern
1.0,edge_000269,panel_rule,REQUIRED_FOR_PATTERN,finding_concept:cbc:neut:high,pattern:bacterial_infection_pattern
0.6,edge_000270,panel_rule,OPTIONAL_FOR_PATTERN,finding_concept:cbc:ig:high,pattern:bacterial_infection_pattern
0.85,edge_000271,bacterial_infection_pattern,CO_OCCURS_WITH,finding_concept:cbc:wbc:high,finding_concept:cbc:neut:high
0.85,edge_000272,bacterial_infection_pattern,CO_OCCURS_WITH,finding_concept:cbc:neut:high,finding_concept:cbc:wbc:high
0.85,edge_000273,panel_rule,SUGGESTS_CONDITION,pattern:bacterial_infection_pattern,condition:bacterial_infection
0.85,edge_000274,panel_rule,SUGGESTS_CONDITION,pattern:bacterial_infection_pattern,condition:infection
0.85,edge_000275,panel_rule,SUGGESTS_CONDITION,pattern:bacterial_infection_pattern,condition:left_shift_stress_response
1.0,edge_000276,panel_rule,REQUIRED_FOR_PATTERN,finding_concept:cbc:lymph:high,pattern:viral_infection_pattern
0.6,edge_000277,panel_rule,OPTIONAL_FOR_PATTERN,finding_concept:cbc:wbc:low,pattern:viral_infection_pattern
0.85,edge_000278,panel_rule,SUGGESTS_CONDITION,pattern:viral_infection_pattern,condition:viral_infection
0.85,edge_000279,panel_rule,SUGGESTS_CONDITION,pattern:viral_infection_pattern,condition:lymphocytosis
1.0,edge_000280,panel_rule,REQUIRED_FOR_PATTERN,finding_concept:cbc:plt:low,pattern:thrombocytopenia_pattern
0.85,edge_000281,panel_rule,SUGGESTS_CONDITION,pattern:thrombocytopenia_pattern,condition:thrombocytopenia
0.85,edge_000282,panel_rule,SUGGESTS_CONDITION,pattern:thrombocytopenia_pattern,condition:bleeding_risk
1.0,edge_000283,panel_rule,REQUIRED_FOR_PATTERN,finding_concept:cbc:hgb:high,pattern:polycythemia_pattern
1.0,edge_000284,panel_rule,REQUIRED_FOR_PATTERN,finding_concept:cbc:hct:high,pattern:polycythemia_pattern
0.6,edge_000285,panel_rule,OPTIONAL_FOR_PATTERN,finding_concept:cbc:rbc:high,pattern:polycythemia_pattern
0.85,edge_000286,polycythemia_pattern,CO_OCCURS_WITH,finding_concept:cbc:hgb:high,finding_concept:cbc:hct:high
0.85,edge_000287,polycythemia_pattern,CO_OCCURS_WITH,finding_concept:cbc:hct:high,finding_concept:cbc:hgb:high
0.85,edge_000288,panel_rule,SUGGESTS_CONDITION,pattern:polycythemia_pattern,condition:polycythemia
0.85,edge_000289,panel_rule,SUGGESTS_CONDITION,pattern:polycythemia_pattern,condition:erythrocytosis
1.0,edge_000290,panel_rule,REQUIRED_FOR_PATTERN,finding_concept:biochem:alt:high,pattern:hepatocellular_injury_pattern
1.0,edge_000291,panel_rule,REQUIRED_FOR_PATTERN,finding_concept:biochem:ast:high,pattern:hepatocellular_injury_pattern
0.85,edge_000292,hepatocellular_injury_pattern,CO_OCCURS_WITH,finding_concept:biochem:alt:high,finding_concept:biochem:ast:high
0.85,edge_000293,hepatocellular_injury_pattern,CO_OCCURS_WITH,finding_concept:biochem:ast:high,finding_concept:biochem:alt:high
0.85,edge_000294,panel_rule,SUGGESTS_CONDITION,pattern:hepatocellular_injury_pattern,condition:hepatocellular_injury
0.85,edge_000295,panel_rule,SUGGESTS_CONDITION,pattern:hepatocellular_injury_pattern,condition:liver_injury
1.0,edge_000296,panel_rule,REQUIRED_FOR_PATTERN,finding_concept:biochem:creatinine:high,pattern:renal_impairment_pattern
0.6,edge_000297,panel_rule,OPTIONAL_FOR_PATTERN,finding_concept:biochem:urea:high,pattern:renal_impairment_pattern
0.6,edge_000298,panel_rule,OPTIONAL_FOR_PATTERN,finding_concept:biochem:k:high,pattern:renal_impairment_pattern
0.85,edge_000299,panel_rule,SUGGESTS_CONDITION,pattern:renal_impairment_pattern,condition:renal_impairment
0.85,edge_000300,panel_rule,SUGGESTS_CONDITION,pattern:renal_impairment_pattern,condition:reduced_kidney_function
1.0,edge_000301,panel_rule,REQUIRED_FOR_PATTERN,finding_concept:biochem:na:low,pattern:electrolyte_disorder_pattern
0.6,edge_000302,panel_rule,OPTIONAL_FOR_PATTERN,finding_concept:biochem:k:high,pattern:electrolyte_disorder_pattern
0.6,edge_000303,panel_rule,OPTIONAL_FOR_PATTERN,finding_concept:biochem:k:low,pattern:electrolyte_disorder_pattern
0.6,edge_000304,panel_rule,OPTIONAL_FOR_PATTERN,finding_concept:biochem:cl:low,pattern:electrolyte_disorder_pattern
0.6,edge_000305,panel_rule,OPTIONAL_FOR_PATTERN,finding_concept:biochem:cl:high,pattern:electrolyte_disorder_pattern
0.85,edge_000306,panel_rule,SUGGESTS_CONDITION,pattern:electrolyte_disorder_pattern,condition:electrolyte_disorder
1.0,edge_000307,panel_rule,REQUIRED_FOR_PATTERN,finding_concept:biochem:glucose:high,pattern:diabetes_glycemic_pattern
0.6,edge_000308,panel_rule,OPTIONAL_FOR_PATTERN,finding_concept:biochem:hba1c:high,pattern:diabetes_glycemic_pattern
0.85,edge_000309,panel_rule,SUGGESTS_CONDITION,pattern:diabetes_glycemic_pattern,condition:hyperglycemia
0.85,edge_000310,panel_rule,SUGGESTS_CONDITION,pattern:diabetes_glycemic_pattern,condition:diabetes_risk
0.85,edge_000311,panel_rule,SUGGESTS_CONDITION,pattern:diabetes_glycemic_pattern,condition:poor_glycemic_control
1.0,edge_000312,panel_rule,REQUIRED_FOR_PATTERN,finding_concept:biochem:ldl_c:high,pattern:dyslipidemia_pattern
0.6,edge_000313,panel_rule,OPTIONAL_FOR_PATTERN,finding_concept:biochem:triglyceride:high,pattern:dyslipidemia_pattern
0.6,edge_000314,panel_rule,OPTIONAL_FOR_PATTERN,finding_concept:biochem:hdl_c:low,pattern:dyslipidemia_pattern
0.6,edge_000315,panel_rule,OPTIONAL_FOR_PATTERN,finding_concept:biochem:cholesterol:high,pattern:dyslipidemia_pattern
0.85,edge_000316,panel_rule,SUGGESTS_CONDITION,pattern:dyslipidemia_pattern,condition:dyslipidemia
0.85,edge_000317,panel_rule,SUGGESTS_CONDITION,pattern:dyslipidemia_pattern,condition:cardiovascular_risk
1.0,edge_000318,panel_rule,REQUIRED_FOR_PATTERN,finding_concept:biochem:troponin_t:high,pattern:cardiac_biomarker_pattern
0.6,edge_000319,panel_rule,OPTIONAL_FOR_PATTERN,finding_concept:biochem:ck_mb:high,pattern:cardiac_biomarker_pattern
0.6,edge_000320,panel_rule,OPTIONAL_FOR_PATTERN,finding_concept:biochem:pro_bnp:high,pattern:cardiac_biomarker_pattern
0.85,edge_000321,panel_rule,SUGGESTS_CONDITION,pattern:cardiac_biomarker_pattern,condition:myocardial_injury
0.85,edge_000322,panel_rule,SUGGESTS_CONDITION,pattern:cardiac_biomarker_pattern,condition:cardiac_stress
1.0,edge_000323,panel_rule,REQUIRED_FOR_PATTERN,finding_concept:biochem:ferritin:high,pattern:iron_store_pattern
0.85,edge_000324,panel_rule,SUGGESTS_CONDITION,pattern:iron_store_pattern,condition:iron_store_abnormality
0.85,edge_000325,panel_rule,SUGGESTS_CONDITION,pattern:iron_store_pattern,condition:inflammatory_iron_pattern
1.0,edge_000326,panel_rule,REQUIRED_FOR_PATTERN,finding_concept:biochem:albumin:low,pattern:hypoalbuminemia_pattern
0.85,edge_000327,panel_rule,SUGGESTS_CONDITION,pattern:hypoalbuminemia_pattern,condition:hypoalbuminemia
0.85,edge_000328,panel_rule,SUGGESTS_CONDITION,pattern:hypoalbuminemia_pattern,condition:protein_loss_or_inflammation
1.0,edge_000329,cross_panel_rule,REQUIRED_FOR_PATTERN,finding_concept:cbc:hgb:low,pattern:renal_anemia_pattern
1.0,edge_000330,cross_panel_rule,REQUIRED_FOR_PATTERN,finding_concept:biochem:creatinine:high,pattern:renal_anemia_pattern
0.6,edge_000331,cross_panel_rule,OPTIONAL_FOR_PATTERN,finding_concept:biochem:urea:high,pattern:renal_anemia_pattern
0.6,edge_000332,cross_panel_rule,OPTIONAL_FOR_PATTERN,finding_concept:cbc:hct:low,pattern:renal_anemia_pattern
0.85,edge_000333,renal_anemia_pattern,CO_OCCURS_WITH,finding_concept:cbc:hgb:low,finding_concept:biochem:creatinine:high
0.85,edge_000334,renal_anemia_pattern,CO_OCCURS_WITH,finding_concept:biochem:creatinine:high,finding_concept:cbc:hgb:low
0.85,edge_000335,cross_panel_rule,SUGGESTS_CONDITION,pattern:renal_anemia_pattern,condition:renal_related_anemia
0.85,edge_000336,cross_panel_rule,SUGGESTS_CONDITION,pattern:renal_anemia_pattern,condition:reduced_kidney_function
1.0,edge_000337,cross_panel_rule,REQUIRED_FOR_PATTERN,finding_concept:cbc:hgb:low,pattern:anemia_inflammation_pattern
1.0,edge_000338,cross_panel_rule,REQUIRED_FOR_PATTERN,finding_concept:biochem:ferritin:high,pattern:anemia_inflammation_pattern
0.6,edge_000339,cross_panel_rule,OPTIONAL_FOR_PATTERN,finding_concept:cbc:mcv:low,pattern:anemia_inflammation_pattern
0.6,edge_000340,cross_panel_rule,OPTIONAL_FOR_PATTERN,finding_concept:biochem:albumin:low,pattern:anemia_inflammation_pattern
0.85,edge_000341,anemia_inflammation_pattern,CO_OCCURS_WITH,finding_concept:cbc:hgb:low,finding_concept:biochem:ferritin:high
0.85,edge_000342,anemia_inflammation_pattern,CO_OCCURS_WITH,finding_concept:biochem:ferritin:high,finding_concept:cbc:hgb:low
0.85,edge_000343,cross_panel_rule,SUGGESTS_CONDITION,pattern:anemia_inflammation_pattern,condition:anemia_of_inflammation
0.85,edge_000344,cross_panel_rule,SUGGESTS_CONDITION,pattern:anemia_inflammation_pattern,condition:iron_metabolism_abnormality
1.0,edge_000345,cross_panel_rule,REQUIRED_FOR_PATTERN,finding_concept:cbc:wbc:high,pattern:infection_stress_pattern
1.0,edge_000346,cross_panel_rule,REQUIRED_FOR_PATTERN,finding_concept:cbc:neut:high,pattern:infection_stress_pattern
0.6,edge_000347,cross_panel_rule,OPTIONAL_FOR_PATTERN,finding_concept:biochem:glucose:high,pattern:infection_stress_pattern
0.6,edge_000348,cross_panel_rule,OPTIONAL_FOR_PATTERN,finding_concept:biochem:albumin:low,pattern:infection_stress_pattern
0.85,edge_000349,cross_panel_rule,SUGGESTS_CONDITION,pattern:infection_stress_pattern,condition:infection_or_inflammatory_stress
1.0,edge_000350,cross_panel_rule,REQUIRED_FOR_PATTERN,finding_concept:biochem:glucose:high,pattern:metabolic_cardiovascular_risk_pattern
1.0,edge_000351,cross_panel_rule,REQUIRED_FOR_PATTERN,finding_concept:biochem:triglyceride:high,pattern:metabolic_cardiovascular_risk_pattern
0.6,edge_000352,cross_panel_rule,OPTIONAL_FOR_PATTERN,finding_concept:biochem:hdl_c:low,pattern:metabolic_cardiovascular_risk_pattern
0.6,edge_000353,cross_panel_rule,OPTIONAL_FOR_PATTERN,finding_concept:biochem:ldl_c:high,pattern:metabolic_cardiovascular_risk_pattern
0.6,edge_000354,cross_panel_rule,OPTIONAL_FOR_PATTERN,finding_concept:biochem:cholesterol:high,pattern:metabolic_cardiovascular_risk_pattern
0.85,edge_000355,metabolic_cardiovascular_risk_pattern,CO_OCCURS_WITH,finding_concept:biochem:glucose:high,finding_concept:biochem:triglyceride:high
0.85,edge_000356,metabolic_cardiovascular_risk_pattern,CO_OCCURS_WITH,finding_concept:biochem:triglyceride:high,finding_concept:biochem:glucose:high
0.85,edge_000357,cross_panel_rule,SUGGESTS_CONDITION,pattern:metabolic_cardiovascular_risk_pattern,condition:metabolic_syndrome_risk
0.85,edge_000358,cross_panel_rule,SUGGESTS_CONDITION,pattern:metabolic_cardiovascular_risk_pattern,condition:cardiovascular_risk
1.0,edge_000359,book_chunk,FROM_SOURCE,ev_cbc_003938_90c5468e41,source:harrison_pdf
1.0,edge_000360,book_chunk,BELONGS_TO_PANEL,ev_cbc_003938_90c5468e41,panel:cbc
0.9,edge_000361,book_chunk,MENTIONS_TEST,ev_cbc_003938_90c5468e41,test:eos
0.55,edge_000362,book_chunk,SUPPORTED_BY_EVIDENCE,finding_concept:cbc:eos:high,ev_cbc_003938_90c5468e41
0.55,edge_000363,book_chunk,SUPPORTED_BY_EVIDENCE,finding_concept:cbc:eos:low,ev_cbc_003938_90c5468e41
0.9,edge_000364,book_chunk,MENTIONS_TEST,ev_cbc_003938_90c5468e41,test:hct
0.55,edge_000365,book_chunk,SUPPORTED_BY_EVIDENCE,finding_concept:cbc:hct:high,ev_cbc_003938_90c5468e41
0.55,edge_000366,book_chunk,SUPPORTED_BY_EVIDENCE,finding_concept:cbc:hct:low,ev_cbc_003938_90c5468e41
0.9,edge_000367,book_chunk,MENTIONS_TEST,ev_cbc_003938_90c5468e41,test:neut
0.55,edge_000368,book_chunk,SUPPORTED_BY_EVIDENCE,finding_concept:cbc:neut:high,ev_cbc_003938_90c5468e41
0.55,edge_000369,book_chunk,SUPPORTED_BY_EVIDENCE,finding_concept:cbc:neut:low,ev_cbc_003938_90c5468e41
0.9,edge_000370,book_chunk,MENTIONS_TEST,ev_cbc_003938_90c5468e41,test:plt
0.55,edge_000371,book_chunk,SUPPORTED_BY_EVIDENCE,finding_concept:cbc:plt:high,ev_cbc_003938_90c5468e41
0.55,edge_000372,book_chunk,SUPPORTED_BY_EVIDENCE,finding_concept:cbc:plt:low,ev_cbc_003938_90c5468e41
0.75,edge_000373,book_chunk,SUPPORTS_CONDITION,ev_cbc_003938_90c5468e41,condition:eosinophilia
0.75,edge_000374,book_chunk,SUPPORTS_CONDITION,ev_cbc_003938_90c5468e41,condition:polycythemia
0.75,edge_000375,book_chunk,SUPPORTS_CONDITION,ev_cbc_003938_90c5468e41,condition:renal_impairment
0.75,edge_000376,book_chunk,SUPPORTS_CONDITION,ev_cbc_003938_90c5468e41,condition:thrombocytosis
1.0,edge_000377,book_chunk,FROM_SOURCE,ev_cbc_008672_8730a1a5ec,source:harrison_pdf
1.0,edge_000378,book_chunk,BELONGS_TO_PANEL,ev_cbc_008672_8730a1a5ec,panel:cbc
0.9,edge_000379,book_chunk,MENTIONS_TEST,ev_cbc_008672_8730a1a5ec,test:hct
0.55,edge_000380,book_chunk,SUPPORTED_BY_EVIDENCE,finding_concept:cbc:hct:high,ev_cbc_008672_8730a1a5ec
0.55,edge_000381,book_chunk,SUPPORTED_BY_EVIDENCE,finding_concept:cbc:hct:low,ev_cbc_008672_8730a1a5ec
0.9,edge_000382,book_chunk,MENTIONS_TEST,ev_cbc_008672_8730a1a5ec,test:ig
0.55,edge_000383,book_chunk,SUPPORTED_BY_EVIDENCE,finding_concept:cbc:ig:high,ev_cbc_008672_8730a1a5ec
0.55,edge_000384,book_chunk,SUPPORTED_BY_EVIDENCE,finding_concept:cbc:ig:low,ev_cbc_008672_8730a1a5ec
0.9,edge_000385,book_chunk,MENTIONS_TEST,ev_cbc_008672_8730a1a5ec,test:neut
0.55,edge_000386,book_chunk,SUPPORTED_BY_EVIDENCE,finding_concept:cbc:neut:high,ev_cbc_008672_8730a1a5ec
0.55,edge_000387,book_chunk,SUPPORTED_BY_EVIDENCE,finding_concept:cbc:neut:low,ev_cbc_008672_8730a1a5ec
0.9,edge_000388,book_chunk,MENTIONS_TEST,ev_cbc_008672_8730a1a5ec,test:plt
0.55,edge_000389,book_chunk,SUPPORTED_BY_EVIDENCE,finding_concept:cbc:plt:high,ev_cbc_008672_8730a1a5ec
0.55,edge_000390,book_chunk,SUPPORTED_BY_EVIDENCE,finding_concept:cbc:plt:low,ev_cbc_008672_8730a1a5ec
0.9,edge_000391,book_chunk,MENTIONS_TEST,ev_cbc_008672_8730a1a5ec,test:wbc
0.55,edge_000392,book_chunk,SUPPORTED_BY_EVIDENCE,finding_concept:cbc:wbc:high,ev_cbc_008672_8730a1a5ec
0.55,edge_000393,book_chunk,SUPPORTED_BY_EVIDENCE,finding_concept:cbc:wbc:low,ev_cbc_008672_8730a1a5ec
0.75,edge_000394,book_chunk,SUPPORTS_CONDITION,ev_cbc_008672_8730a1a5ec,condition:infection
0.75,edge_000395,book_chunk,SUPPORTS_CONDITION,ev_cbc_008672_8730a1a5ec,condition:left_shift_stress_response
0.75,edge_000396,book_chunk,SUPPORTS_CONDITION,ev_cbc_008672_8730a1a5ec,condition:leukocytosis
0.75,edge_000397,book_chunk,SUPPORTS_CONDITION,ev_cbc_008672_8730a1a5ec,condition:renal_impairment
0.75,edge_000398,book_chunk,SUPPORTS_CONDITION,ev_cbc_008672_8730a1a5ec,condition:thrombocytopenia
0.95,edge_000399,book_chunk,FROM_SOURCE,ev_cbc_000249_e1421e008f,source:clinical_hematology_pdf
1.0,edge_000400,book_chunk,BELONGS_TO_PANEL,ev_cbc_000249_e1421e008f,panel:cbc
0.9,edge_000401,book_chunk,MENTIONS_TEST,ev_cbc_000249_e1421e008f,test:hct
0.55,edge_000402,book_chunk,SUPPORTED_BY_EVIDENCE,finding_concept:cbc:hct:high,ev_cbc_000249_e1421e008f
0.55,edge_000403,book_chunk,SUPPORTED_BY_EVIDENCE,finding_concept:cbc:hct:low,ev_cbc_000249_e1421e008f
0.9,edge_000404,book_chunk,MENTIONS_TEST,ev_cbc_000249_e1421e008f,test:plt
0.55,edge_000405,book_chunk,SUPPORTED_BY_EVIDENCE,finding_concept:cbc:plt:high,ev_cbc_000249_e1421e008f
0.55,edge_000406,book_chunk,SUPPORTED_BY_EVIDENCE,finding_concept:cbc:plt:low,ev_cbc_000249_e1421e008f
0.9,edge_000407,book_chunk,MENTIONS_TEST,ev_cbc_000249_e1421e008f,test:rbc
0.55,edge_000408,book_chunk,SUPPORTED_BY_EVIDENCE,finding_concept:cbc:rbc:high,ev_cbc_000249_e1421e008f
0.55,edge_000409,book_chunk,SUPPORTED_BY_EVIDENCE,finding_concept:cbc:rbc:low,ev_cbc_000249_e1421e008f
0.9,edge_000410,book_chunk,MENTIONS_TEST,ev_cbc_000249_e1421e008f,test:wbc
0.55,edge_000411,book_chunk,SUPPORTED_BY_EVIDENCE,finding_concept:cbc:wbc:high,ev_cbc_000249_e1421e008f
0.55,edge_000412,book_chunk,SUPPORTED_BY_EVIDENCE,finding_concept:cbc:wbc:low,ev_cbc_000249_e1421e008f
0.75,edge_000413,book_chunk,SUPPORTS_CONDITION,ev_cbc_000249_e1421e008f,condition:bleeding_risk
0.75,edge_000414,book_chunk,SUPPORTS_CONDITION,ev_cbc_000249_e1421e008f,condition:hyperuricemia
0.75,edge_000415,book_chunk,SUPPORTS_CONDITION,ev_cbc_000249_e1421e008f,condition:leukocytosis
0.75,edge_000416,book_chunk,SUPPORTS_CONDITION,ev_cbc_000249_e1421e008f,condition:polycythemia
0.75,edge_000417,book_chunk,SUPPORTS_CONDITION,ev_cbc_000249_e1421e008f,condition:renal_impairment
0.75,edge_000418,book_chunk,SUPPORTS_CONDITION,ev_cbc_000249_e1421e008f,condition:thrombocytosis
0.95,edge_000419,book_chunk,FROM_SOURCE,ev_cbc_000431_1967e97266,source:clinical_hematology_pdf
1.0,edge_000420,book_chunk,BELONGS_TO_PANEL,ev_cbc_000431_1967e97266,panel:cbc
0.9,edge_000421,book_chunk,MENTIONS_TEST,ev_cbc_000431_1967e97266,test:hct
0.55,edge_000422,book_chunk,SUPPORTED_BY_EVIDENCE,finding_concept:cbc:hct:high,ev_cbc_000431_1967e97266
0.55,edge_000423,book_chunk,SUPPORTED_BY_EVIDENCE,finding_concept:cbc:hct:low,ev_cbc_000431_1967e97266
0.9,edge_000424,book_chunk,MENTIONS_TEST,ev_cbc_000431_1967e97266,test:hgb
0.55,edge_000425,book_chunk,SUPPORTED_BY_EVIDENCE,finding_concept:cbc:hgb:high,ev_cbc_000431_1967e97266
0.55,edge_000426,book_chunk,SUPPORTED_BY_EVIDENCE,finding_concept:cbc:hgb:low,ev_cbc_000431_1967e97266
0.9,edge_000427,book_chunk,MENTIONS_TEST,ev_cbc_000431_1967e97266,test:plt
0.55,edge_000428,book_chunk,SUPPORTED_BY_EVIDENCE,finding_concept:cbc:plt:high,ev_cbc_000431_1967e97266
0.55,edge_000429,book_chunk,SUPPORTED_BY_EVIDENCE,finding_concept:cbc:plt:low,ev_cbc_000431_1967e97266
0.9,edge_000430,book_chunk,MENTIONS_TEST,ev_cbc_000431_1967e97266,test:rbc
0.55,edge_000431,book_chunk,SUPPORTED_BY_EVIDENCE,finding_concept:cbc:rbc:high,ev_cbc_000431_1967e97266
0.55,edge_000432,book_chunk,SUPPORTED_BY_EVIDENCE,finding_concept:cbc:rbc:low,ev_cbc_000431_1967e97266
0.9,edge_000433,book_chunk,MENTIONS_TEST,ev_cbc_000431_1967e97266,test:wbc
0.55,edge_000434,book_chunk,SUPPORTED_BY_EVIDENCE,finding_concept:cbc:wbc:high,ev_cbc_000431_1967e97266
0.55,edge_000435,book_chunk,SUPPORTED_BY_EVIDENCE,finding_concept:cbc:wbc:low,ev_cbc_000431_1967e97266
0.75,edge_000436,book_chunk,SUPPORTS_CONDITION,ev_cbc_000431_1967e97266,condition:anemia
0.75,edge_000437,book_chunk,SUPPORTS_CONDITION,ev_cbc_000431_1967e97266,condition:infection
0.75,edge_000438,book_chunk,SUPPORTS_CONDITION,ev_cbc_000431_1967e97266,condition:leukocytosis
0.95,edge_000439,book_chunk,FROM_SOURCE,ev_cbc_000949_03dfe2426b,source:clinical_hematology_pdf
1.0,edge_000440,book_chunk,BELONGS_TO_PANEL,ev_cbc_000949_03dfe2426b,panel:cbc
0.9,edge_000441,book_chunk,MENTIONS_TEST,ev_cbc_000949_03dfe2426b,test:hct
0.55,edge_000442,book_chunk,SUPPORTED_BY_EVIDENCE,finding_concept:cbc:hct:high,ev_cbc_000949_03dfe2426b
0.55,edge_000443,book_chunk,SUPPORTED_BY_EVIDENCE,finding_concept:cbc:hct:low,ev_cbc_000949_03dfe2426b
0.9,edge_000444,book_chunk,MENTIONS_TEST,ev_cbc_000949_03dfe2426b,test:hgb
0.55,edge_000445,book_chunk,SUPPORTED_BY_EVIDENCE,finding_concept:cbc:hgb:high,ev_cbc_000949_03dfe2426b
0.55,edge_000446,book_chunk,SUPPORTED_BY_EVIDENCE,finding_concept:cbc:hgb:low,ev_cbc_000949_03dfe2426b
0.9,edge_000447,book_chunk,MENTIONS_TEST,ev_cbc_000949_03dfe2426b,test:mcv
0.55,edge_000448,book_chunk,SUPPORTED_BY_EVIDENCE,finding_concept:cbc:mcv:high,ev_cbc_000949_03dfe2426b
0.55,edge_000449,book_chunk,SUPPORTED_BY_EVIDENCE,finding_concept:cbc:mcv:low,ev_cbc_000949_03dfe2426b
0.9,edge_000450,book_chunk,MENTIONS_TEST,ev_cbc_000949_03dfe2426b,test:rbc
0.55,edge_000451,book_chunk,SUPPORTED_BY_EVIDENCE,finding_concept:cbc:rbc:high,ev_cbc_000949_03dfe2426b
0.55,edge_000452,book_chunk,SUPPORTED_BY_EVIDENCE,finding_concept:cbc:rbc:low,ev_cbc_000949_03dfe2426b
0.75,edge_000453,book_chunk,SUPPORTS_CONDITION,ev_cbc_000949_03dfe2426b,condition:anemia
0.75,edge_000454,book_chunk,SUPPORTS_CONDITION,ev_cbc_000949_03dfe2426b,condition:iron_deficiency_anemia
0.75,edge_000455,book_chunk,SUPPORTS_CONDITION,ev_cbc_000949_03dfe2426b,condition:iron_store_abnormality
1.0,edge_000456,book_chunk,FROM_SOURCE,ev_cbc_016609_02360b8787,source:harrison_pdf
1.0,edge_000457,book_chunk,BELONGS_TO_PANEL,ev_cbc_016609_02360b8787,panel:cbc
0.9,edge_000458,book_chunk,MENTIONS_TEST,ev_cbc_016609_02360b8787,test:hct
0.55,edge_000459,book_chunk,SUPPORTED_BY_EVIDENCE,finding_concept:cbc:hct:high,ev_cbc_016609_02360b8787
0.55,edge_000460,book_chunk,SUPPORTED_BY_EVIDENCE,finding_concept:cbc:hct:low,ev_cbc_016609_02360b8787
0.9,edge_000461,book_chunk,MENTIONS_TEST,ev_cbc_016609_02360b8787,test:plt
0.55,edge_000462,book_chunk,SUPPORTED_BY_EVIDENCE,finding_concept:cbc:plt:high,ev_cbc_016609_02360b8787
0.55,edge_000463,book_chunk,SUPPORTED_BY_EVIDENCE,finding_concept:cbc:plt:low,ev_cbc_016609_02360b8787
0.75,edge_000464,book_chunk,SUPPORTS_CONDITION,ev_cbc_016609_02360b8787,condition:bleeding_risk
0.75,edge_000465,book_chunk,SUPPORTS_CONDITION,ev_cbc_016609_02360b8787,condition:coagulation_disorder
0.75,edge_000466,book_chunk,SUPPORTS_CONDITION,ev_cbc_016609_02360b8787,condition:renal_impairment
0.95,edge_000467,book_chunk,FROM_SOURCE,ev_cbc_000331_31ebee8f5a,source:clinical_hematology_pdf
1.0,edge_000468,book_chunk,BELONGS_TO_PANEL,ev_cbc_000331_31ebee8f5a,panel:cbc
0.9,edge_000469,book_chunk,MENTIONS_TEST,ev_cbc_000331_31ebee8f5a,test:hgb
0.55,edge_000470,book_chunk,SUPPORTED_BY_EVIDENCE,finding_concept:cbc:hgb:high,ev_cbc_000331_31ebee8f5a
0.55,edge_000471,book_chunk,SUPPORTED_BY_EVIDENCE,finding_concept:cbc:hgb:low,ev_cbc_000331_31ebee8f5a
0.9,edge_000472,book_chunk,MENTIONS_TEST,ev_cbc_000331_31ebee8f5a,test:rbc
0.55,edge_000473,book_chunk,SUPPORTED_BY_EVIDENCE,finding_concept:cbc:rbc:high,ev_cbc_000331_31ebee8f5a
0.55,edge_000474,book_chunk,SUPPORTED_BY_EVIDENCE,finding_concept:cbc:rbc:low,ev_cbc_000331_31ebee8f5a
0.9,edge_000475,book_chunk,MENTIONS_TEST,ev_cbc_000331_31ebee8f5a,test:rdw
0.55,edge_000476,book_chunk,SUPPORTED_BY_EVIDENCE,finding_concept:cbc:rdw:high,ev_cbc_000331_31ebee8f5a
0.55,edge_000477,book_chunk,SUPPORTED_BY_EVIDENCE,finding_concept:cbc:rdw:low,ev_cbc_000331_31ebee8f5a
0.75,edge_000478,book_chunk,SUPPORTS_CONDITION,ev_cbc_000331_31ebee8f5a,condition:anemia
0.75,edge_000479,book_chunk,SUPPORTS_CONDITION,ev_cbc_000331_31ebee8f5a,condition:iron_deficiency_anemia
0.75,edge_000480,book_chunk,SUPPORTS_CONDITION,ev_cbc_000331_31ebee8f5a,condition:thalassemia
0.95,edge_000481,book_chunk,FROM_SOURCE,ev_cbc_000338_b711c41e7f,source:clinical_hematology_pdf
1.0,edge_000482,book_chunk,BELONGS_TO_PANEL,ev_cbc_000338_b711c41e7f,panel:cbc
0.9,edge_000483,book_chunk,MENTIONS_TEST,ev_cbc_000338_b711c41e7f,test:hgb
0.55,edge_000484,book_chunk,SUPPORTED_BY_EVIDENCE,finding_concept:cbc:hgb:high,ev_cbc_000338_b711c41e7f
0.55,edge_000485,book_chunk,SUPPORTED_BY_EVIDENCE,finding_concept:cbc:hgb:low,ev_cbc_000338_b711c41e7f
0.9,edge_000486,book_chunk,MENTIONS_TEST,ev_cbc_000338_b711c41e7f,test:plt
0.55,edge_000487,book_chunk,SUPPORTED_BY_EVIDENCE,finding_concept:cbc:plt:high,ev_cbc_000338_b711c41e7f
0.55,edge_000488,book_chunk,SUPPORTED_BY_EVIDENCE,finding_concept:cbc:plt:low,ev_cbc_000338_b711c41e7f
0.9,edge_000489,book_chunk,MENTIONS_TEST,ev_cbc_000338_b711c41e7f,test:rbc
0.55,edge_000490,book_chunk,SUPPORTED_BY_EVIDENCE,finding_concept:cbc:rbc:high,ev_cbc_000338_b711c41e7f
0.55,edge_000491,book_chunk,SUPPORTED_BY_EVIDENCE,finding_concept:cbc:rbc:low,ev_cbc_000338_b711c41e7f
0.75,edge_000492,book_chunk,SUPPORTS_CONDITION,ev_cbc_000338_b711c41e7f,condition:anemia
0.75,edge_000493,book_chunk,SUPPORTS_CONDITION,ev_cbc_000338_b711c41e7f,condition:hemolytic_anemia
0.75,edge_000494,book_chunk,SUPPORTS_CONDITION,ev_cbc_000338_b711c41e7f,condition:renal_impairment
0.75,edge_000495,book_chunk,SUPPORTS_CONDITION,ev_cbc_000338_b711c41e7f,condition:thrombocytopenia
1.0,edge_000496,book_chunk,FROM_SOURCE,ev_cbc_015384_48ea543961,source:harrison_pdf
1.0,edge_000497,book_chunk,BELONGS_TO_PANEL,ev_cbc_015384_48ea543961,panel:cbc
0.9,edge_000498,book_chunk,MENTIONS_TEST,ev_cbc_015384_48ea543961,test:hgb
0.55,edge_000499,book_chunk,SUPPORTED_BY_EVIDENCE,finding_concept:cbc:hgb:high,ev_cbc_015384_48ea543961
0.55,edge_000500,book_chunk,SUPPORTED_BY_EVIDENCE,finding_concept:cbc:hgb:low,ev_cbc_015384_48ea543961
0.9,edge_000501,book_chunk,MENTIONS_TEST,ev_cbc_015384_48ea543961,test:ig
0.55,edge_000502,book_chunk,SUPPORTED_BY_EVIDENCE,finding_concept:cbc:ig:high,ev_cbc_015384_48ea543961
0.55,edge_000503,book_chunk,SUPPORTED_BY_EVIDENCE,finding_concept:cbc:ig:low,ev_cbc_015384_48ea543961
0.9,edge_000504,book_chunk,MENTIONS_TEST,ev_cbc_015384_48ea543961,test:mch
0.55,edge_000505,book_chunk,SUPPORTED_BY_EVIDENCE,finding_concept:cbc:mch:high,ev_cbc_015384_48ea543961
0.55,edge_000506,book_chunk,SUPPORTED_BY_EVIDENCE,finding_concept:cbc:mch:low,ev_cbc_015384_48ea543961
0.9,edge_000507,book_chunk,MENTIONS_TEST,ev_cbc_015384_48ea543961,test:mchc
0.55,edge_000508,book_chunk,SUPPORTED_BY_EVIDENCE,finding_concept:cbc:mchc:high,ev_cbc_015384_48ea543961
0.55,edge_000509,book_chunk,SUPPORTED_BY_EVIDENCE,finding_concept:cbc:mchc:low,ev_cbc_015384_48ea543961
0.9,edge_000510,book_chunk,MENTIONS_TEST,ev_cbc_015384_48ea543961,test:mcv
0.55,edge_000511,book_chunk,SUPPORTED_BY_EVIDENCE,finding_concept:cbc:mcv:high,ev_cbc_015384_48ea543961
0.55,edge_000512,book_chunk,SUPPORTED_BY_EVIDENCE,finding_concept:cbc:mcv:low,ev_cbc_015384_48ea543961
0.9,edge_000513,book_chunk,MENTIONS_TEST,ev_cbc_015384_48ea543961,test:neut
0.55,edge_000514,book_chunk,SUPPORTED_BY_EVIDENCE,finding_concept:cbc:neut:high,ev_cbc_015384_48ea543961
0.55,edge_000515,book_chunk,SUPPORTED_BY_EVIDENCE,finding_concept:cbc:neut:low,ev_cbc_015384_48ea543961
0.9,edge_000516,book_chunk,MENTIONS_TEST,ev_cbc_015384_48ea543961,test:rdw
0.55,edge_000517,book_chunk,SUPPORTED_BY_EVIDENCE,finding_concept:cbc:rdw:high,ev_cbc_015384_48ea543961
0.55,edge_000518,book_chunk,SUPPORTED_BY_EVIDENCE,finding_concept:cbc:rdw:low,ev_cbc_015384_48ea543961
0.75,edge_000519,book_chunk,SUPPORTS_CONDITION,ev_cbc_015384_48ea543961,condition:anemia
0.75,edge_000520,book_chunk,SUPPORTS_CONDITION,ev_cbc_015384_48ea543961,condition:anisocytosis
0.75,edge_000521,book_chunk,SUPPORTS_CONDITION,ev_cbc_015384_48ea543961,condition:bone_marrow_disorder
0.75,edge_000522,book_chunk,SUPPORTS_CONDITION,ev_cbc_015384_48ea543961,condition:hemolytic_anemia
0.75,edge_000523,book_chunk,SUPPORTS_CONDITION,ev_cbc_015384_48ea543961,condition:left_shift_stress_response
0.75,edge_000524,book_chunk,SUPPORTS_CONDITION,ev_cbc_015384_48ea543961,condition:macrocytic_anemia
0.75,edge_000525,book_chunk,SUPPORTS_CONDITION,ev_cbc_015384_48ea543961,condition:microcytic_anemia
1.0,edge_000526,book_chunk,FROM_SOURCE,ev_cbc_011667_ff4abb788b,source:harrison_pdf
1.0,edge_000527,book_chunk,BELONGS_TO_PANEL,ev_cbc_011667_ff4abb788b,panel:cbc
0.9,edge_000528,book_chunk,MENTIONS_TEST,ev_cbc_011667_ff4abb788b,test:hgb
0.55,edge_000529,book_chunk,SUPPORTED_BY_EVIDENCE,finding_concept:cbc:hgb:high,ev_cbc_011667_ff4abb788b
0.55,edge_000530,book_chunk,SUPPORTED_BY_EVIDENCE,finding_concept:cbc:hgb:low,ev_cbc_011667_ff4abb788b
0.9,edge_000531,book_chunk,MENTIONS_TEST,ev_cbc_011667_ff4abb788b,test:plt
0.55,edge_000532,book_chunk,SUPPORTED_BY_EVIDENCE,finding_concept:cbc:plt:high,ev_cbc_011667_ff4abb788b
0.55,edge_000533,book_chunk,SUPPORTED_BY_EVIDENCE,finding_concept:cbc:plt:low,ev_cbc_011667_ff4abb788b
0.9,edge_000534,book_chunk,MENTIONS_TEST,ev_cbc_011667_ff4abb788b,test:rbc
0.55,edge_000535,book_chunk,SUPPORTED_BY_EVIDENCE,finding_concept:cbc:rbc:high,ev_cbc_011667_ff4abb788b
0.55,edge_000536,book_chunk,SUPPORTED_BY_EVIDENCE,finding_concept:cbc:rbc:low,ev_cbc_011667_ff4abb788b
0.75,edge_000537,book_chunk,SUPPORTS_CONDITION,ev_cbc_011667_ff4abb788b,condition:bleeding_risk
0.75,edge_000538,book_chunk,SUPPORTS_CONDITION,ev_cbc_011667_ff4abb788b,condition:renal_impairment
0.75,edge_000539,book_chunk,SUPPORTS_CONDITION,ev_cbc_011667_ff4abb788b,condition:thrombocytopenia
0.95,edge_000540,book_chunk,FROM_SOURCE,ev_cbc_000149_4df44cbd5d,source:clinical_hematology_pdf
1.0,edge_000541,book_chunk,BELONGS_TO_PANEL,ev_cbc_000149_4df44cbd5d,panel:cbc
0.9,edge_000542,book_chunk,MENTIONS_TEST,ev_cbc_000149_4df44cbd5d,test:hgb
0.55,edge_000543,book_chunk,SUPPORTED_BY_EVIDENCE,finding_concept:cbc:hgb:high,ev_cbc_000149_4df44cbd5d
0.55,edge_000544,book_chunk,SUPPORTED_BY_EVIDENCE,finding_concept:cbc:hgb:low,ev_cbc_000149_4df44cbd5d
0.9,edge_000545,book_chunk,MENTIONS_TEST,ev_cbc_000149_4df44cbd5d,test:plt
0.55,edge_000546,book_chunk,SUPPORTED_BY_EVIDENCE,finding_concept:cbc:plt:high,ev_cbc_000149_4df44cbd5d
0.55,edge_000547,book_chunk,SUPPORTED_BY_EVIDENCE,finding_concept:cbc:plt:low,ev_cbc_000149_4df44cbd5d
0.9,edge_000548,book_chunk,MENTIONS_TEST,ev_cbc_000149_4df44cbd5d,test:rbc
0.55,edge_000549,book_chunk,SUPPORTED_BY_EVIDENCE,finding_concept:cbc:rbc:high,ev_cbc_000149_4df44cbd5d
0.55,edge_000550,book_chunk,SUPPORTED_BY_EVIDENCE,finding_concept:cbc:rbc:low,ev_cbc_000149_4df44cbd5d
0.9,edge_000551,book_chunk,MENTIONS_TEST,ev_cbc_000149_4df44cbd5d,test:wbc
0.55,edge_000552,book_chunk,SUPPORTED_BY_EVIDENCE,finding_concept:cbc:wbc:high,ev_cbc_000149_4df44cbd5d
0.55,edge_000553,book_chunk,SUPPORTED_BY_EVIDENCE,finding_concept:cbc:wbc:low,ev_cbc_000149_4df44cbd5d
0.75,edge_000554,book_chunk,SUPPORTS_CONDITION,ev_cbc_000149_4df44cbd5d,condition:anemia
0.75,edge_000555,book_chunk,SUPPORTS_CONDITION,ev_cbc_000149_4df44cbd5d,condition:leukopenia
0.75,edge_000556,book_chunk,SUPPORTS_CONDITION,ev_cbc_000149_4df44cbd5d,condition:thrombocytopenia
1.0,edge_000557,book_chunk,FROM_SOURCE,ev_cbc_006686_f1b62b8009,source:harrison_pdf
1.0,edge_000558,book_chunk,BELONGS_TO_PANEL,ev_cbc_006686_f1b62b8009,panel:cbc
0.9,edge_000559,book_chunk,MENTIONS_TEST,ev_cbc_006686_f1b62b8009,test:plt
0.55,edge_000560,book_chunk,SUPPORTED_BY_EVIDENCE,finding_concept:cbc:plt:high,ev_cbc_006686_f1b62b8009
0.55,edge_000561,book_chunk,SUPPORTED_BY_EVIDENCE,finding_concept:cbc:plt:low,ev_cbc_006686_f1b62b8009
0.9,edge_000562,book_chunk,MENTIONS_TEST,ev_cbc_006686_f1b62b8009,test:rbc
0.55,edge_000563,book_chunk,SUPPORTED_BY_EVIDENCE,finding_concept:cbc:rbc:high,ev_cbc_006686_f1b62b8009
0.55,edge_000564,book_chunk,SUPPORTED_BY_EVIDENCE,finding_concept:cbc:rbc:low,ev_cbc_006686_f1b62b8009
0.9,edge_000565,book_chunk,MENTIONS_TEST,ev_cbc_006686_f1b62b8009,test:wbc
0.55,edge_000566,book_chunk,SUPPORTED_BY_EVIDENCE,finding_concept:cbc:wbc:high,ev_cbc_006686_f1b62b8009
0.55,edge_000567,book_chunk,SUPPORTED_BY_EVIDENCE,finding_concept:cbc:wbc:low,ev_cbc_006686_f1b62b8009
0.75,edge_000568,book_chunk,SUPPORTS_CONDITION,ev_cbc_006686_f1b62b8009,condition:bleeding_risk
0.75,edge_000569,book_chunk,SUPPORTS_CONDITION,ev_cbc_006686_f1b62b8009,condition:coagulation_disorder
0.75,edge_000570,book_chunk,SUPPORTS_CONDITION,ev_cbc_006686_f1b62b8009,condition:leukopenia
0.75,edge_000571,book_chunk,SUPPORTS_CONDITION,ev_cbc_006686_f1b62b8009,condition:thrombocytopenia
1.0,edge_000572,book_chunk,FROM_SOURCE,ev_cbc_013621_ceb5aabc7a,source:harrison_pdf
1.0,edge_000573,book_chunk,BELONGS_TO_PANEL,ev_cbc_013621_ceb5aabc7a,panel:cbc
0.9,edge_000574,book_chunk,MENTIONS_TEST,ev_cbc_013621_ceb5aabc7a,test:mcv
0.55,edge_000575,book_chunk,SUPPORTED_BY_EVIDENCE,finding_concept:cbc:mcv:high,ev_cbc_013621_ceb5aabc7a
0.55,edge_000576,book_chunk,SUPPORTED_BY_EVIDENCE,finding_concept:cbc:mcv:low,ev_cbc_013621_ceb5aabc7a
0.9,edge_000577,book_chunk,MENTIONS_TEST,ev_cbc_013621_ceb5aabc7a,test:rbc
0.55,edge_000578,book_chunk,SUPPORTED_BY_EVIDENCE,finding_concept:cbc:rbc:high,ev_cbc_013621_ceb5aabc7a
0.55,edge_000579,book_chunk,SUPPORTED_BY_EVIDENCE,finding_concept:cbc:rbc:low,ev_cbc_013621_ceb5aabc7a
0.9,edge_000580,book_chunk,MENTIONS_TEST,ev_cbc_013621_ceb5aabc7a,test:wbc
0.55,edge_000581,book_chunk,SUPPORTED_BY_EVIDENCE,finding_concept:cbc:wbc:high,ev_cbc_013621_ceb5aabc7a
0.55,edge_000582,book_chunk,SUPPORTED_BY_EVIDENCE,finding_concept:cbc:wbc:low,ev_cbc_013621_ceb5aabc7a
0.75,edge_000583,book_chunk,SUPPORTS_CONDITION,ev_cbc_013621_ceb5aabc7a,condition:anemia
0.75,edge_000584,book_chunk,SUPPORTS_CONDITION,ev_cbc_013621_ceb5aabc7a,condition:bone_marrow_disorder
0.75,edge_000585,book_chunk,SUPPORTS_CONDITION,ev_cbc_013621_ceb5aabc7a,condition:inflammation
0.75,edge_000586,book_chunk,SUPPORTS_CONDITION,ev_cbc_013621_ceb5aabc7a,condition:leukocytosis
1.0,edge_000587,book_chunk,FROM_SOURCE,ev_cbc_013679_1117db094b,source:harrison_pdf
1.0,edge_000588,book_chunk,BELONGS_TO_PANEL,ev_cbc_013679_1117db094b,panel:cbc
0.9,edge_000589,book_chunk,MENTIONS_TEST,ev_cbc_013679_1117db094b,test:plt
0.55,edge_000590,book_chunk,SUPPORTED_BY_EVIDENCE,finding_concept:cbc:plt:high,ev_cbc_013679_1117db094b
0.55,edge_000591,book_chunk,SUPPORTED_BY_EVIDENCE,finding_concept:cbc:plt:low,ev_cbc_013679_1117db094b
0.9,edge_000592,book_chunk,MENTIONS_TEST,ev_cbc_013679_1117db094b,test:rbc
0.55,edge_000593,book_chunk,SUPPORTED_BY_EVIDENCE,finding_concept:cbc:rbc:high,ev_cbc_013679_1117db094b
0.55,edge_000594,book_chunk,SUPPORTED_BY_EVIDENCE,finding_concept:cbc:rbc:low,ev_cbc_013679_1117db094b
0.9,edge_000595,book_chunk,MENTIONS_TEST,ev_cbc_013679_1117db094b,test:wbc
0.55,edge_000596,book_chunk,SUPPORTED_BY_EVIDENCE,finding_concept:cbc:wbc:high,ev_cbc_013679_1117db094b
0.55,edge_000597,book_chunk,SUPPORTED_BY_EVIDENCE,finding_concept:cbc:wbc:low,ev_cbc_013679_1117db094b
0.75,edge_000598,book_chunk,SUPPORTS_CONDITION,ev_cbc_013679_1117db094b,condition:coagulation_disorder
0.75,edge_000599,book_chunk,SUPPORTS_CONDITION,ev_cbc_013679_1117db094b,condition:hypoalbuminemia
0.75,edge_000600,book_chunk,SUPPORTS_CONDITION,ev_cbc_013679_1117db094b,condition:inflammation
0.75,edge_000601,book_chunk,SUPPORTS_CONDITION,ev_cbc_013679_1117db094b,condition:leukocytosis
0.75,edge_000602,book_chunk,SUPPORTS_CONDITION,ev_cbc_013679_1117db094b,condition:thrombocytosis
1.0,edge_000603,book_chunk,FROM_SOURCE,ev_cbc_016476_8546d9617c,source:harrison_pdf
1.0,edge_000604,book_chunk,BELONGS_TO_PANEL,ev_cbc_016476_8546d9617c,panel:cbc
0.9,edge_000605,book_chunk,MENTIONS_TEST,ev_cbc_016476_8546d9617c,test:mcv
0.55,edge_000606,book_chunk,SUPPORTED_BY_EVIDENCE,finding_concept:cbc:mcv:high,ev_cbc_016476_8546d9617c
0.55,edge_000607,book_chunk,SUPPORTED_BY_EVIDENCE,finding_concept:cbc:mcv:low,ev_cbc_016476_8546d9617c
0.9,edge_000608,book_chunk,MENTIONS_TEST,ev_cbc_016476_8546d9617c,test:neut
0.55,edge_000609,book_chunk,SUPPORTED_BY_EVIDENCE,finding_concept:cbc:neut:high,ev_cbc_016476_8546d9617c
0.55,edge_000610,book_chunk,SUPPORTED_BY_EVIDENCE,finding_concept:cbc:neut:low,ev_cbc_016476_8546d9617c
0.9,edge_000611,book_chunk,MENTIONS_TEST,ev_cbc_016476_8546d9617c,test:plt
0.55,edge_000612,book_chunk,SUPPORTED_BY_EVIDENCE,finding_concept:cbc:plt:high,ev_cbc_016476_8546d9617c
0.55,edge_000613,book_chunk,SUPPORTED_BY_EVIDENCE,finding_concept:cbc:plt:low,ev_cbc_016476_8546d9617c
0.9,edge_000614,book_chunk,MENTIONS_TEST,ev_cbc_016476_8546d9617c,test:rbc
0.55,edge_000615,book_chunk,SUPPORTED_BY_EVIDENCE,finding_concept:cbc:rbc:high,ev_cbc_016476_8546d9617c
0.55,edge_000616,book_chunk,SUPPORTED_BY_EVIDENCE,finding_concept:cbc:rbc:low,ev_cbc_016476_8546d9617c
0.75,edge_000617,book_chunk,SUPPORTS_CONDITION,ev_cbc_016476_8546d9617c,condition:bone_marrow_disorder
0.75,edge_000618,book_chunk,SUPPORTS_CONDITION,ev_cbc_016476_8546d9617c,condition:hepatocellular_injury
0.75,edge_000619,book_chunk,SUPPORTS_CONDITION,ev_cbc_016476_8546d9617c,condition:infection
0.75,edge_000620,book_chunk,SUPPORTS_CONDITION,ev_cbc_016476_8546d9617c,condition:thrombocytopenia
1.0,edge_000621,book_chunk,FROM_SOURCE,ev_cbc_002968_0593b7fae8,source:harrison_pdf
1.0,edge_000622,book_chunk,BELONGS_TO_PANEL,ev_cbc_002968_0593b7fae8,panel:cbc
0.9,edge_000623,book_chunk,MENTIONS_TEST,ev_cbc_002968_0593b7fae8,test:lymph
0.55,edge_000624,book_chunk,SUPPORTED_BY_EVIDENCE,finding_concept:cbc:lymph:high,ev_cbc_002968_0593b7fae8
0.55,edge_000625,book_chunk,SUPPORTED_BY_EVIDENCE,finding_concept:cbc:lymph:low,ev_cbc_002968_0593b7fae8
0.9,edge_000626,book_chunk,MENTIONS_TEST,ev_cbc_002968_0593b7fae8,test:mch
0.55,edge_000627,book_chunk,SUPPORTED_BY_EVIDENCE,finding_concept:cbc:mch:high,ev_cbc_002968_0593b7fae8
0.55,edge_000628,book_chunk,SUPPORTED_BY_EVIDENCE,finding_concept:cbc:mch:low,ev_cbc_002968_0593b7fae8
0.9,edge_000629,book_chunk,MENTIONS_TEST,ev_cbc_002968_0593b7fae8,test:mcv
0.55,edge_000630,book_chunk,SUPPORTED_BY_EVIDENCE,finding_concept:cbc:mcv:high,ev_cbc_002968_0593b7fae8
0.55,edge_000631,book_chunk,SUPPORTED_BY_EVIDENCE,finding_concept:cbc:mcv:low,ev_cbc_002968_0593b7fae8
0.9,edge_000632,book_chunk,MENTIONS_TEST,ev_cbc_002968_0593b7fae8,test:rdw
0.55,edge_000633,book_chunk,SUPPORTED_BY_EVIDENCE,finding_concept:cbc:rdw:high,ev_cbc_002968_0593b7fae8
0.55,edge_000634,book_chunk,SUPPORTED_BY_EVIDENCE,finding_concept:cbc:rdw:low,ev_cbc_002968_0593b7fae8
0.75,edge_000635,book_chunk,SUPPORTS_CONDITION,ev_cbc_002968_0593b7fae8,condition:anemia
0.75,edge_000636,book_chunk,SUPPORTS_CONDITION,ev_cbc_002968_0593b7fae8,condition:anisocytosis
0.75,edge_000637,book_chunk,SUPPORTS_CONDITION,ev_cbc_002968_0593b7fae8,condition:microcytic_anemia
1.0,edge_000638,book_chunk,FROM_SOURCE,ev_cbc_004475_49886f98c6,source:harrison_pdf
1.0,edge_000639,book_chunk,BELONGS_TO_PANEL,ev_cbc_004475_49886f98c6,panel:cbc
0.9,edge_000640,book_chunk,MENTIONS_TEST,ev_cbc_004475_49886f98c6,test:hct
0.55,edge_000641,book_chunk,SUPPORTED_BY_EVIDENCE,finding_concept:cbc:hct:high,ev_cbc_004475_49886f98c6
0.55,edge_000642,book_chunk,SUPPORTED_BY_EVIDENCE,finding_concept:cbc:hct:low,ev_cbc_004475_49886f98c6
0.9,edge_000643,book_chunk,MENTIONS_TEST,ev_cbc_004475_49886f98c6,test:hgb
0.55,edge_000644,book_chunk,SUPPORTED_BY_EVIDENCE,finding_concept:cbc:hgb:high,ev_cbc_004475_49886f98c6
0.55,edge_000645,book_chunk,SUPPORTED_BY_EVIDENCE,finding_concept:cbc:hgb:low,ev_cbc_004475_49886f98c6
0.9,edge_000646,book_chunk,MENTIONS_TEST,ev_cbc_004475_49886f98c6,test:mcv
0.55,edge_000647,book_chunk,SUPPORTED_BY_EVIDENCE,finding_concept:cbc:mcv:high,ev_cbc_004475_49886f98c6
0.55,edge_000648,book_chunk,SUPPORTED_BY_EVIDENCE,finding_concept:cbc:mcv:low,ev_cbc_004475_49886f98c6
0.9,edge_000649,book_chunk,MENTIONS_TEST,ev_cbc_004475_49886f98c6,test:rbc
0.55,edge_000650,book_chunk,SUPPORTED_BY_EVIDENCE,finding_concept:cbc:rbc:high,ev_cbc_004475_49886f98c6
0.55,edge_000651,book_chunk,SUPPORTED_BY_EVIDENCE,finding_concept:cbc:rbc:low,ev_cbc_004475_49886f98c6
0.9,edge_000652,book_chunk,MENTIONS_TEST,ev_cbc_004475_49886f98c6,test:rdw
0.55,edge_000653,book_chunk,SUPPORTED_BY_EVIDENCE,finding_concept:cbc:rdw:high,ev_cbc_004475_49886f98c6
0.55,edge_000654,book_chunk,SUPPORTED_BY_EVIDENCE,finding_concept:cbc:rdw:low,ev_cbc_004475_49886f98c6
0.75,edge_000655,book_chunk,SUPPORTS_CONDITION,ev_cbc_004475_49886f98c6,condition:polycythemia
0.75,edge_000656,book_chunk,SUPPORTS_CONDITION,ev_cbc_004475_49886f98c6,condition:thalassemia
0.95,edge_000657,book_chunk,FROM_SOURCE,ev_cbc_001120_72511d7a91,source:clinical_hematology_pdf
1.0,edge_000658,book_chunk,BELONGS_TO_PANEL,ev_cbc_001120_72511d7a91,panel:cbc
0.9,edge_000659,book_chunk,MENTIONS_TEST,ev_cbc_001120_72511d7a91,test:plt
0.55,edge_000660,book_chunk,SUPPORTED_BY_EVIDENCE,finding_concept:cbc:plt:high,ev_cbc_001120_72511d7a91
0.55,edge_000661,book_chunk,SUPPORTED_BY_EVIDENCE,finding_concept:cbc:plt:low,ev_cbc_001120_72511d7a91
0.9,edge_000662,book_chunk,MENTIONS_TEST,ev_cbc_001120_72511d7a91,test:rbc
0.55,edge_000663,book_chunk,SUPPORTED_BY_EVIDENCE,finding_concept:cbc:rbc:high,ev_cbc_001120_72511d7a91
0.55,edge_000664,book_chunk,SUPPORTED_BY_EVIDENCE,finding_concept:cbc:rbc:low,ev_cbc_001120_72511d7a91
0.9,edge_000665,book_chunk,MENTIONS_TEST,ev_cbc_001120_72511d7a91,test:rdw
0.55,edge_000666,book_chunk,SUPPORTED_BY_EVIDENCE,finding_concept:cbc:rdw:high,ev_cbc_001120_72511d7a91
0.55,edge_000667,book_chunk,SUPPORTED_BY_EVIDENCE,finding_concept:cbc:rdw:low,ev_cbc_001120_72511d7a91
0.75,edge_000668,book_chunk,SUPPORTS_CONDITION,ev_cbc_001120_72511d7a91,condition:anemia
0.75,edge_000669,book_chunk,SUPPORTS_CONDITION,ev_cbc_001120_72511d7a91,condition:anisocytosis
0.75,edge_000670,book_chunk,SUPPORTS_CONDITION,ev_cbc_001120_72511d7a91,condition:bleeding_risk
0.75,edge_000671,book_chunk,SUPPORTS_CONDITION,ev_cbc_001120_72511d7a91,condition:bone_marrow_disorder
0.75,edge_000672,book_chunk,SUPPORTS_CONDITION,ev_cbc_001120_72511d7a91,condition:coagulation_disorder
0.75,edge_000673,book_chunk,SUPPORTS_CONDITION,ev_cbc_001120_72511d7a91,condition:iron_deficiency_anemia
0.75,edge_000674,book_chunk,SUPPORTS_CONDITION,ev_cbc_001120_72511d7a91,condition:thalassemia
1.0,edge_000675,book_chunk,FROM_SOURCE,ev_cbc_003143_194483d4cc,source:harrison_pdf
1.0,edge_000676,book_chunk,BELONGS_TO_PANEL,ev_cbc_003143_194483d4cc,panel:cbc
0.9,edge_000677,book_chunk,MENTIONS_TEST,ev_cbc_003143_194483d4cc,test:hgb
0.55,edge_000678,book_chunk,SUPPORTED_BY_EVIDENCE,finding_concept:cbc:hgb:high,ev_cbc_003143_194483d4cc
0.55,edge_000679,book_chunk,SUPPORTED_BY_EVIDENCE,finding_concept:cbc:hgb:low,ev_cbc_003143_194483d4cc
0.9,edge_000680,book_chunk,MENTIONS_TEST,ev_cbc_003143_194483d4cc,test:plt
0.55,edge_000681,book_chunk,SUPPORTED_BY_EVIDENCE,finding_concept:cbc:plt:high,ev_cbc_003143_194483d4cc
0.55,edge_000682,book_chunk,SUPPORTED_BY_EVIDENCE,finding_concept:cbc:plt:low,ev_cbc_003143_194483d4cc
0.9,edge_000683,book_chunk,MENTIONS_TEST,ev_cbc_003143_194483d4cc,test:rbc
0.55,edge_000684,book_chunk,SUPPORTED_BY_EVIDENCE,finding_concept:cbc:rbc:high,ev_cbc_003143_194483d4cc
0.55,edge_000685,book_chunk,SUPPORTED_BY_EVIDENCE,finding_concept:cbc:rbc:low,ev_cbc_003143_194483d4cc
0.9,edge_000686,book_chunk,MENTIONS_TEST,ev_cbc_003143_194483d4cc,test:rdw
0.55,edge_000687,book_chunk,SUPPORTED_BY_EVIDENCE,finding_concept:cbc:rdw:high,ev_cbc_003143_194483d4cc
0.55,edge_000688,book_chunk,SUPPORTED_BY_EVIDENCE,finding_concept:cbc:rdw:low,ev_cbc_003143_194483d4cc
0.75,edge_000689,book_chunk,SUPPORTS_CONDITION,ev_cbc_003143_194483d4cc,condition:anisocytosis
0.75,edge_000690,book_chunk,SUPPORTS_CONDITION,ev_cbc_003143_194483d4cc,condition:bleeding_risk
0.75,edge_000691,book_chunk,SUPPORTS_CONDITION,ev_cbc_003143_194483d4cc,condition:thrombocytosis
1.0,edge_000692,book_chunk,FROM_SOURCE,ev_cbc_006188_2ad688d126,source:harrison_pdf
1.0,edge_000693,book_chunk,BELONGS_TO_PANEL,ev_cbc_006188_2ad688d126,panel:cbc
0.9,edge_000694,book_chunk,MENTIONS_TEST,ev_cbc_006188_2ad688d126,test:lymph
0.55,edge_000695,book_chunk,SUPPORTED_BY_EVIDENCE,finding_concept:cbc:lymph:high,ev_cbc_006188_2ad688d126
0.55,edge_000696,book_chunk,SUPPORTED_BY_EVIDENCE,finding_concept:cbc:lymph:low,ev_cbc_006188_2ad688d126
0.9,edge_000697,book_chunk,MENTIONS_TEST,ev_cbc_006188_2ad688d126,test:plt
0.55,edge_000698,book_chunk,SUPPORTED_BY_EVIDENCE,finding_concept:cbc:plt:high,ev_cbc_006188_2ad688d126
0.55,edge_000699,book_chunk,SUPPORTED_BY_EVIDENCE,finding_concept:cbc:plt:low,ev_cbc_006188_2ad688d126
0.9,edge_000700,book_chunk,MENTIONS_TEST,ev_cbc_006188_2ad688d126,test:wbc
0.55,edge_000701,book_chunk,SUPPORTED_BY_EVIDENCE,finding_concept:cbc:wbc:high,ev_cbc_006188_2ad688d126
0.55,edge_000702,book_chunk,SUPPORTED_BY_EVIDENCE,finding_concept:cbc:wbc:low,ev_cbc_006188_2ad688d126
0.75,edge_000703,book_chunk,SUPPORTS_CONDITION,ev_cbc_006188_2ad688d126,condition:bleeding_risk
0.75,edge_000704,book_chunk,SUPPORTS_CONDITION,ev_cbc_006188_2ad688d126,condition:infection
0.75,edge_000705,book_chunk,SUPPORTS_CONDITION,ev_cbc_006188_2ad688d126,condition:leukopenia
0.75,edge_000706,book_chunk,SUPPORTS_CONDITION,ev_cbc_006188_2ad688d126,condition:lymphocytosis
0.75,edge_000707,book_chunk,SUPPORTS_CONDITION,ev_cbc_006188_2ad688d126,condition:thrombocytopenia
0.75,edge_000708,book_chunk,SUPPORTS_CONDITION,ev_cbc_006188_2ad688d126,condition:viral_infection
1.0,edge_000709,book_chunk,FROM_SOURCE,ev_cbc_008674_1559a071fa,source:harrison_pdf
1.0,edge_000710,book_chunk,BELONGS_TO_PANEL,ev_cbc_008674_1559a071fa,panel:cbc
0.9,edge_000711,book_chunk,MENTIONS_TEST,ev_cbc_008674_1559a071fa,test:ig
0.55,edge_000712,book_chunk,SUPPORTED_BY_EVIDENCE,finding_concept:cbc:ig:high,ev_cbc_008674_1559a071fa
0.55,edge_000713,book_chunk,SUPPORTED_BY_EVIDENCE,finding_concept:cbc:ig:low,ev_cbc_008674_1559a071fa
0.9,edge_000714,book_chunk,MENTIONS_TEST,ev_cbc_008674_1559a071fa,test:neut
0.55,edge_000715,book_chunk,SUPPORTED_BY_EVIDENCE,finding_concept:cbc:neut:high,ev_cbc_008674_1559a071fa
0.55,edge_000716,book_chunk,SUPPORTED_BY_EVIDENCE,finding_concept:cbc:neut:low,ev_cbc_008674_1559a071fa
0.9,edge_000717,book_chunk,MENTIONS_TEST,ev_cbc_008674_1559a071fa,test:plt
0.55,edge_000718,book_chunk,SUPPORTED_BY_EVIDENCE,finding_concept:cbc:plt:high,ev_cbc_008674_1559a071fa
0.55,edge_000719,book_chunk,SUPPORTED_BY_EVIDENCE,finding_concept:cbc:plt:low,ev_cbc_008674_1559a071fa
0.9,edge_000720,book_chunk,MENTIONS_TEST,ev_cbc_008674_1559a071fa,test:wbc
0.55,edge_000721,book_chunk,SUPPORTED_BY_EVIDENCE,finding_concept:cbc:wbc:high,ev_cbc_008674_1559a071fa
0.55,edge_000722,book_chunk,SUPPORTED_BY_EVIDENCE,finding_concept:cbc:wbc:low,ev_cbc_008674_1559a071fa
0.75,edge_000723,book_chunk,SUPPORTS_CONDITION,ev_cbc_008674_1559a071fa,condition:bleeding_risk
0.75,edge_000724,book_chunk,SUPPORTS_CONDITION,ev_cbc_008674_1559a071fa,condition:hypoalbuminemia
0.75,edge_000725,book_chunk,SUPPORTS_CONDITION,ev_cbc_008674_1559a071fa,condition:left_shift_stress_response
0.75,edge_000726,book_chunk,SUPPORTS_CONDITION,ev_cbc_008674_1559a071fa,condition:leukocytosis
0.75,edge_000727,book_chunk,SUPPORTS_CONDITION,ev_cbc_008674_1559a071fa,condition:renal_impairment
0.75,edge_000728,book_chunk,SUPPORTS_CONDITION,ev_cbc_008674_1559a071fa,condition:thrombocytopenia
1.0,edge_000729,book_chunk,FROM_SOURCE,ev_cbc_004762_ad34a2dc4c,source:harrison_pdf
1.0,edge_000730,book_chunk,BELONGS_TO_PANEL,ev_cbc_004762_ad34a2dc4c,panel:cbc
0.9,edge_000731,book_chunk,MENTIONS_TEST,ev_cbc_004762_ad34a2dc4c,test:ig
0.55,edge_000732,book_chunk,SUPPORTED_BY_EVIDENCE,finding_concept:cbc:ig:high,ev_cbc_004762_ad34a2dc4c
0.55,edge_000733,book_chunk,SUPPORTED_BY_EVIDENCE,finding_concept:cbc:ig:low,ev_cbc_004762_ad34a2dc4c
0.9,edge_000734,book_chunk,MENTIONS_TEST,ev_cbc_004762_ad34a2dc4c,test:mono
0.55,edge_000735,book_chunk,SUPPORTED_BY_EVIDENCE,finding_concept:cbc:mono:high,ev_cbc_004762_ad34a2dc4c
0.55,edge_000736,book_chunk,SUPPORTED_BY_EVIDENCE,finding_concept:cbc:mono:low,ev_cbc_004762_ad34a2dc4c
0.9,edge_000737,book_chunk,MENTIONS_TEST,ev_cbc_004762_ad34a2dc4c,test:neut
0.55,edge_000738,book_chunk,SUPPORTED_BY_EVIDENCE,finding_concept:cbc:neut:high,ev_cbc_004762_ad34a2dc4c
0.55,edge_000739,book_chunk,SUPPORTED_BY_EVIDENCE,finding_concept:cbc:neut:low,ev_cbc_004762_ad34a2dc4c
0.9,edge_000740,book_chunk,MENTIONS_TEST,ev_cbc_004762_ad34a2dc4c,test:wbc
0.55,edge_000741,book_chunk,SUPPORTED_BY_EVIDENCE,finding_concept:cbc:wbc:high,ev_cbc_004762_ad34a2dc4c
0.55,edge_000742,book_chunk,SUPPORTED_BY_EVIDENCE,finding_concept:cbc:wbc:low,ev_cbc_004762_ad34a2dc4c
0.75,edge_000743,book_chunk,SUPPORTS_CONDITION,ev_cbc_004762_ad34a2dc4c,condition:bone_marrow_disorder
0.75,edge_000744,book_chunk,SUPPORTS_CONDITION,ev_cbc_004762_ad34a2dc4c,condition:left_shift_stress_response
0.75,edge_000745,book_chunk,SUPPORTS_CONDITION,ev_cbc_004762_ad34a2dc4c,condition:leukocytosis
1.0,edge_000746,book_chunk,FROM_SOURCE,ev_cbc_002935_b05133bd30,source:harrison_pdf
1.0,edge_000747,book_chunk,BELONGS_TO_PANEL,ev_cbc_002935_b05133bd30,panel:cbc
0.9,edge_000748,book_chunk,MENTIONS_TEST,ev_cbc_002935_b05133bd30,test:ig
0.55,edge_000749,book_chunk,SUPPORTED_BY_EVIDENCE,finding_concept:cbc:ig:high,ev_cbc_002935_b05133bd30
0.55,edge_000750,book_chunk,SUPPORTED_BY_EVIDENCE,finding_concept:cbc:ig:low,ev_cbc_002935_b05133bd30
0.9,edge_000751,book_chunk,MENTIONS_TEST,ev_cbc_002935_b05133bd30,test:neut
0.55,edge_000752,book_chunk,SUPPORTED_BY_EVIDENCE,finding_concept:cbc:neut:high,ev_cbc_002935_b05133bd30
0.55,edge_000753,book_chunk,SUPPORTED_BY_EVIDENCE,finding_concept:cbc:neut:low,ev_cbc_002935_b05133bd30
0.75,edge_000754,book_chunk,SUPPORTS_CONDITION,ev_cbc_002935_b05133bd30,condition:bacterial_infection
0.75,edge_000755,book_chunk,SUPPORTS_CONDITION,ev_cbc_002935_b05133bd30,condition:infection
0.75,edge_000756,book_chunk,SUPPORTS_CONDITION,ev_cbc_002935_b05133bd30,condition:inflammation
0.75,edge_000757,book_chunk,SUPPORTS_CONDITION,ev_cbc_002935_b05133bd30,condition:left_shift_stress_response
0.95,edge_000758,book_chunk,FROM_SOURCE,ev_cbc_000315_63fc52e5b0,source:clinical_hematology_pdf
1.0,edge_000759,book_chunk,BELONGS_TO_PANEL,ev_cbc_000315_63fc52e5b0,panel:cbc
0.9,edge_000760,book_chunk,MENTIONS_TEST,ev_cbc_000315_63fc52e5b0,test:eos
0.55,edge_000761,book_chunk,SUPPORTED_BY_EVIDENCE,finding_concept:cbc:eos:high,ev_cbc_000315_63fc52e5b0
0.55,edge_000762,book_chunk,SUPPORTED_BY_EVIDENCE,finding_concept:cbc:eos:low,ev_cbc_000315_63fc52e5b0
0.9,edge_000763,book_chunk,MENTIONS_TEST,ev_cbc_000315_63fc52e5b0,test:ig
0.55,edge_000764,book_chunk,SUPPORTED_BY_EVIDENCE,finding_concept:cbc:ig:high,ev_cbc_000315_63fc52e5b0
0.55,edge_000765,book_chunk,SUPPORTED_BY_EVIDENCE,finding_concept:cbc:ig:low,ev_cbc_000315_63fc52e5b0
0.9,edge_000766,book_chunk,MENTIONS_TEST,ev_cbc_000315_63fc52e5b0,test:mono
0.55,edge_000767,book_chunk,SUPPORTED_BY_EVIDENCE,finding_concept:cbc:mono:high,ev_cbc_000315_63fc52e5b0
0.55,edge_000768,book_chunk,SUPPORTED_BY_EVIDENCE,finding_concept:cbc:mono:low,ev_cbc_000315_63fc52e5b0
0.9,edge_000769,book_chunk,MENTIONS_TEST,ev_cbc_000315_63fc52e5b0,test:neut
0.55,edge_000770,book_chunk,SUPPORTED_BY_EVIDENCE,finding_concept:cbc:neut:high,ev_cbc_000315_63fc52e5b0
0.55,edge_000771,book_chunk,SUPPORTED_BY_EVIDENCE,finding_concept:cbc:neut:low,ev_cbc_000315_63fc52e5b0
0.75,edge_000772,book_chunk,SUPPORTS_CONDITION,ev_cbc_000315_63fc52e5b0,condition:bone_marrow_disorder
0.75,edge_000773,book_chunk,SUPPORTS_CONDITION,ev_cbc_000315_63fc52e5b0,condition:eosinophilia
0.75,edge_000774,book_chunk,SUPPORTS_CONDITION,ev_cbc_000315_63fc52e5b0,condition:infection
0.75,edge_000775,book_chunk,SUPPORTS_CONDITION,ev_cbc_000315_63fc52e5b0,condition:neutropenia
1.0,edge_000776,book_chunk,FROM_SOURCE,ev_cbc_015410_d8b2e668eb,source:harrison_pdf
1.0,edge_000777,book_chunk,BELONGS_TO_PANEL,ev_cbc_015410_d8b2e668eb,panel:cbc
0.9,edge_000778,book_chunk,MENTIONS_TEST,ev_cbc_015410_d8b2e668eb,test:mch
0.55,edge_000779,book_chunk,SUPPORTED_BY_EVIDENCE,finding_concept:cbc:mch:high,ev_cbc_015410_d8b2e668eb
0.55,edge_000780,book_chunk,SUPPORTED_BY_EVIDENCE,finding_concept:cbc:mch:low,ev_cbc_015410_d8b2e668eb
0.75,edge_000781,book_chunk,SUPPORTS_CONDITION,ev_cbc_015410_d8b2e668eb,condition:anemia
0.75,edge_000782,book_chunk,SUPPORTS_CONDITION,ev_cbc_015410_d8b2e668eb,condition:hemolytic_anemia
0.75,edge_000783,book_chunk,SUPPORTS_CONDITION,ev_cbc_015410_d8b2e668eb,condition:macrocytic_anemia
1.0,edge_000784,book_chunk,FROM_SOURCE,ev_cbc_016270_0e14ebfa7e,source:harrison_pdf
1.0,edge_000785,book_chunk,BELONGS_TO_PANEL,ev_cbc_016270_0e14ebfa7e,panel:cbc
0.9,edge_000786,book_chunk,MENTIONS_TEST,ev_cbc_016270_0e14ebfa7e,test:mch
0.55,edge_000787,book_chunk,SUPPORTED_BY_EVIDENCE,finding_concept:cbc:mch:high,ev_cbc_016270_0e14ebfa7e
0.55,edge_000788,book_chunk,SUPPORTED_BY_EVIDENCE,finding_concept:cbc:mch:low,ev_cbc_016270_0e14ebfa7e
0.9,edge_000789,book_chunk,MENTIONS_TEST,ev_cbc_016270_0e14ebfa7e,test:mcv
0.55,edge_000790,book_chunk,SUPPORTED_BY_EVIDENCE,finding_concept:cbc:mcv:high,ev_cbc_016270_0e14ebfa7e
0.55,edge_000791,book_chunk,SUPPORTED_BY_EVIDENCE,finding_concept:cbc:mcv:low,ev_cbc_016270_0e14ebfa7e
0.75,edge_000792,book_chunk,SUPPORTS_CONDITION,ev_cbc_016270_0e14ebfa7e,condition:anemia
0.75,edge_000793,book_chunk,SUPPORTS_CONDITION,ev_cbc_016270_0e14ebfa7e,condition:bone_mineral_disorder
0.75,edge_000794,book_chunk,SUPPORTS_CONDITION,ev_cbc_016270_0e14ebfa7e,condition:infection
0.75,edge_000795,book_chunk,SUPPORTS_CONDITION,ev_cbc_016270_0e14ebfa7e,condition:microcytic_anemia
1.0,edge_000796,book_chunk,FROM_SOURCE,ev_cbc_012215_133e6f5586,source:harrison_pdf
1.0,edge_000797,book_chunk,BELONGS_TO_PANEL,ev_cbc_012215_133e6f5586,panel:cbc
0.9,edge_000798,book_chunk,MENTIONS_TEST,ev_cbc_012215_133e6f5586,test:hgb
0.55,edge_000799,book_chunk,SUPPORTED_BY_EVIDENCE,finding_concept:cbc:hgb:high,ev_cbc_012215_133e6f5586
0.55,edge_000800,book_chunk,SUPPORTED_BY_EVIDENCE,finding_concept:cbc:hgb:low,ev_cbc_012215_133e6f5586
0.9,edge_000801,book_chunk,MENTIONS_TEST,ev_cbc_012215_133e6f5586,test:mch
0.55,edge_000802,book_chunk,SUPPORTED_BY_EVIDENCE,finding_concept:cbc:mch:high,ev_cbc_012215_133e6f5586
0.55,edge_000803,book_chunk,SUPPORTED_BY_EVIDENCE,finding_concept:cbc:mch:low,ev_cbc_012215_133e6f5586
0.9,edge_000804,book_chunk,MENTIONS_TEST,ev_cbc_012215_133e6f5586,test:mcv
0.55,edge_000805,book_chunk,SUPPORTED_BY_EVIDENCE,finding_concept:cbc:mcv:high,ev_cbc_012215_133e6f5586
0.55,edge_000806,book_chunk,SUPPORTED_BY_EVIDENCE,finding_concept:cbc:mcv:low,ev_cbc_012215_133e6f5586
0.9,edge_000807,book_chunk,MENTIONS_TEST,ev_cbc_012215_133e6f5586,test:plt
0.55,edge_000808,book_chunk,SUPPORTED_BY_EVIDENCE,finding_concept:cbc:plt:high,ev_cbc_012215_133e6f5586
0.55,edge_000809,book_chunk,SUPPORTED_BY_EVIDENCE,finding_concept:cbc:plt:low,ev_cbc_012215_133e6f5586
0.75,edge_000810,book_chunk,SUPPORTS_CONDITION,ev_cbc_012215_133e6f5586,condition:anemia
0.75,edge_000811,book_chunk,SUPPORTS_CONDITION,ev_cbc_012215_133e6f5586,condition:microcytic_anemia
1.0,edge_000812,book_chunk,FROM_SOURCE,ev_cbc_002965_baa387eeec,source:harrison_pdf
1.0,edge_000813,book_chunk,BELONGS_TO_PANEL,ev_cbc_002965_baa387eeec,panel:cbc
0.9,edge_000814,book_chunk,MENTIONS_TEST,ev_cbc_002965_baa387eeec,test:mch
0.55,edge_000815,book_chunk,SUPPORTED_BY_EVIDENCE,finding_concept:cbc:mch:high,ev_cbc_002965_baa387eeec
0.55,edge_000816,book_chunk,SUPPORTED_BY_EVIDENCE,finding_concept:cbc:mch:low,ev_cbc_002965_baa387eeec
0.9,edge_000817,book_chunk,MENTIONS_TEST,ev_cbc_002965_baa387eeec,test:rbc
0.55,edge_000818,book_chunk,SUPPORTED_BY_EVIDENCE,finding_concept:cbc:rbc:high,ev_cbc_002965_baa387eeec
0.55,edge_000819,book_chunk,SUPPORTED_BY_EVIDENCE,finding_concept:cbc:rbc:low,ev_cbc_002965_baa387eeec
0.9,edge_000820,book_chunk,MENTIONS_TEST,ev_cbc_002965_baa387eeec,test:rdw
0.55,edge_000821,book_chunk,SUPPORTED_BY_EVIDENCE,finding_concept:cbc:rdw:high,ev_cbc_002965_baa387eeec
0.55,edge_000822,book_chunk,SUPPORTED_BY_EVIDENCE,finding_concept:cbc:rdw:low,ev_cbc_002965_baa387eeec
0.75,edge_000823,book_chunk,SUPPORTS_CONDITION,ev_cbc_002965_baa387eeec,condition:anemia
0.75,edge_000824,book_chunk,SUPPORTS_CONDITION,ev_cbc_002965_baa387eeec,condition:anisocytosis
0.75,edge_000825,book_chunk,SUPPORTS_CONDITION,ev_cbc_002965_baa387eeec,condition:bone_marrow_disorder
0.75,edge_000826,book_chunk,SUPPORTS_CONDITION,ev_cbc_002965_baa387eeec,condition:polycythemia
1.0,edge_000827,book_chunk,FROM_SOURCE,ev_cbc_007146_0a86001759,source:harrison_pdf
1.0,edge_000828,book_chunk,BELONGS_TO_PANEL,ev_cbc_007146_0a86001759,panel:cbc
0.9,edge_000829,book_chunk,MENTIONS_TEST,ev_cbc_007146_0a86001759,test:lymph
0.55,edge_000830,book_chunk,SUPPORTED_BY_EVIDENCE,finding_concept:cbc:lymph:high,ev_cbc_007146_0a86001759
0.55,edge_000831,book_chunk,SUPPORTED_BY_EVIDENCE,finding_concept:cbc:lymph:low,ev_cbc_007146_0a86001759
0.9,edge_000832,book_chunk,MENTIONS_TEST,ev_cbc_007146_0a86001759,test:rbc
0.55,edge_000833,book_chunk,SUPPORTED_BY_EVIDENCE,finding_concept:cbc:rbc:high,ev_cbc_007146_0a86001759
0.55,edge_000834,book_chunk,SUPPORTED_BY_EVIDENCE,finding_concept:cbc:rbc:low,ev_cbc_007146_0a86001759
0.9,edge_000835,book_chunk,MENTIONS_TEST,ev_cbc_007146_0a86001759,test:wbc
0.55,edge_000836,book_chunk,SUPPORTED_BY_EVIDENCE,finding_concept:cbc:wbc:high,ev_cbc_007146_0a86001759
0.55,edge_000837,book_chunk,SUPPORTED_BY_EVIDENCE,finding_concept:cbc:wbc:low,ev_cbc_007146_0a86001759
0.75,edge_000838,book_chunk,SUPPORTS_CONDITION,ev_cbc_007146_0a86001759,condition:bleeding_risk
0.75,edge_000839,book_chunk,SUPPORTS_CONDITION,ev_cbc_007146_0a86001759,condition:coagulation_disorder
0.75,edge_000840,book_chunk,SUPPORTS_CONDITION,ev_cbc_007146_0a86001759,condition:lymphocytosis
0.75,edge_000841,book_chunk,SUPPORTS_CONDITION,ev_cbc_007146_0a86001759,condition:viral_infection
1.0,edge_000842,book_chunk,FROM_SOURCE,ev_cbc_002892_82039e2fba,source:harrison_pdf
1.0,edge_000843,book_chunk,BELONGS_TO_PANEL,ev_cbc_002892_82039e2fba,panel:cbc
0.9,edge_000844,book_chunk,MENTIONS_TEST,ev_cbc_002892_82039e2fba,test:eos
0.55,edge_000845,book_chunk,SUPPORTED_BY_EVIDENCE,finding_concept:cbc:eos:high,ev_cbc_002892_82039e2fba
0.55,edge_000846,book_chunk,SUPPORTED_BY_EVIDENCE,finding_concept:cbc:eos:low,ev_cbc_002892_82039e2fba
0.9,edge_000847,book_chunk,MENTIONS_TEST,ev_cbc_002892_82039e2fba,test:lymph
0.55,edge_000848,book_chunk,SUPPORTED_BY_EVIDENCE,finding_concept:cbc:lymph:high,ev_cbc_002892_82039e2fba
0.55,edge_000849,book_chunk,SUPPORTED_BY_EVIDENCE,finding_concept:cbc:lymph:low,ev_cbc_002892_82039e2fba
0.9,edge_000850,book_chunk,MENTIONS_TEST,ev_cbc_002892_82039e2fba,test:wbc
0.55,edge_000851,book_chunk,SUPPORTED_BY_EVIDENCE,finding_concept:cbc:wbc:high,ev_cbc_002892_82039e2fba
0.55,edge_000852,book_chunk,SUPPORTED_BY_EVIDENCE,finding_concept:cbc:wbc:low,ev_cbc_002892_82039e2fba
0.75,edge_000853,book_chunk,SUPPORTS_CONDITION,ev_cbc_002892_82039e2fba,condition:eosinophilia
0.75,edge_000854,book_chunk,SUPPORTS_CONDITION,ev_cbc_002892_82039e2fba,condition:hepatocellular_injury
0.75,edge_000855,book_chunk,SUPPORTS_CONDITION,ev_cbc_002892_82039e2fba,condition:hyperuricemia
0.75,edge_000856,book_chunk,SUPPORTS_CONDITION,ev_cbc_002892_82039e2fba,condition:leukocytosis
0.75,edge_000857,book_chunk,SUPPORTS_CONDITION,ev_cbc_002892_82039e2fba,condition:lymphocytosis
0.75,edge_000858,book_chunk,SUPPORTS_CONDITION,ev_cbc_002892_82039e2fba,condition:renal_impairment
0.75,edge_000859,book_chunk,SUPPORTS_CONDITION,ev_cbc_002892_82039e2fba,condition:viral_infection
1.0,edge_000860,book_chunk,FROM_SOURCE,ev_cbc_007965_e04873f6ba,source:harrison_pdf
1.0,edge_000861,book_chunk,BELONGS_TO_PANEL,ev_cbc_007965_e04873f6ba,panel:cbc
0.9,edge_000862,book_chunk,MENTIONS_TEST,ev_cbc_007965_e04873f6ba,test:lymph
0.55,edge_000863,book_chunk,SUPPORTED_BY_EVIDENCE,finding_concept:cbc:lymph:high,ev_cbc_007965_e04873f6ba
0.55,edge_000864,book_chunk,SUPPORTED_BY_EVIDENCE,finding_concept:cbc:lymph:low,ev_cbc_007965_e04873f6ba
0.9,edge_000865,book_chunk,MENTIONS_TEST,ev_cbc_007965_e04873f6ba,test:neut
0.55,edge_000866,book_chunk,SUPPORTED_BY_EVIDENCE,finding_concept:cbc:neut:high,ev_cbc_007965_e04873f6ba
0.55,edge_000867,book_chunk,SUPPORTED_BY_EVIDENCE,finding_concept:cbc:neut:low,ev_cbc_007965_e04873f6ba
0.9,edge_000868,book_chunk,MENTIONS_TEST,ev_cbc_007965_e04873f6ba,test:plt
0.55,edge_000869,book_chunk,SUPPORTED_BY_EVIDENCE,finding_concept:cbc:plt:high,ev_cbc_007965_e04873f6ba
0.55,edge_000870,book_chunk,SUPPORTED_BY_EVIDENCE,finding_concept:cbc:plt:low,ev_cbc_007965_e04873f6ba
0.75,edge_000871,book_chunk,SUPPORTS_CONDITION,ev_cbc_007965_e04873f6ba,condition:anemia
0.75,edge_000872,book_chunk,SUPPORTS_CONDITION,ev_cbc_007965_e04873f6ba,condition:bone_marrow_disorder
0.75,edge_000873,book_chunk,SUPPORTS_CONDITION,ev_cbc_007965_e04873f6ba,condition:infection
0.75,edge_000874,book_chunk,SUPPORTS_CONDITION,ev_cbc_007965_e04873f6ba,condition:lymphopenia
0.75,edge_000875,book_chunk,SUPPORTS_CONDITION,ev_cbc_007965_e04873f6ba,condition:neutropenia
0.75,edge_000876,book_chunk,SUPPORTS_CONDITION,ev_cbc_007965_e04873f6ba,condition:thrombocytopenia
0.95,edge_000877,book_chunk,FROM_SOURCE,ev_cbc_000312_8afe8fe21b,source:clinical_hematology_pdf
1.0,edge_000878,book_chunk,BELONGS_TO_PANEL,ev_cbc_000312_8afe8fe21b,panel:cbc
0.9,edge_000879,book_chunk,MENTIONS_TEST,ev_cbc_000312_8afe8fe21b,test:hgb
0.55,edge_000880,book_chunk,SUPPORTED_BY_EVIDENCE,finding_concept:cbc:hgb:high,ev_cbc_000312_8afe8fe21b
0.55,edge_000881,book_chunk,SUPPORTED_BY_EVIDENCE,finding_concept:cbc:hgb:low,ev_cbc_000312_8afe8fe21b
0.9,edge_000882,book_chunk,MENTIONS_TEST,ev_cbc_000312_8afe8fe21b,test:lymph
0.55,edge_000883,book_chunk,SUPPORTED_BY_EVIDENCE,finding_concept:cbc:lymph:high,ev_cbc_000312_8afe8fe21b
0.55,edge_000884,book_chunk,SUPPORTED_BY_EVIDENCE,finding_concept:cbc:lymph:low,ev_cbc_000312_8afe8fe21b
0.9,edge_000885,book_chunk,MENTIONS_TEST,ev_cbc_000312_8afe8fe21b,test:neut
0.55,edge_000886,book_chunk,SUPPORTED_BY_EVIDENCE,finding_concept:cbc:neut:high,ev_cbc_000312_8afe8fe21b
0.55,edge_000887,book_chunk,SUPPORTED_BY_EVIDENCE,finding_concept:cbc:neut:low,ev_cbc_000312_8afe8fe21b
0.9,edge_000888,book_chunk,MENTIONS_TEST,ev_cbc_000312_8afe8fe21b,test:plt
0.55,edge_000889,book_chunk,SUPPORTED_BY_EVIDENCE,finding_concept:cbc:plt:high,ev_cbc_000312_8afe8fe21b
0.55,edge_000890,book_chunk,SUPPORTED_BY_EVIDENCE,finding_concept:cbc:plt:low,ev_cbc_000312_8afe8fe21b
0.75,edge_000891,book_chunk,SUPPORTS_CONDITION,ev_cbc_000312_8afe8fe21b,condition:anemia
0.75,edge_000892,book_chunk,SUPPORTS_CONDITION,ev_cbc_000312_8afe8fe21b,condition:bone_marrow_disorder
0.75,edge_000893,book_chunk,SUPPORTS_CONDITION,ev_cbc_000312_8afe8fe21b,condition:infection
0.75,edge_000894,book_chunk,SUPPORTS_CONDITION,ev_cbc_000312_8afe8fe21b,condition:lymphocytosis
0.75,edge_000895,book_chunk,SUPPORTS_CONDITION,ev_cbc_000312_8afe8fe21b,condition:neutropenia
0.75,edge_000896,book_chunk,SUPPORTS_CONDITION,ev_cbc_000312_8afe8fe21b,condition:viral_infection
0.95,edge_000897,book_chunk,FROM_SOURCE,ev_cbc_000277_4c74936503,source:clinical_hematology_pdf
1.0,edge_000898,book_chunk,BELONGS_TO_PANEL,ev_cbc_000277_4c74936503,panel:cbc
0.9,edge_000899,book_chunk,MENTIONS_TEST,ev_cbc_000277_4c74936503,test:hgb
0.55,edge_000900,book_chunk,SUPPORTED_BY_EVIDENCE,finding_concept:cbc:hgb:high,ev_cbc_000277_4c74936503
0.55,edge_000901,book_chunk,SUPPORTED_BY_EVIDENCE,finding_concept:cbc:hgb:low,ev_cbc_000277_4c74936503
0.9,edge_000902,book_chunk,MENTIONS_TEST,ev_cbc_000277_4c74936503,test:neut
0.55,edge_000903,book_chunk,SUPPORTED_BY_EVIDENCE,finding_concept:cbc:neut:high,ev_cbc_000277_4c74936503
0.55,edge_000904,book_chunk,SUPPORTED_BY_EVIDENCE,finding_concept:cbc:neut:low,ev_cbc_000277_4c74936503
0.9,edge_000905,book_chunk,MENTIONS_TEST,ev_cbc_000277_4c74936503,test:wbc
0.55,edge_000906,book_chunk,SUPPORTED_BY_EVIDENCE,finding_concept:cbc:wbc:high,ev_cbc_000277_4c74936503
0.55,edge_000907,book_chunk,SUPPORTED_BY_EVIDENCE,finding_concept:cbc:wbc:low,ev_cbc_000277_4c74936503
0.75,edge_000908,book_chunk,SUPPORTS_CONDITION,ev_cbc_000277_4c74936503,condition:anemia
0.75,edge_000909,book_chunk,SUPPORTS_CONDITION,ev_cbc_000277_4c74936503,condition:leukocytosis
0.75,edge_000910,book_chunk,SUPPORTS_CONDITION,ev_cbc_000277_4c74936503,condition:leukopenia
1.0,edge_000911,book_chunk,FROM_SOURCE,ev_cbc_005098_578885ff0c,source:harrison_pdf
1.0,edge_000912,book_chunk,BELONGS_TO_PANEL,ev_cbc_005098_578885ff0c,panel:cbc
0.9,edge_000913,book_chunk,MENTIONS_TEST,ev_cbc_005098_578885ff0c,test:mono
0.55,edge_000914,book_chunk,SUPPORTED_BY_EVIDENCE,finding_concept:cbc:mono:high,ev_cbc_005098_578885ff0c
0.55,edge_000915,book_chunk,SUPPORTED_BY_EVIDENCE,finding_concept:cbc:mono:low,ev_cbc_005098_578885ff0c
0.9,edge_000916,book_chunk,MENTIONS_TEST,ev_cbc_005098_578885ff0c,test:plt
0.55,edge_000917,book_chunk,SUPPORTED_BY_EVIDENCE,finding_concept:cbc:plt:high,ev_cbc_005098_578885ff0c
0.55,edge_000918,book_chunk,SUPPORTED_BY_EVIDENCE,finding_concept:cbc:plt:low,ev_cbc_005098_578885ff0c
0.75,edge_000919,book_chunk,SUPPORTS_CONDITION,ev_cbc_005098_578885ff0c,condition:bleeding_risk
0.75,edge_000920,book_chunk,SUPPORTS_CONDITION,ev_cbc_005098_578885ff0c,condition:dyslipidemia
0.75,edge_000921,book_chunk,SUPPORTS_CONDITION,ev_cbc_005098_578885ff0c,condition:infection
0.75,edge_000922,book_chunk,SUPPORTS_CONDITION,ev_cbc_005098_578885ff0c,condition:inflammation
1.0,edge_000923,book_chunk,FROM_SOURCE,ev_cbc_007918_249ab0a41c,source:harrison_pdf
1.0,edge_000924,book_chunk,BELONGS_TO_PANEL,ev_cbc_007918_249ab0a41c,panel:cbc
0.9,edge_000925,book_chunk,MENTIONS_TEST,ev_cbc_007918_249ab0a41c,test:lymph
0.55,edge_000926,book_chunk,SUPPORTED_BY_EVIDENCE,finding_concept:cbc:lymph:high,ev_cbc_007918_249ab0a41c
0.55,edge_000927,book_chunk,SUPPORTED_BY_EVIDENCE,finding_concept:cbc:lymph:low,ev_cbc_007918_249ab0a41c
0.9,edge_000928,book_chunk,MENTIONS_TEST,ev_cbc_007918_249ab0a41c,test:mono
0.55,edge_000929,book_chunk,SUPPORTED_BY_EVIDENCE,finding_concept:cbc:mono:high,ev_cbc_007918_249ab0a41c
0.55,edge_000930,book_chunk,SUPPORTED_BY_EVIDENCE,finding_concept:cbc:mono:low,ev_cbc_007918_249ab0a41c
0.75,edge_000931,book_chunk,SUPPORTS_CONDITION,ev_cbc_007918_249ab0a41c,condition:infection
0.75,edge_000932,book_chunk,SUPPORTS_CONDITION,ev_cbc_007918_249ab0a41c,condition:inflammation
0.75,edge_000933,book_chunk,SUPPORTS_CONDITION,ev_cbc_007918_249ab0a41c,condition:renal_impairment
1.0,edge_000934,book_chunk,FROM_SOURCE,ev_cbc_011654_08649c5a64,source:harrison_pdf
1.0,edge_000935,book_chunk,BELONGS_TO_PANEL,ev_cbc_011654_08649c5a64,panel:cbc
0.9,edge_000936,book_chunk,MENTIONS_TEST,ev_cbc_011654_08649c5a64,test:mono
0.55,edge_000937,book_chunk,SUPPORTED_BY_EVIDENCE,finding_concept:cbc:mono:high,ev_cbc_011654_08649c5a64
0.55,edge_000938,book_chunk,SUPPORTED_BY_EVIDENCE,finding_concept:cbc:mono:low,ev_cbc_011654_08649c5a64
0.9,edge_000939,book_chunk,MENTIONS_TEST,ev_cbc_011654_08649c5a64,test:plt
0.55,edge_000940,book_chunk,SUPPORTED_BY_EVIDENCE,finding_concept:cbc:plt:high,ev_cbc_011654_08649c5a64
0.55,edge_000941,book_chunk,SUPPORTED_BY_EVIDENCE,finding_concept:cbc:plt:low,ev_cbc_011654_08649c5a64
0.9,edge_000942,book_chunk,MENTIONS_TEST,ev_cbc_011654_08649c5a64,test:wbc
0.55,edge_000943,book_chunk,SUPPORTED_BY_EVIDENCE,finding_concept:cbc:wbc:high,ev_cbc_011654_08649c5a64
0.55,edge_000944,book_chunk,SUPPORTED_BY_EVIDENCE,finding_concept:cbc:wbc:low,ev_cbc_011654_08649c5a64
0.75,edge_000945,book_chunk,SUPPORTS_CONDITION,ev_cbc_011654_08649c5a64,condition:anemia
0.75,edge_000946,book_chunk,SUPPORTS_CONDITION,ev_cbc_011654_08649c5a64,condition:infection
0.75,edge_000947,book_chunk,SUPPORTS_CONDITION,ev_cbc_011654_08649c5a64,condition:inflammation
0.75,edge_000948,book_chunk,SUPPORTS_CONDITION,ev_cbc_011654_08649c5a64,condition:renal_impairment
0.75,edge_000949,book_chunk,SUPPORTS_CONDITION,ev_cbc_011654_08649c5a64,condition:thrombocytopenia
0.95,edge_000950,book_chunk,FROM_SOURCE,ev_cbc_000317_d7275ade27,source:clinical_hematology_pdf
1.0,edge_000951,book_chunk,BELONGS_TO_PANEL,ev_cbc_000317_d7275ade27,panel:cbc
0.9,edge_000952,book_chunk,MENTIONS_TEST,ev_cbc_000317_d7275ade27,test:lymph
0.55,edge_000953,book_chunk,SUPPORTED_BY_EVIDENCE,finding_concept:cbc:lymph:high,ev_cbc_000317_d7275ade27
0.55,edge_000954,book_chunk,SUPPORTED_BY_EVIDENCE,finding_concept:cbc:lymph:low,ev_cbc_000317_d7275ade27
0.9,edge_000955,book_chunk,MENTIONS_TEST,ev_cbc_000317_d7275ade27,test:mono
0.55,edge_000956,book_chunk,SUPPORTED_BY_EVIDENCE,finding_concept:cbc:mono:high,ev_cbc_000317_d7275ade27
0.55,edge_000957,book_chunk,SUPPORTED_BY_EVIDENCE,finding_concept:cbc:mono:low,ev_cbc_000317_d7275ade27
0.9,edge_000958,book_chunk,MENTIONS_TEST,ev_cbc_000317_d7275ade27,test:neut
0.55,edge_000959,book_chunk,SUPPORTED_BY_EVIDENCE,finding_concept:cbc:neut:high,ev_cbc_000317_d7275ade27
0.55,edge_000960,book_chunk,SUPPORTED_BY_EVIDENCE,finding_concept:cbc:neut:low,ev_cbc_000317_d7275ade27
0.9,edge_000961,book_chunk,MENTIONS_TEST,ev_cbc_000317_d7275ade27,test:plt
0.55,edge_000962,book_chunk,SUPPORTED_BY_EVIDENCE,finding_concept:cbc:plt:high,ev_cbc_000317_d7275ade27
0.55,edge_000963,book_chunk,SUPPORTED_BY_EVIDENCE,finding_concept:cbc:plt:low,ev_cbc_000317_d7275ade27
0.75,edge_000964,book_chunk,SUPPORTS_CONDITION,ev_cbc_000317_d7275ade27,condition:bone_marrow_disorder
0.75,edge_000965,book_chunk,SUPPORTS_CONDITION,ev_cbc_000317_d7275ade27,condition:infection
0.75,edge_000966,book_chunk,SUPPORTS_CONDITION,ev_cbc_000317_d7275ade27,condition:neutropenia
0.95,edge_000967,book_chunk,FROM_SOURCE,ev_cbc_000446_90704a580b,source:clinical_hematology_pdf
1.0,edge_000968,book_chunk,BELONGS_TO_PANEL,ev_cbc_000446_90704a580b,panel:cbc
0.9,edge_000969,book_chunk,MENTIONS_TEST,ev_cbc_000446_90704a580b,test:baso
0.55,edge_000970,book_chunk,SUPPORTED_BY_EVIDENCE,finding_concept:cbc:baso:high,ev_cbc_000446_90704a580b
0.55,edge_000971,book_chunk,SUPPORTED_BY_EVIDENCE,finding_concept:cbc:baso:low,ev_cbc_000446_90704a580b
0.9,edge_000972,book_chunk,MENTIONS_TEST,ev_cbc_000446_90704a580b,test:plt
0.55,edge_000973,book_chunk,SUPPORTED_BY_EVIDENCE,finding_concept:cbc:plt:high,ev_cbc_000446_90704a580b
0.55,edge_000974,book_chunk,SUPPORTED_BY_EVIDENCE,finding_concept:cbc:plt:low,ev_cbc_000446_90704a580b
0.9,edge_000975,book_chunk,MENTIONS_TEST,ev_cbc_000446_90704a580b,test:rbc
0.55,edge_000976,book_chunk,SUPPORTED_BY_EVIDENCE,finding_concept:cbc:rbc:high,ev_cbc_000446_90704a580b
0.55,edge_000977,book_chunk,SUPPORTED_BY_EVIDENCE,finding_concept:cbc:rbc:low,ev_cbc_000446_90704a580b
0.9,edge_000978,book_chunk,MENTIONS_TEST,ev_cbc_000446_90704a580b,test:wbc
0.55,edge_000979,book_chunk,SUPPORTED_BY_EVIDENCE,finding_concept:cbc:wbc:high,ev_cbc_000446_90704a580b
0.55,edge_000980,book_chunk,SUPPORTED_BY_EVIDENCE,finding_concept:cbc:wbc:low,ev_cbc_000446_90704a580b
0.75,edge_000981,book_chunk,SUPPORTS_CONDITION,ev_cbc_000446_90704a580b,condition:basophilia
0.75,edge_000982,book_chunk,SUPPORTS_CONDITION,ev_cbc_000446_90704a580b,condition:bone_marrow_disorder
0.75,edge_000983,book_chunk,SUPPORTS_CONDITION,ev_cbc_000446_90704a580b,condition:leukocytosis
0.75,edge_000984,book_chunk,SUPPORTS_CONDITION,ev_cbc_000446_90704a580b,condition:polycythemia
1.0,edge_000985,book_chunk,FROM_SOURCE,ev_cbc_004627_5e770f8dfc,source:harrison_pdf
1.0,edge_000986,book_chunk,BELONGS_TO_PANEL,ev_cbc_004627_5e770f8dfc,panel:cbc
0.9,edge_000987,book_chunk,MENTIONS_TEST,ev_cbc_004627_5e770f8dfc,test:baso
0.55,edge_000988,book_chunk,SUPPORTED_BY_EVIDENCE,finding_concept:cbc:baso:high,ev_cbc_004627_5e770f8dfc
0.55,edge_000989,book_chunk,SUPPORTED_BY_EVIDENCE,finding_concept:cbc:baso:low,ev_cbc_004627_5e770f8dfc
0.9,edge_000990,book_chunk,MENTIONS_TEST,ev_cbc_004627_5e770f8dfc,test:plt
0.55,edge_000991,book_chunk,SUPPORTED_BY_EVIDENCE,finding_concept:cbc:plt:high,ev_cbc_004627_5e770f8dfc
0.55,edge_000992,book_chunk,SUPPORTED_BY_EVIDENCE,finding_concept:cbc:plt:low,ev_cbc_004627_5e770f8dfc
0.75,edge_000993,book_chunk,SUPPORTS_CONDITION,ev_cbc_004627_5e770f8dfc,condition:bone_marrow_disorder
0.75,edge_000994,book_chunk,SUPPORTS_CONDITION,ev_cbc_004627_5e770f8dfc,condition:renal_impairment
0.75,edge_000995,book_chunk,SUPPORTS_CONDITION,ev_cbc_004627_5e770f8dfc,condition:thrombocytosis
0.95,edge_000996,book_chunk,FROM_SOURCE,ev_cbc_000448_a9d89f0d45,source:clinical_hematology_pdf
1.0,edge_000997,book_chunk,BELONGS_TO_PANEL,ev_cbc_000448_a9d89f0d45,panel:cbc
0.9,edge_000998,book_chunk,MENTIONS_TEST,ev_cbc_000448_a9d89f0d45,test:baso
0.55,edge_000999,book_chunk,SUPPORTED_BY_EVIDENCE,finding_concept:cbc:baso:high,ev_cbc_000448_a9d89f0d45
0.55,edge_001000,book_chunk,SUPPORTED_BY_EVIDENCE,finding_concept:cbc:baso:low,ev_cbc_000448_a9d89f0d45
0.9,edge_001001,book_chunk,MENTIONS_TEST,ev_cbc_000448_a9d89f0d45,test:plt
0.55,edge_001002,book_chunk,SUPPORTED_BY_EVIDENCE,finding_concept:cbc:plt:high,ev_cbc_000448_a9d89f0d45
0.55,edge_001003,book_chunk,SUPPORTED_BY_EVIDENCE,finding_concept:cbc:plt:low,ev_cbc_000448_a9d89f0d45
0.9,edge_001004,book_chunk,MENTIONS_TEST,ev_cbc_000448_a9d89f0d45,test:wbc
0.55,edge_001005,book_chunk,SUPPORTED_BY_EVIDENCE,finding_concept:cbc:wbc:high,ev_cbc_000448_a9d89f0d45
0.55,edge_001006,book_chunk,SUPPORTED_BY_EVIDENCE,finding_concept:cbc:wbc:low,ev_cbc_000448_a9d89f0d45
0.75,edge_001007,book_chunk,SUPPORTS_CONDITION,ev_cbc_000448_a9d89f0d45,condition:basophilia
0.75,edge_001008,book_chunk,SUPPORTS_CONDITION,ev_cbc_000448_a9d89f0d45,condition:leukocytosis
0.75,edge_001009,book_chunk,SUPPORTS_CONDITION,ev_cbc_000448_a9d89f0d45,condition:thrombocytopenia
0.75,edge_001010,book_chunk,SUPPORTS_CONDITION,ev_cbc_000448_a9d89f0d45,condition:thrombocytosis
1.0,edge_001011,book_chunk,FROM_SOURCE,ev_cbc_004595_333ac62b48,source:harrison_pdf
1.0,edge_001012,book_chunk,BELONGS_TO_PANEL,ev_cbc_004595_333ac62b48,panel:cbc
0.9,edge_001013,book_chunk,MENTIONS_TEST,ev_cbc_004595_333ac62b48,test:baso
0.55,edge_001014,book_chunk,SUPPORTED_BY_EVIDENCE,finding_concept:cbc:baso:high,ev_cbc_004595_333ac62b48
0.55,edge_001015,book_chunk,SUPPORTED_BY_EVIDENCE,finding_concept:cbc:baso:low,ev_cbc_004595_333ac62b48
0.75,edge_001016,book_chunk,SUPPORTS_CONDITION,ev_cbc_004595_333ac62b48,condition:bone_marrow_disorder
1.0,edge_001017,book_chunk,FROM_SOURCE,ev_cbc_011872_4d0f4d8e56,source:harrison_pdf
1.0,edge_001018,book_chunk,BELONGS_TO_PANEL,ev_cbc_011872_4d0f4d8e56,panel:cbc
0.9,edge_001019,book_chunk,MENTIONS_TEST,ev_cbc_011872_4d0f4d8e56,test:baso
0.55,edge_001020,book_chunk,SUPPORTED_BY_EVIDENCE,finding_concept:cbc:baso:high,ev_cbc_011872_4d0f4d8e56
0.55,edge_001021,book_chunk,SUPPORTED_BY_EVIDENCE,finding_concept:cbc:baso:low,ev_cbc_011872_4d0f4d8e56
0.75,edge_001022,book_chunk,SUPPORTS_CONDITION,ev_cbc_011872_4d0f4d8e56,condition:basophilia
0.75,edge_001023,book_chunk,SUPPORTS_CONDITION,ev_cbc_011872_4d0f4d8e56,condition:infection
0.95,edge_001024,book_chunk,FROM_SOURCE,ev_cbc_000444_013bbfdead,source:clinical_hematology_pdf
1.0,edge_001025,book_chunk,BELONGS_TO_PANEL,ev_cbc_000444_013bbfdead,panel:cbc
0.9,edge_001026,book_chunk,MENTIONS_TEST,ev_cbc_000444_013bbfdead,test:baso
0.55,edge_001027,book_chunk,SUPPORTED_BY_EVIDENCE,finding_concept:cbc:baso:high,ev_cbc_000444_013bbfdead
0.55,edge_001028,book_chunk,SUPPORTED_BY_EVIDENCE,finding_concept:cbc:baso:low,ev_cbc_000444_013bbfdead
0.9,edge_001029,book_chunk,MENTIONS_TEST,ev_cbc_000444_013bbfdead,test:eos
0.55,edge_001030,book_chunk,SUPPORTED_BY_EVIDENCE,finding_concept:cbc:eos:high,ev_cbc_000444_013bbfdead
0.55,edge_001031,book_chunk,SUPPORTED_BY_EVIDENCE,finding_concept:cbc:eos:low,ev_cbc_000444_013bbfdead
0.9,edge_001032,book_chunk,MENTIONS_TEST,ev_cbc_000444_013bbfdead,test:ig
0.55,edge_001033,book_chunk,SUPPORTED_BY_EVIDENCE,finding_concept:cbc:ig:high,ev_cbc_000444_013bbfdead
0.55,edge_001034,book_chunk,SUPPORTED_BY_EVIDENCE,finding_concept:cbc:ig:low,ev_cbc_000444_013bbfdead
0.9,edge_001035,book_chunk,MENTIONS_TEST,ev_cbc_000444_013bbfdead,test:neut
0.55,edge_001036,book_chunk,SUPPORTED_BY_EVIDENCE,finding_concept:cbc:neut:high,ev_cbc_000444_013bbfdead
0.55,edge_001037,book_chunk,SUPPORTED_BY_EVIDENCE,finding_concept:cbc:neut:low,ev_cbc_000444_013bbfdead
0.9,edge_001038,book_chunk,MENTIONS_TEST,ev_cbc_000444_013bbfdead,test:plt
0.55,edge_001039,book_chunk,SUPPORTED_BY_EVIDENCE,finding_concept:cbc:plt:high,ev_cbc_000444_013bbfdead
0.55,edge_001040,book_chunk,SUPPORTED_BY_EVIDENCE,finding_concept:cbc:plt:low,ev_cbc_000444_013bbfdead
0.75,edge_001041,book_chunk,SUPPORTS_CONDITION,ev_cbc_000444_013bbfdead,condition:basophilia
0.75,edge_001042,book_chunk,SUPPORTS_CONDITION,ev_cbc_000444_013bbfdead,condition:bone_marrow_disorder
0.75,edge_001043,book_chunk,SUPPORTS_CONDITION,ev_cbc_000444_013bbfdead,condition:eosinophilia
0.75,edge_001044,book_chunk,SUPPORTS_CONDITION,ev_cbc_000444_013bbfdead,condition:left_shift_stress_response
0.95,edge_001045,book_chunk,FROM_SOURCE,ev_cbc_000996_1840e00162,source:clinical_hematology_pdf
1.0,edge_001046,book_chunk,BELONGS_TO_PANEL,ev_cbc_000996_1840e00162,panel:cbc
0.9,edge_001047,book_chunk,MENTIONS_TEST,ev_cbc_000996_1840e00162,test:eos
0.55,edge_001048,book_chunk,SUPPORTED_BY_EVIDENCE,finding_concept:cbc:eos:high,ev_cbc_000996_1840e00162
0.55,edge_001049,book_chunk,SUPPORTED_BY_EVIDENCE,finding_concept:cbc:eos:low,ev_cbc_000996_1840e00162
0.9,edge_001050,book_chunk,MENTIONS_TEST,ev_cbc_000996_1840e00162,test:neut
0.55,edge_001051,book_chunk,SUPPORTED_BY_EVIDENCE,finding_concept:cbc:neut:high,ev_cbc_000996_1840e00162
0.55,edge_001052,book_chunk,SUPPORTED_BY_EVIDENCE,finding_concept:cbc:neut:low,ev_cbc_000996_1840e00162
0.75,edge_001053,book_chunk,SUPPORTS_CONDITION,ev_cbc_000996_1840e00162,condition:bone_marrow_disorder
0.75,edge_001054,book_chunk,SUPPORTS_CONDITION,ev_cbc_000996_1840e00162,condition:eosinophilia
0.75,edge_001055,book_chunk,SUPPORTS_CONDITION,ev_cbc_000996_1840e00162,condition:inflammation
1.0,edge_001056,book_chunk,FROM_SOURCE,ev_cbc_004845_4d1d980e94,source:harrison_pdf
1.0,edge_001057,book_chunk,BELONGS_TO_PANEL,ev_cbc_004845_4d1d980e94,panel:cbc
0.9,edge_001058,book_chunk,MENTIONS_TEST,ev_cbc_004845_4d1d980e94,test:eos
0.55,edge_001059,book_chunk,SUPPORTED_BY_EVIDENCE,finding_concept:cbc:eos:high,ev_cbc_004845_4d1d980e94
0.55,edge_001060,book_chunk,SUPPORTED_BY_EVIDENCE,finding_concept:cbc:eos:low,ev_cbc_004845_4d1d980e94
0.9,edge_001061,book_chunk,MENTIONS_TEST,ev_cbc_004845_4d1d980e94,test:plt
0.55,edge_001062,book_chunk,SUPPORTED_BY_EVIDENCE,finding_concept:cbc:plt:high,ev_cbc_004845_4d1d980e94
0.55,edge_001063,book_chunk,SUPPORTED_BY_EVIDENCE,finding_concept:cbc:plt:low,ev_cbc_004845_4d1d980e94
0.75,edge_001064,book_chunk,SUPPORTS_CONDITION,ev_cbc_004845_4d1d980e94,condition:bone_marrow_disorder
0.75,edge_001065,book_chunk,SUPPORTS_CONDITION,ev_cbc_004845_4d1d980e94,condition:eosinophilia
0.75,edge_001066,book_chunk,SUPPORTS_CONDITION,ev_cbc_004845_4d1d980e94,condition:thrombocytopenia
1.0,edge_001067,book_chunk,FROM_SOURCE,ev_cbc_011187_75ba864996,source:harrison_pdf
1.0,edge_001068,book_chunk,BELONGS_TO_PANEL,ev_cbc_011187_75ba864996,panel:cbc
0.9,edge_001069,book_chunk,MENTIONS_TEST,ev_cbc_011187_75ba864996,test:eos
0.55,edge_001070,book_chunk,SUPPORTED_BY_EVIDENCE,finding_concept:cbc:eos:high,ev_cbc_011187_75ba864996
0.55,edge_001071,book_chunk,SUPPORTED_BY_EVIDENCE,finding_concept:cbc:eos:low,ev_cbc_011187_75ba864996
0.9,edge_001072,book_chunk,MENTIONS_TEST,ev_cbc_011187_75ba864996,test:wbc
0.55,edge_001073,book_chunk,SUPPORTED_BY_EVIDENCE,finding_concept:cbc:wbc:high,ev_cbc_011187_75ba864996
0.55,edge_001074,book_chunk,SUPPORTED_BY_EVIDENCE,finding_concept:cbc:wbc:low,ev_cbc_011187_75ba864996
0.75,edge_001075,book_chunk,SUPPORTS_CONDITION,ev_cbc_011187_75ba864996,condition:eosinophilia
0.75,edge_001076,book_chunk,SUPPORTS_CONDITION,ev_cbc_011187_75ba864996,condition:inflammation
0.75,edge_001077,book_chunk,SUPPORTS_CONDITION,ev_cbc_011187_75ba864996,condition:renal_impairment
1.0,edge_001078,book_chunk,FROM_SOURCE,ev_cbc_004311_8838d443b7,source:harrison_pdf
1.0,edge_001079,book_chunk,BELONGS_TO_PANEL,ev_cbc_004311_8838d443b7,panel:cbc
0.9,edge_001080,book_chunk,MENTIONS_TEST,ev_cbc_004311_8838d443b7,test:mchc
0.55,edge_001081,book_chunk,SUPPORTED_BY_EVIDENCE,finding_concept:cbc:mchc:high,ev_cbc_004311_8838d443b7
0.55,edge_001082,book_chunk,SUPPORTED_BY_EVIDENCE,finding_concept:cbc:mchc:low,ev_cbc_004311_8838d443b7
0.9,edge_001083,book_chunk,MENTIONS_TEST,ev_cbc_004311_8838d443b7,test:mcv
0.55,edge_001084,book_chunk,SUPPORTED_BY_EVIDENCE,finding_concept:cbc:mcv:high,ev_cbc_004311_8838d443b7
0.55,edge_001085,book_chunk,SUPPORTED_BY_EVIDENCE,finding_concept:cbc:mcv:low,ev_cbc_004311_8838d443b7
0.75,edge_001086,book_chunk,SUPPORTS_CONDITION,ev_cbc_004311_8838d443b7,condition:anemia
0.75,edge_001087,book_chunk,SUPPORTS_CONDITION,ev_cbc_004311_8838d443b7,condition:hemolytic_anemia
0.75,edge_001088,book_chunk,SUPPORTS_CONDITION,ev_cbc_004311_8838d443b7,condition:macrocytic_anemia
1.0,edge_001089,book_chunk,FROM_SOURCE,ev_cbc_002964_62f719a591,source:harrison_pdf
1.0,edge_001090,book_chunk,BELONGS_TO_PANEL,ev_cbc_002964_62f719a591,panel:cbc
0.9,edge_001091,book_chunk,MENTIONS_TEST,ev_cbc_002964_62f719a591,test:hgb
0.55,edge_001092,book_chunk,SUPPORTED_BY_EVIDENCE,finding_concept:cbc:hgb:high,ev_cbc_002964_62f719a591
0.55,edge_001093,book_chunk,SUPPORTED_BY_EVIDENCE,finding_concept:cbc:hgb:low,ev_cbc_002964_62f719a591
0.9,edge_001094,book_chunk,MENTIONS_TEST,ev_cbc_002964_62f719a591,test:mchc
0.55,edge_001095,book_chunk,SUPPORTED_BY_EVIDENCE,finding_concept:cbc:mchc:high,ev_cbc_002964_62f719a591
0.55,edge_001096,book_chunk,SUPPORTED_BY_EVIDENCE,finding_concept:cbc:mchc:low,ev_cbc_002964_62f719a591
0.9,edge_001097,book_chunk,MENTIONS_TEST,ev_cbc_002964_62f719a591,test:mcv
0.55,edge_001098,book_chunk,SUPPORTED_BY_EVIDENCE,finding_concept:cbc:mcv:high,ev_cbc_002964_62f719a591
0.55,edge_001099,book_chunk,SUPPORTED_BY_EVIDENCE,finding_concept:cbc:mcv:low,ev_cbc_002964_62f719a591
0.9,edge_001100,book_chunk,MENTIONS_TEST,ev_cbc_002964_62f719a591,test:rbc
0.55,edge_001101,book_chunk,SUPPORTED_BY_EVIDENCE,finding_concept:cbc:rbc:high,ev_cbc_002964_62f719a591
0.55,edge_001102,book_chunk,SUPPORTED_BY_EVIDENCE,finding_concept:cbc:rbc:low,ev_cbc_002964_62f719a591
0.9,edge_001103,book_chunk,MENTIONS_TEST,ev_cbc_002964_62f719a591,test:rdw
0.55,edge_001104,book_chunk,SUPPORTED_BY_EVIDENCE,finding_concept:cbc:rdw:high,ev_cbc_002964_62f719a591
0.55,edge_001105,book_chunk,SUPPORTED_BY_EVIDENCE,finding_concept:cbc:rdw:low,ev_cbc_002964_62f719a591
1.0,edge_001106,book_chunk,FROM_SOURCE,ev_cbc_004305_6a494a40bb,source:harrison_pdf
1.0,edge_001107,book_chunk,BELONGS_TO_PANEL,ev_cbc_004305_6a494a40bb,panel:cbc
0.9,edge_001108,book_chunk,MENTIONS_TEST,ev_cbc_004305_6a494a40bb,test:hgb
0.55,edge_001109,book_chunk,SUPPORTED_BY_EVIDENCE,finding_concept:cbc:hgb:high,ev_cbc_004305_6a494a40bb
0.55,edge_001110,book_chunk,SUPPORTED_BY_EVIDENCE,finding_concept:cbc:hgb:low,ev_cbc_004305_6a494a40bb
0.9,edge_001111,book_chunk,MENTIONS_TEST,ev_cbc_004305_6a494a40bb,test:mch
0.55,edge_001112,book_chunk,SUPPORTED_BY_EVIDENCE,finding_concept:cbc:mch:high,ev_cbc_004305_6a494a40bb
0.55,edge_001113,book_chunk,SUPPORTED_BY_EVIDENCE,finding_concept:cbc:mch:low,ev_cbc_004305_6a494a40bb
0.9,edge_001114,book_chunk,MENTIONS_TEST,ev_cbc_004305_6a494a40bb,test:mchc
0.55,edge_001115,book_chunk,SUPPORTED_BY_EVIDENCE,finding_concept:cbc:mchc:high,ev_cbc_004305_6a494a40bb
0.55,edge_001116,book_chunk,SUPPORTED_BY_EVIDENCE,finding_concept:cbc:mchc:low,ev_cbc_004305_6a494a40bb
0.9,edge_001117,book_chunk,MENTIONS_TEST,ev_cbc_004305_6a494a40bb,test:mcv
0.55,edge_001118,book_chunk,SUPPORTED_BY_EVIDENCE,finding_concept:cbc:mcv:high,ev_cbc_004305_6a494a40bb
0.55,edge_001119,book_chunk,SUPPORTED_BY_EVIDENCE,finding_concept:cbc:mcv:low,ev_cbc_004305_6a494a40bb
0.9,edge_001120,book_chunk,MENTIONS_TEST,ev_cbc_004305_6a494a40bb,test:rbc
0.55,edge_001121,book_chunk,SUPPORTED_BY_EVIDENCE,finding_concept:cbc:rbc:high,ev_cbc_004305_6a494a40bb
0.55,edge_001122,book_chunk,SUPPORTED_BY_EVIDENCE,finding_concept:cbc:rbc:low,ev_cbc_004305_6a494a40bb
0.9,edge_001123,book_chunk,MENTIONS_TEST,ev_cbc_004305_6a494a40bb,test:rdw
0.55,edge_001124,book_chunk,SUPPORTED_BY_EVIDENCE,finding_concept:cbc:rdw:high,ev_cbc_004305_6a494a40bb
0.55,edge_001125,book_chunk,SUPPORTED_BY_EVIDENCE,finding_concept:cbc:rdw:low,ev_cbc_004305_6a494a40bb
0.95,edge_001126,book_chunk,FROM_SOURCE,ev_cbc_001021_42eb41c356,source:clinical_hematology_pdf
1.0,edge_001127,book_chunk,BELONGS_TO_PANEL,ev_cbc_001021_42eb41c356,panel:cbc
0.9,edge_001128,book_chunk,MENTIONS_TEST,ev_cbc_001021_42eb41c356,test:hct
0.55,edge_001129,book_chunk,SUPPORTED_BY_EVIDENCE,finding_concept:cbc:hct:high,ev_cbc_001021_42eb41c356
0.55,edge_001130,book_chunk,SUPPORTED_BY_EVIDENCE,finding_concept:cbc:hct:low,ev_cbc_001021_42eb41c356
0.9,edge_001131,book_chunk,MENTIONS_TEST,ev_cbc_001021_42eb41c356,test:hgb
0.55,edge_001132,book_chunk,SUPPORTED_BY_EVIDENCE,finding_concept:cbc:hgb:high,ev_cbc_001021_42eb41c356
0.55,edge_001133,book_chunk,SUPPORTED_BY_EVIDENCE,finding_concept:cbc:hgb:low,ev_cbc_001021_42eb41c356
0.9,edge_001134,book_chunk,MENTIONS_TEST,ev_cbc_001021_42eb41c356,test:mch
0.55,edge_001135,book_chunk,SUPPORTED_BY_EVIDENCE,finding_concept:cbc:mch:high,ev_cbc_001021_42eb41c356
0.55,edge_001136,book_chunk,SUPPORTED_BY_EVIDENCE,finding_concept:cbc:mch:low,ev_cbc_001021_42eb41c356
0.9,edge_001137,book_chunk,MENTIONS_TEST,ev_cbc_001021_42eb41c356,test:mchc
0.55,edge_001138,book_chunk,SUPPORTED_BY_EVIDENCE,finding_concept:cbc:mchc:high,ev_cbc_001021_42eb41c356
0.55,edge_001139,book_chunk,SUPPORTED_BY_EVIDENCE,finding_concept:cbc:mchc:low,ev_cbc_001021_42eb41c356
0.9,edge_001140,book_chunk,MENTIONS_TEST,ev_cbc_001021_42eb41c356,test:mcv
0.55,edge_001141,book_chunk,SUPPORTED_BY_EVIDENCE,finding_concept:cbc:mcv:high,ev_cbc_001021_42eb41c356
0.55,edge_001142,book_chunk,SUPPORTED_BY_EVIDENCE,finding_concept:cbc:mcv:low,ev_cbc_001021_42eb41c356
0.9,edge_001143,book_chunk,MENTIONS_TEST,ev_cbc_001021_42eb41c356,test:rbc
0.55,edge_001144,book_chunk,SUPPORTED_BY_EVIDENCE,finding_concept:cbc:rbc:high,ev_cbc_001021_42eb41c356
0.55,edge_001145,book_chunk,SUPPORTED_BY_EVIDENCE,finding_concept:cbc:rbc:low,ev_cbc_001021_42eb41c356
0.75,edge_001146,book_chunk,SUPPORTS_CONDITION,ev_cbc_001021_42eb41c356,condition:anemia
0.75,edge_001147,book_chunk,SUPPORTS_CONDITION,ev_cbc_001021_42eb41c356,condition:iron_deficiency_anemia
0.75,edge_001148,book_chunk,SUPPORTS_CONDITION,ev_cbc_001021_42eb41c356,condition:macrocytic_anemia
0.75,edge_001149,book_chunk,SUPPORTS_CONDITION,ev_cbc_001021_42eb41c356,condition:microcytic_anemia
0.75,edge_001150,book_chunk,SUPPORTS_CONDITION,ev_cbc_001021_42eb41c356,condition:thalassemia
1.0,edge_001151,book_chunk,FROM_SOURCE,ev_cbc_002961_a3d6c5db9b,source:harrison_pdf
1.0,edge_001152,book_chunk,BELONGS_TO_PANEL,ev_cbc_002961_a3d6c5db9b,panel:cbc
0.9,edge_001153,book_chunk,MENTIONS_TEST,ev_cbc_002961_a3d6c5db9b,test:hct
0.55,edge_001154,book_chunk,SUPPORTED_BY_EVIDENCE,finding_concept:cbc:hct:high,ev_cbc_002961_a3d6c5db9b
0.55,edge_001155,book_chunk,SUPPORTED_BY_EVIDENCE,finding_concept:cbc:hct:low,ev_cbc_002961_a3d6c5db9b
0.9,edge_001156,book_chunk,MENTIONS_TEST,ev_cbc_002961_a3d6c5db9b,test:hgb
0.55,edge_001157,book_chunk,SUPPORTED_BY_EVIDENCE,finding_concept:cbc:hgb:high,ev_cbc_002961_a3d6c5db9b
0.55,edge_001158,book_chunk,SUPPORTED_BY_EVIDENCE,finding_concept:cbc:hgb:low,ev_cbc_002961_a3d6c5db9b
0.9,edge_001159,book_chunk,MENTIONS_TEST,ev_cbc_002961_a3d6c5db9b,test:mch
0.55,edge_001160,book_chunk,SUPPORTED_BY_EVIDENCE,finding_concept:cbc:mch:high,ev_cbc_002961_a3d6c5db9b
0.55,edge_001161,book_chunk,SUPPORTED_BY_EVIDENCE,finding_concept:cbc:mch:low,ev_cbc_002961_a3d6c5db9b
0.9,edge_001162,book_chunk,MENTIONS_TEST,ev_cbc_002961_a3d6c5db9b,test:mchc
0.55,edge_001163,book_chunk,SUPPORTED_BY_EVIDENCE,finding_concept:cbc:mchc:high,ev_cbc_002961_a3d6c5db9b
0.55,edge_001164,book_chunk,SUPPORTED_BY_EVIDENCE,finding_concept:cbc:mchc:low,ev_cbc_002961_a3d6c5db9b
0.9,edge_001165,book_chunk,MENTIONS_TEST,ev_cbc_002961_a3d6c5db9b,test:mcv
0.55,edge_001166,book_chunk,SUPPORTED_BY_EVIDENCE,finding_concept:cbc:mcv:high,ev_cbc_002961_a3d6c5db9b
0.55,edge_001167,book_chunk,SUPPORTED_BY_EVIDENCE,finding_concept:cbc:mcv:low,ev_cbc_002961_a3d6c5db9b
0.9,edge_001168,book_chunk,MENTIONS_TEST,ev_cbc_002961_a3d6c5db9b,test:plt
0.55,edge_001169,book_chunk,SUPPORTED_BY_EVIDENCE,finding_concept:cbc:plt:high,ev_cbc_002961_a3d6c5db9b
0.55,edge_001170,book_chunk,SUPPORTED_BY_EVIDENCE,finding_concept:cbc:plt:low,ev_cbc_002961_a3d6c5db9b
0.9,edge_001171,book_chunk,MENTIONS_TEST,ev_cbc_002961_a3d6c5db9b,test:rbc
0.55,edge_001172,book_chunk,SUPPORTED_BY_EVIDENCE,finding_concept:cbc:rbc:high,ev_cbc_002961_a3d6c5db9b
0.55,edge_001173,book_chunk,SUPPORTED_BY_EVIDENCE,finding_concept:cbc:rbc:low,ev_cbc_002961_a3d6c5db9b
0.75,edge_001174,book_chunk,SUPPORTS_CONDITION,ev_cbc_002961_a3d6c5db9b,condition:anemia
0.98,edge_001175,book_chunk,FROM_SOURCE,ev_biochem_000302_25a8501728,source:henry_pdf
1.0,edge_001176,book_chunk,BELONGS_TO_PANEL,ev_biochem_000302_25a8501728,panel:biochem
0.9,edge_001177,book_chunk,MENTIONS_TEST,ev_biochem_000302_25a8501728,test:albumin
0.55,edge_001178,book_chunk,SUPPORTED_BY_EVIDENCE,finding_concept:biochem:albumin:high,ev_biochem_000302_25a8501728
0.55,edge_001179,book_chunk,SUPPORTED_BY_EVIDENCE,finding_concept:biochem:albumin:low,ev_biochem_000302_25a8501728
0.9,edge_001180,book_chunk,MENTIONS_TEST,ev_biochem_000302_25a8501728,test:alt
0.55,edge_001181,book_chunk,SUPPORTED_BY_EVIDENCE,finding_concept:biochem:alt:high,ev_biochem_000302_25a8501728
0.55,edge_001182,book_chunk,SUPPORTED_BY_EVIDENCE,finding_concept:biochem:alt:low,ev_biochem_000302_25a8501728
0.9,edge_001183,book_chunk,MENTIONS_TEST,ev_biochem_000302_25a8501728,test:ast
0.55,edge_001184,book_chunk,SUPPORTED_BY_EVIDENCE,finding_concept:biochem:ast:high,ev_biochem_000302_25a8501728
0.55,edge_001185,book_chunk,SUPPORTED_BY_EVIDENCE,finding_concept:biochem:ast:low,ev_biochem_000302_25a8501728
0.9,edge_001186,book_chunk,MENTIONS_TEST,ev_biochem_000302_25a8501728,test:calcium_ion
0.55,edge_001187,book_chunk,SUPPORTED_BY_EVIDENCE,finding_concept:biochem:calcium_ion:high,ev_biochem_000302_25a8501728
0.55,edge_001188,book_chunk,SUPPORTED_BY_EVIDENCE,finding_concept:biochem:calcium_ion:low,ev_biochem_000302_25a8501728
0.9,edge_001189,book_chunk,MENTIONS_TEST,ev_biochem_000302_25a8501728,test:cholesterol
0.55,edge_001190,book_chunk,SUPPORTED_BY_EVIDENCE,finding_concept:biochem:cholesterol:high,ev_biochem_000302_25a8501728
0.55,edge_001191,book_chunk,SUPPORTED_BY_EVIDENCE,finding_concept:biochem:cholesterol:low,ev_biochem_000302_25a8501728
0.9,edge_001192,book_chunk,MENTIONS_TEST,ev_biochem_000302_25a8501728,test:cl
0.55,edge_001193,book_chunk,SUPPORTED_BY_EVIDENCE,finding_concept:biochem:cl:high,ev_biochem_000302_25a8501728
0.55,edge_001194,book_chunk,SUPPORTED_BY_EVIDENCE,finding_concept:biochem:cl:low,ev_biochem_000302_25a8501728
0.9,edge_001195,book_chunk,MENTIONS_TEST,ev_biochem_000302_25a8501728,test:creatinine
0.55,edge_001196,book_chunk,SUPPORTED_BY_EVIDENCE,finding_concept:biochem:creatinine:high,ev_biochem_000302_25a8501728
0.55,edge_001197,book_chunk,SUPPORTED_BY_EVIDENCE,finding_concept:biochem:creatinine:low,ev_biochem_000302_25a8501728
0.9,edge_001198,book_chunk,MENTIONS_TEST,ev_biochem_000302_25a8501728,test:glucose
0.55,edge_001199,book_chunk,SUPPORTED_BY_EVIDENCE,finding_concept:biochem:glucose:high,ev_biochem_000302_25a8501728
0.55,edge_001200,book_chunk,SUPPORTED_BY_EVIDENCE,finding_concept:biochem:glucose:low,ev_biochem_000302_25a8501728
0.9,edge_001201,book_chunk,MENTIONS_TEST,ev_biochem_000302_25a8501728,test:k
0.55,edge_001202,book_chunk,SUPPORTED_BY_EVIDENCE,finding_concept:biochem:k:high,ev_biochem_000302_25a8501728
0.55,edge_001203,book_chunk,SUPPORTED_BY_EVIDENCE,finding_concept:biochem:k:low,ev_biochem_000302_25a8501728
0.75,edge_001204,book_chunk,SUPPORTS_CONDITION,ev_biochem_000302_25a8501728,condition:bone_mineral_disorder
0.75,edge_001205,book_chunk,SUPPORTS_CONDITION,ev_biochem_000302_25a8501728,condition:cardiovascular_risk
0.75,edge_001206,book_chunk,SUPPORTS_CONDITION,ev_biochem_000302_25a8501728,condition:diabetes_risk
0.75,edge_001207,book_chunk,SUPPORTS_CONDITION,ev_biochem_000302_25a8501728,condition:dyslipidemia
0.75,edge_001208,book_chunk,SUPPORTS_CONDITION,ev_biochem_000302_25a8501728,condition:electrolyte_disorder
0.75,edge_001209,book_chunk,SUPPORTS_CONDITION,ev_biochem_000302_25a8501728,condition:hyperglycemia
0.75,edge_001210,book_chunk,SUPPORTS_CONDITION,ev_biochem_000302_25a8501728,condition:hypoalbuminemia
0.75,edge_001211,book_chunk,SUPPORTS_CONDITION,ev_biochem_000302_25a8501728,condition:reduced_kidney_function
0.75,edge_001212,book_chunk,SUPPORTS_CONDITION,ev_biochem_000302_25a8501728,condition:renal_impairment
0.98,edge_001213,book_chunk,FROM_SOURCE,ev_biochem_000421_2772830193,source:henry_pdf
1.0,edge_001214,book_chunk,BELONGS_TO_PANEL,ev_biochem_000421_2772830193,panel:biochem
0.9,edge_001215,book_chunk,MENTIONS_TEST,ev_biochem_000421_2772830193,test:creatinine
0.55,edge_001216,book_chunk,SUPPORTED_BY_EVIDENCE,finding_concept:biochem:creatinine:high,ev_biochem_000421_2772830193
0.55,edge_001217,book_chunk,SUPPORTED_BY_EVIDENCE,finding_concept:biochem:creatinine:low,ev_biochem_000421_2772830193
0.9,edge_001218,book_chunk,MENTIONS_TEST,ev_biochem_000421_2772830193,test:glucose
0.55,edge_001219,book_chunk,SUPPORTED_BY_EVIDENCE,finding_concept:biochem:glucose:high,ev_biochem_000421_2772830193
0.55,edge_001220,book_chunk,SUPPORTED_BY_EVIDENCE,finding_concept:biochem:glucose:low,ev_biochem_000421_2772830193
0.9,edge_001221,book_chunk,MENTIONS_TEST,ev_biochem_000421_2772830193,test:urea
0.55,edge_001222,book_chunk,SUPPORTED_BY_EVIDENCE,finding_concept:biochem:urea:high,ev_biochem_000421_2772830193
0.55,edge_001223,book_chunk,SUPPORTED_BY_EVIDENCE,finding_concept:biochem:urea:low,ev_biochem_000421_2772830193
0.75,edge_001224,book_chunk,SUPPORTS_CONDITION,ev_biochem_000421_2772830193,condition:diabetes_risk
0.75,edge_001225,book_chunk,SUPPORTS_CONDITION,ev_biochem_000421_2772830193,condition:hyperglycemia
0.75,edge_001226,book_chunk,SUPPORTS_CONDITION,ev_biochem_000421_2772830193,condition:reduced_kidney_function
0.75,edge_001227,book_chunk,SUPPORTS_CONDITION,ev_biochem_000421_2772830193,condition:renal_impairment
0.98,edge_001228,book_chunk,FROM_SOURCE,ev_biochem_000471_5895dac0f6,source:henry_pdf
1.0,edge_001229,book_chunk,BELONGS_TO_PANEL,ev_biochem_000471_5895dac0f6,panel:biochem
0.9,edge_001230,book_chunk,MENTIONS_TEST,ev_biochem_000471_5895dac0f6,test:cl
0.55,edge_001231,book_chunk,SUPPORTED_BY_EVIDENCE,finding_concept:biochem:cl:high,ev_biochem_000471_5895dac0f6
0.55,edge_001232,book_chunk,SUPPORTED_BY_EVIDENCE,finding_concept:biochem:cl:low,ev_biochem_000471_5895dac0f6
0.9,edge_001233,book_chunk,MENTIONS_TEST,ev_biochem_000471_5895dac0f6,test:creatinine
0.55,edge_001234,book_chunk,SUPPORTED_BY_EVIDENCE,finding_concept:biochem:creatinine:high,ev_biochem_000471_5895dac0f6
0.55,edge_001235,book_chunk,SUPPORTED_BY_EVIDENCE,finding_concept:biochem:creatinine:low,ev_biochem_000471_5895dac0f6
0.9,edge_001236,book_chunk,MENTIONS_TEST,ev_biochem_000471_5895dac0f6,test:k
0.55,edge_001237,book_chunk,SUPPORTED_BY_EVIDENCE,finding_concept:biochem:k:high,ev_biochem_000471_5895dac0f6
0.55,edge_001238,book_chunk,SUPPORTED_BY_EVIDENCE,finding_concept:biochem:k:low,ev_biochem_000471_5895dac0f6
0.9,edge_001239,book_chunk,MENTIONS_TEST,ev_biochem_000471_5895dac0f6,test:na
0.55,edge_001240,book_chunk,SUPPORTED_BY_EVIDENCE,finding_concept:biochem:na:high,ev_biochem_000471_5895dac0f6
0.55,edge_001241,book_chunk,SUPPORTED_BY_EVIDENCE,finding_concept:biochem:na:low,ev_biochem_000471_5895dac0f6
0.75,edge_001242,book_chunk,SUPPORTS_CONDITION,ev_biochem_000471_5895dac0f6,condition:electrolyte_disorder
0.75,edge_001243,book_chunk,SUPPORTS_CONDITION,ev_biochem_000471_5895dac0f6,condition:reduced_kidney_function
0.75,edge_001244,book_chunk,SUPPORTS_CONDITION,ev_biochem_000471_5895dac0f6,condition:renal_impairment
0.98,edge_001245,book_chunk,FROM_SOURCE,ev_biochem_000578_8397036c88,source:henry_pdf
1.0,edge_001246,book_chunk,BELONGS_TO_PANEL,ev_biochem_000578_8397036c88,panel:biochem
0.9,edge_001247,book_chunk,MENTIONS_TEST,ev_biochem_000578_8397036c88,test:creatinine
0.55,edge_001248,book_chunk,SUPPORTED_BY_EVIDENCE,finding_concept:biochem:creatinine:high,ev_biochem_000578_8397036c88
0.55,edge_001249,book_chunk,SUPPORTED_BY_EVIDENCE,finding_concept:biochem:creatinine:low,ev_biochem_000578_8397036c88
0.9,edge_001250,book_chunk,MENTIONS_TEST,ev_biochem_000578_8397036c88,test:glucose
0.55,edge_001251,book_chunk,SUPPORTED_BY_EVIDENCE,finding_concept:biochem:glucose:high,ev_biochem_000578_8397036c88
0.55,edge_001252,book_chunk,SUPPORTED_BY_EVIDENCE,finding_concept:biochem:glucose:low,ev_biochem_000578_8397036c88
0.9,edge_001253,book_chunk,MENTIONS_TEST,ev_biochem_000578_8397036c88,test:k
0.55,edge_001254,book_chunk,SUPPORTED_BY_EVIDENCE,finding_concept:biochem:k:high,ev_biochem_000578_8397036c88
0.55,edge_001255,book_chunk,SUPPORTED_BY_EVIDENCE,finding_concept:biochem:k:low,ev_biochem_000578_8397036c88
0.75,edge_001256,book_chunk,SUPPORTS_CONDITION,ev_biochem_000578_8397036c88,condition:diabetes_risk
0.75,edge_001257,book_chunk,SUPPORTS_CONDITION,ev_biochem_000578_8397036c88,condition:hyperglycemia
0.75,edge_001258,book_chunk,SUPPORTS_CONDITION,ev_biochem_000578_8397036c88,condition:reduced_kidney_function
0.75,edge_001259,book_chunk,SUPPORTS_CONDITION,ev_biochem_000578_8397036c88,condition:renal_impairment
0.98,edge_001260,book_chunk,FROM_SOURCE,ev_biochem_001873_e8f4c9f504,source:henry_pdf
1.0,edge_001261,book_chunk,BELONGS_TO_PANEL,ev_biochem_001873_e8f4c9f504,panel:biochem
0.9,edge_001262,book_chunk,MENTIONS_TEST,ev_biochem_001873_e8f4c9f504,test:albumin
0.55,edge_001263,book_chunk,SUPPORTED_BY_EVIDENCE,finding_concept:biochem:albumin:high,ev_biochem_001873_e8f4c9f504
0.55,edge_001264,book_chunk,SUPPORTED_BY_EVIDENCE,finding_concept:biochem:albumin:low,ev_biochem_001873_e8f4c9f504
0.9,edge_001265,book_chunk,MENTIONS_TEST,ev_biochem_001873_e8f4c9f504,test:calcium_ion
0.55,edge_001266,book_chunk,SUPPORTED_BY_EVIDENCE,finding_concept:biochem:calcium_ion:high,ev_biochem_001873_e8f4c9f504
0.55,edge_001267,book_chunk,SUPPORTED_BY_EVIDENCE,finding_concept:biochem:calcium_ion:low,ev_biochem_001873_e8f4c9f504
0.9,edge_001268,book_chunk,MENTIONS_TEST,ev_biochem_001873_e8f4c9f504,test:creatinine
0.55,edge_001269,book_chunk,SUPPORTED_BY_EVIDENCE,finding_concept:biochem:creatinine:high,ev_biochem_001873_e8f4c9f504
0.55,edge_001270,book_chunk,SUPPORTED_BY_EVIDENCE,finding_concept:biochem:creatinine:low,ev_biochem_001873_e8f4c9f504
0.9,edge_001271,book_chunk,MENTIONS_TEST,ev_biochem_001873_e8f4c9f504,test:na
0.55,edge_001272,book_chunk,SUPPORTED_BY_EVIDENCE,finding_concept:biochem:na:high,ev_biochem_001873_e8f4c9f504
0.55,edge_001273,book_chunk,SUPPORTED_BY_EVIDENCE,finding_concept:biochem:na:low,ev_biochem_001873_e8f4c9f504
0.9,edge_001274,book_chunk,MENTIONS_TEST,ev_biochem_001873_e8f4c9f504,test:uric_acid
0.55,edge_001275,book_chunk,SUPPORTED_BY_EVIDENCE,finding_concept:biochem:uric_acid:high,ev_biochem_001873_e8f4c9f504
0.55,edge_001276,book_chunk,SUPPORTED_BY_EVIDENCE,finding_concept:biochem:uric_acid:low,ev_biochem_001873_e8f4c9f504
0.75,edge_001277,book_chunk,SUPPORTS_CONDITION,ev_biochem_001873_e8f4c9f504,condition:bone_mineral_disorder
0.75,edge_001278,book_chunk,SUPPORTS_CONDITION,ev_biochem_001873_e8f4c9f504,condition:gout_risk
0.75,edge_001279,book_chunk,SUPPORTS_CONDITION,ev_biochem_001873_e8f4c9f504,condition:hyperuricemia
0.75,edge_001280,book_chunk,SUPPORTS_CONDITION,ev_biochem_001873_e8f4c9f504,condition:hypoalbuminemia
0.75,edge_001281,book_chunk,SUPPORTS_CONDITION,ev_biochem_001873_e8f4c9f504,condition:reduced_kidney_function
0.75,edge_001282,book_chunk,SUPPORTS_CONDITION,ev_biochem_001873_e8f4c9f504,condition:renal_impairment
0.98,edge_001283,book_chunk,FROM_SOURCE,ev_biochem_005065_b75377c30c,source:tietz_pdf
1.0,edge_001284,book_chunk,BELONGS_TO_PANEL,ev_biochem_005065_b75377c30c,panel:biochem
0.9,edge_001285,book_chunk,MENTIONS_TEST,ev_biochem_005065_b75377c30c,test:albumin
0.55,edge_001286,book_chunk,SUPPORTED_BY_EVIDENCE,finding_concept:biochem:albumin:high,ev_biochem_005065_b75377c30c
0.55,edge_001287,book_chunk,SUPPORTED_BY_EVIDENCE,finding_concept:biochem:albumin:low,ev_biochem_005065_b75377c30c
0.9,edge_001288,book_chunk,MENTIONS_TEST,ev_biochem_005065_b75377c30c,test:creatinine
0.55,edge_001289,book_chunk,SUPPORTED_BY_EVIDENCE,finding_concept:biochem:creatinine:high,ev_biochem_005065_b75377c30c
0.55,edge_001290,book_chunk,SUPPORTED_BY_EVIDENCE,finding_concept:biochem:creatinine:low,ev_biochem_005065_b75377c30c
0.9,edge_001291,book_chunk,MENTIONS_TEST,ev_biochem_005065_b75377c30c,test:glucose
0.55,edge_001292,book_chunk,SUPPORTED_BY_EVIDENCE,finding_concept:biochem:glucose:high,ev_biochem_005065_b75377c30c
0.55,edge_001293,book_chunk,SUPPORTED_BY_EVIDENCE,finding_concept:biochem:glucose:low,ev_biochem_005065_b75377c30c
0.75,edge_001294,book_chunk,SUPPORTS_CONDITION,ev_biochem_005065_b75377c30c,condition:diabetes_risk
0.75,edge_001295,book_chunk,SUPPORTS_CONDITION,ev_biochem_005065_b75377c30c,condition:hyperglycemia
0.75,edge_001296,book_chunk,SUPPORTS_CONDITION,ev_biochem_005065_b75377c30c,condition:hypoalbuminemia
0.75,edge_001297,book_chunk,SUPPORTS_CONDITION,ev_biochem_005065_b75377c30c,condition:reduced_kidney_function
0.75,edge_001298,book_chunk,SUPPORTS_CONDITION,ev_biochem_005065_b75377c30c,condition:renal_impairment
0.98,edge_001299,book_chunk,FROM_SOURCE,ev_biochem_000027_bf54a461d3,source:henry_pdf
1.0,edge_001300,book_chunk,BELONGS_TO_PANEL,ev_biochem_000027_bf54a461d3,panel:biochem
0.9,edge_001301,book_chunk,MENTIONS_TEST,ev_biochem_000027_bf54a461d3,test:alt
0.55,edge_001302,book_chunk,SUPPORTED_BY_EVIDENCE,finding_concept:biochem:alt:high,ev_biochem_000027_bf54a461d3
0.55,edge_001303,book_chunk,SUPPORTED_BY_EVIDENCE,finding_concept:biochem:alt:low,ev_biochem_000027_bf54a461d3
0.9,edge_001304,book_chunk,MENTIONS_TEST,ev_biochem_000027_bf54a461d3,test:ast
0.55,edge_001305,book_chunk,SUPPORTED_BY_EVIDENCE,finding_concept:biochem:ast:high,ev_biochem_000027_bf54a461d3
0.55,edge_001306,book_chunk,SUPPORTED_BY_EVIDENCE,finding_concept:biochem:ast:low,ev_biochem_000027_bf54a461d3
0.9,edge_001307,book_chunk,MENTIONS_TEST,ev_biochem_000027_bf54a461d3,test:cholesterol
0.55,edge_001308,book_chunk,SUPPORTED_BY_EVIDENCE,finding_concept:biochem:cholesterol:high,ev_biochem_000027_bf54a461d3
0.55,edge_001309,book_chunk,SUPPORTED_BY_EVIDENCE,finding_concept:biochem:cholesterol:low,ev_biochem_000027_bf54a461d3
0.9,edge_001310,book_chunk,MENTIONS_TEST,ev_biochem_000027_bf54a461d3,test:glucose
0.55,edge_001311,book_chunk,SUPPORTED_BY_EVIDENCE,finding_concept:biochem:glucose:high,ev_biochem_000027_bf54a461d3
0.55,edge_001312,book_chunk,SUPPORTED_BY_EVIDENCE,finding_concept:biochem:glucose:low,ev_biochem_000027_bf54a461d3
0.9,edge_001313,book_chunk,MENTIONS_TEST,ev_biochem_000027_bf54a461d3,test:k
0.55,edge_001314,book_chunk,SUPPORTED_BY_EVIDENCE,finding_concept:biochem:k:high,ev_biochem_000027_bf54a461d3
0.55,edge_001315,book_chunk,SUPPORTED_BY_EVIDENCE,finding_concept:biochem:k:low,ev_biochem_000027_bf54a461d3
0.9,edge_001316,book_chunk,MENTIONS_TEST,ev_biochem_000027_bf54a461d3,test:triglyceride
0.55,edge_001317,book_chunk,SUPPORTED_BY_EVIDENCE,finding_concept:biochem:triglyceride:high,ev_biochem_000027_bf54a461d3
0.55,edge_001318,book_chunk,SUPPORTED_BY_EVIDENCE,finding_concept:biochem:triglyceride:low,ev_biochem_000027_bf54a461d3
0.75,edge_001319,book_chunk,SUPPORTS_CONDITION,ev_biochem_000027_bf54a461d3,condition:cardiovascular_risk
0.75,edge_001320,book_chunk,SUPPORTS_CONDITION,ev_biochem_000027_bf54a461d3,condition:diabetes_risk
0.75,edge_001321,book_chunk,SUPPORTS_CONDITION,ev_biochem_000027_bf54a461d3,condition:dyslipidemia
0.75,edge_001322,book_chunk,SUPPORTS_CONDITION,ev_biochem_000027_bf54a461d3,condition:electrolyte_disorder
0.75,edge_001323,book_chunk,SUPPORTS_CONDITION,ev_biochem_000027_bf54a461d3,condition:hyperglycemia
0.98,edge_001324,book_chunk,FROM_SOURCE,ev_biochem_000030_f12bd8ac56,source:henry_pdf
1.0,edge_001325,book_chunk,BELONGS_TO_PANEL,ev_biochem_000030_f12bd8ac56,panel:biochem
0.9,edge_001326,book_chunk,MENTIONS_TEST,ev_biochem_000030_f12bd8ac56,test:cholesterol
0.55,edge_001327,book_chunk,SUPPORTED_BY_EVIDENCE,finding_concept:biochem:cholesterol:high,ev_biochem_000030_f12bd8ac56
0.55,edge_001328,book_chunk,SUPPORTED_BY_EVIDENCE,finding_concept:biochem:cholesterol:low,ev_biochem_000030_f12bd8ac56
0.9,edge_001329,book_chunk,MENTIONS_TEST,ev_biochem_000030_f12bd8ac56,test:glucose
0.55,edge_001330,book_chunk,SUPPORTED_BY_EVIDENCE,finding_concept:biochem:glucose:high,ev_biochem_000030_f12bd8ac56
0.55,edge_001331,book_chunk,SUPPORTED_BY_EVIDENCE,finding_concept:biochem:glucose:low,ev_biochem_000030_f12bd8ac56
0.9,edge_001332,book_chunk,MENTIONS_TEST,ev_biochem_000030_f12bd8ac56,test:hdl_c
0.55,edge_001333,book_chunk,SUPPORTED_BY_EVIDENCE,finding_concept:biochem:hdl_c:high,ev_biochem_000030_f12bd8ac56
0.55,edge_001334,book_chunk,SUPPORTED_BY_EVIDENCE,finding_concept:biochem:hdl_c:low,ev_biochem_000030_f12bd8ac56
0.9,edge_001335,book_chunk,MENTIONS_TEST,ev_biochem_000030_f12bd8ac56,test:triglyceride
0.55,edge_001336,book_chunk,SUPPORTED_BY_EVIDENCE,finding_concept:biochem:triglyceride:high,ev_biochem_000030_f12bd8ac56
0.55,edge_001337,book_chunk,SUPPORTED_BY_EVIDENCE,finding_concept:biochem:triglyceride:low,ev_biochem_000030_f12bd8ac56
0.9,edge_001338,book_chunk,MENTIONS_TEST,ev_biochem_000030_f12bd8ac56,test:uric_acid
0.55,edge_001339,book_chunk,SUPPORTED_BY_EVIDENCE,finding_concept:biochem:uric_acid:high,ev_biochem_000030_f12bd8ac56
0.55,edge_001340,book_chunk,SUPPORTED_BY_EVIDENCE,finding_concept:biochem:uric_acid:low,ev_biochem_000030_f12bd8ac56
0.75,edge_001341,book_chunk,SUPPORTS_CONDITION,ev_biochem_000030_f12bd8ac56,condition:cardiovascular_risk
0.75,edge_001342,book_chunk,SUPPORTS_CONDITION,ev_biochem_000030_f12bd8ac56,condition:diabetes_risk
0.75,edge_001343,book_chunk,SUPPORTS_CONDITION,ev_biochem_000030_f12bd8ac56,condition:dyslipidemia
0.75,edge_001344,book_chunk,SUPPORTS_CONDITION,ev_biochem_000030_f12bd8ac56,condition:gout_risk
0.75,edge_001345,book_chunk,SUPPORTS_CONDITION,ev_biochem_000030_f12bd8ac56,condition:hyperglycemia
0.75,edge_001346,book_chunk,SUPPORTS_CONDITION,ev_biochem_000030_f12bd8ac56,condition:hyperuricemia
0.75,edge_001347,book_chunk,SUPPORTS_CONDITION,ev_biochem_000030_f12bd8ac56,condition:macrocytic_anemia
0.98,edge_001348,book_chunk,FROM_SOURCE,ev_biochem_000751_d755929a53,source:henry_pdf
1.0,edge_001349,book_chunk,BELONGS_TO_PANEL,ev_biochem_000751_d755929a53,panel:biochem
0.9,edge_001350,book_chunk,MENTIONS_TEST,ev_biochem_000751_d755929a53,test:cholesterol
0.55,edge_001351,book_chunk,SUPPORTED_BY_EVIDENCE,finding_concept:biochem:cholesterol:high,ev_biochem_000751_d755929a53
0.55,edge_001352,book_chunk,SUPPORTED_BY_EVIDENCE,finding_concept:biochem:cholesterol:low,ev_biochem_000751_d755929a53
0.9,edge_001353,book_chunk,MENTIONS_TEST,ev_biochem_000751_d755929a53,test:glucose
0.55,edge_001354,book_chunk,SUPPORTED_BY_EVIDENCE,finding_concept:biochem:glucose:high,ev_biochem_000751_d755929a53
0.55,edge_001355,book_chunk,SUPPORTED_BY_EVIDENCE,finding_concept:biochem:glucose:low,ev_biochem_000751_d755929a53
0.9,edge_001356,book_chunk,MENTIONS_TEST,ev_biochem_000751_d755929a53,test:hdl_c
0.55,edge_001357,book_chunk,SUPPORTED_BY_EVIDENCE,finding_concept:biochem:hdl_c:high,ev_biochem_000751_d755929a53
0.55,edge_001358,book_chunk,SUPPORTED_BY_EVIDENCE,finding_concept:biochem:hdl_c:low,ev_biochem_000751_d755929a53
0.9,edge_001359,book_chunk,MENTIONS_TEST,ev_biochem_000751_d755929a53,test:ldl_c
0.55,edge_001360,book_chunk,SUPPORTED_BY_EVIDENCE,finding_concept:biochem:ldl_c:high,ev_biochem_000751_d755929a53
0.55,edge_001361,book_chunk,SUPPORTED_BY_EVIDENCE,finding_concept:biochem:ldl_c:low,ev_biochem_000751_d755929a53
0.9,edge_001362,book_chunk,MENTIONS_TEST,ev_biochem_000751_d755929a53,test:triglyceride
0.55,edge_001363,book_chunk,SUPPORTED_BY_EVIDENCE,finding_concept:biochem:triglyceride:high,ev_biochem_000751_d755929a53
0.55,edge_001364,book_chunk,SUPPORTED_BY_EVIDENCE,finding_concept:biochem:triglyceride:low,ev_biochem_000751_d755929a53
0.75,edge_001365,book_chunk,SUPPORTS_CONDITION,ev_biochem_000751_d755929a53,condition:cardiovascular_risk
0.75,edge_001366,book_chunk,SUPPORTS_CONDITION,ev_biochem_000751_d755929a53,condition:diabetes_risk
0.75,edge_001367,book_chunk,SUPPORTS_CONDITION,ev_biochem_000751_d755929a53,condition:dyslipidemia
0.75,edge_001368,book_chunk,SUPPORTS_CONDITION,ev_biochem_000751_d755929a53,condition:hyperglycemia
0.98,edge_001369,book_chunk,FROM_SOURCE,ev_biochem_001176_b2fbca24c5,source:henry_pdf
1.0,edge_001370,book_chunk,BELONGS_TO_PANEL,ev_biochem_001176_b2fbca24c5,panel:biochem
0.9,edge_001371,book_chunk,MENTIONS_TEST,ev_biochem_001176_b2fbca24c5,test:alt
0.55,edge_001372,book_chunk,SUPPORTED_BY_EVIDENCE,finding_concept:biochem:alt:high,ev_biochem_001176_b2fbca24c5
0.55,edge_001373,book_chunk,SUPPORTED_BY_EVIDENCE,finding_concept:biochem:alt:low,ev_biochem_001176_b2fbca24c5
0.9,edge_001374,book_chunk,MENTIONS_TEST,ev_biochem_001176_b2fbca24c5,test:ast
0.55,edge_001375,book_chunk,SUPPORTED_BY_EVIDENCE,finding_concept:biochem:ast:high,ev_biochem_001176_b2fbca24c5
0.55,edge_001376,book_chunk,SUPPORTED_BY_EVIDENCE,finding_concept:biochem:ast:low,ev_biochem_001176_b2fbca24c5
0.75,edge_001377,book_chunk,SUPPORTS_CONDITION,ev_biochem_001176_b2fbca24c5,condition:gout_risk
0.75,edge_001378,book_chunk,SUPPORTS_CONDITION,ev_biochem_001176_b2fbca24c5,condition:hepatocellular_injury
0.75,edge_001379,book_chunk,SUPPORTS_CONDITION,ev_biochem_001176_b2fbca24c5,condition:hyperuricemia
0.75,edge_001380,book_chunk,SUPPORTS_CONDITION,ev_biochem_001176_b2fbca24c5,condition:liver_injury
0.75,edge_001381,book_chunk,SUPPORTS_CONDITION,ev_biochem_001176_b2fbca24c5,condition:renal_impairment
0.98,edge_001382,book_chunk,FROM_SOURCE,ev_biochem_001199_5d0a0647fd,source:henry_pdf
1.0,edge_001383,book_chunk,BELONGS_TO_PANEL,ev_biochem_001199_5d0a0647fd,panel:biochem
0.9,edge_001384,book_chunk,MENTIONS_TEST,ev_biochem_001199_5d0a0647fd,test:alt
0.55,edge_001385,book_chunk,SUPPORTED_BY_EVIDENCE,finding_concept:biochem:alt:high,ev_biochem_001199_5d0a0647fd
0.55,edge_001386,book_chunk,SUPPORTED_BY_EVIDENCE,finding_concept:biochem:alt:low,ev_biochem_001199_5d0a0647fd
0.9,edge_001387,book_chunk,MENTIONS_TEST,ev_biochem_001199_5d0a0647fd,test:ast
0.55,edge_001388,book_chunk,SUPPORTED_BY_EVIDENCE,finding_concept:biochem:ast:high,ev_biochem_001199_5d0a0647fd
0.55,edge_001389,book_chunk,SUPPORTED_BY_EVIDENCE,finding_concept:biochem:ast:low,ev_biochem_001199_5d0a0647fd
0.75,edge_001390,book_chunk,SUPPORTS_CONDITION,ev_biochem_001199_5d0a0647fd,condition:hepatocellular_injury
0.75,edge_001391,book_chunk,SUPPORTS_CONDITION,ev_biochem_001199_5d0a0647fd,condition:liver_injury
0.75,edge_001392,book_chunk,SUPPORTS_CONDITION,ev_biochem_001199_5d0a0647fd,condition:renal_impairment
0.98,edge_001393,book_chunk,FROM_SOURCE,ev_biochem_000040_31457926e4,source:henry_pdf
1.0,edge_001394,book_chunk,BELONGS_TO_PANEL,ev_biochem_000040_31457926e4,panel:biochem
0.9,edge_001395,book_chunk,MENTIONS_TEST,ev_biochem_000040_31457926e4,test:alt
0.55,edge_001396,book_chunk,SUPPORTED_BY_EVIDENCE,finding_concept:biochem:alt:high,ev_biochem_000040_31457926e4
0.55,edge_001397,book_chunk,SUPPORTED_BY_EVIDENCE,finding_concept:biochem:alt:low,ev_biochem_000040_31457926e4
0.9,edge_001398,book_chunk,MENTIONS_TEST,ev_biochem_000040_31457926e4,test:ast
0.55,edge_001399,book_chunk,SUPPORTED_BY_EVIDENCE,finding_concept:biochem:ast:high,ev_biochem_000040_31457926e4
0.55,edge_001400,book_chunk,SUPPORTED_BY_EVIDENCE,finding_concept:biochem:ast:low,ev_biochem_000040_31457926e4
0.9,edge_001401,book_chunk,MENTIONS_TEST,ev_biochem_000040_31457926e4,test:calcium_ion
0.55,edge_001402,book_chunk,SUPPORTED_BY_EVIDENCE,finding_concept:biochem:calcium_ion:high,ev_biochem_000040_31457926e4
0.55,edge_001403,book_chunk,SUPPORTED_BY_EVIDENCE,finding_concept:biochem:calcium_ion:low,ev_biochem_000040_31457926e4
0.9,edge_001404,book_chunk,MENTIONS_TEST,ev_biochem_000040_31457926e4,test:glucose
0.55,edge_001405,book_chunk,SUPPORTED_BY_EVIDENCE,finding_concept:biochem:glucose:high,ev_biochem_000040_31457926e4
0.55,edge_001406,book_chunk,SUPPORTED_BY_EVIDENCE,finding_concept:biochem:glucose:low,ev_biochem_000040_31457926e4
0.9,edge_001407,book_chunk,MENTIONS_TEST,ev_biochem_000040_31457926e4,test:k
0.55,edge_001408,book_chunk,SUPPORTED_BY_EVIDENCE,finding_concept:biochem:k:high,ev_biochem_000040_31457926e4
0.55,edge_001409,book_chunk,SUPPORTED_BY_EVIDENCE,finding_concept:biochem:k:low,ev_biochem_000040_31457926e4
0.9,edge_001410,book_chunk,MENTIONS_TEST,ev_biochem_000040_31457926e4,test:na
0.55,edge_001411,book_chunk,SUPPORTED_BY_EVIDENCE,finding_concept:biochem:na:high,ev_biochem_000040_31457926e4
0.55,edge_001412,book_chunk,SUPPORTED_BY_EVIDENCE,finding_concept:biochem:na:low,ev_biochem_000040_31457926e4
0.75,edge_001413,book_chunk,SUPPORTS_CONDITION,ev_biochem_000040_31457926e4,condition:bone_mineral_disorder
0.75,edge_001414,book_chunk,SUPPORTS_CONDITION,ev_biochem_000040_31457926e4,condition:diabetes_risk
0.75,edge_001415,book_chunk,SUPPORTS_CONDITION,ev_biochem_000040_31457926e4,condition:hemolytic_anemia
0.75,edge_001416,book_chunk,SUPPORTS_CONDITION,ev_biochem_000040_31457926e4,condition:hepatocellular_injury
0.75,edge_001417,book_chunk,SUPPORTS_CONDITION,ev_biochem_000040_31457926e4,condition:hyperglycemia
0.75,edge_001418,book_chunk,SUPPORTS_CONDITION,ev_biochem_000040_31457926e4,condition:liver_injury
0.98,edge_001419,book_chunk,FROM_SOURCE,ev_biochem_001328_be0a7b43d3,source:henry_pdf
1.0,edge_001420,book_chunk,BELONGS_TO_PANEL,ev_biochem_001328_be0a7b43d3,panel:biochem
0.9,edge_001421,book_chunk,MENTIONS_TEST,ev_biochem_001328_be0a7b43d3,test:albumin
0.55,edge_001422,book_chunk,SUPPORTED_BY_EVIDENCE,finding_concept:biochem:albumin:high,ev_biochem_001328_be0a7b43d3
0.55,edge_001423,book_chunk,SUPPORTED_BY_EVIDENCE,finding_concept:biochem:albumin:low,ev_biochem_001328_be0a7b43d3
0.9,edge_001424,book_chunk,MENTIONS_TEST,ev_biochem_001328_be0a7b43d3,test:alt
0.55,edge_001425,book_chunk,SUPPORTED_BY_EVIDENCE,finding_concept:biochem:alt:high,ev_biochem_001328_be0a7b43d3
0.55,edge_001426,book_chunk,SUPPORTED_BY_EVIDENCE,finding_concept:biochem:alt:low,ev_biochem_001328_be0a7b43d3
0.9,edge_001427,book_chunk,MENTIONS_TEST,ev_biochem_001328_be0a7b43d3,test:ast
0.55,edge_001428,book_chunk,SUPPORTED_BY_EVIDENCE,finding_concept:biochem:ast:high,ev_biochem_001328_be0a7b43d3
0.55,edge_001429,book_chunk,SUPPORTED_BY_EVIDENCE,finding_concept:biochem:ast:low,ev_biochem_001328_be0a7b43d3
0.75,edge_001430,book_chunk,SUPPORTS_CONDITION,ev_biochem_001328_be0a7b43d3,condition:hepatocellular_injury
0.75,edge_001431,book_chunk,SUPPORTS_CONDITION,ev_biochem_001328_be0a7b43d3,condition:hypoalbuminemia
0.75,edge_001432,book_chunk,SUPPORTS_CONDITION,ev_biochem_001328_be0a7b43d3,condition:liver_injury
0.98,edge_001433,book_chunk,FROM_SOURCE,ev_biochem_004919_abf668dc69,source:tietz_pdf
1.0,edge_001434,book_chunk,BELONGS_TO_PANEL,ev_biochem_004919_abf668dc69,panel:biochem
0.9,edge_001435,book_chunk,MENTIONS_TEST,ev_biochem_004919_abf668dc69,test:albumin
0.55,edge_001436,book_chunk,SUPPORTED_BY_EVIDENCE,finding_concept:biochem:albumin:high,ev_biochem_004919_abf668dc69
0.55,edge_001437,book_chunk,SUPPORTED_BY_EVIDENCE,finding_concept:biochem:albumin:low,ev_biochem_004919_abf668dc69
0.9,edge_001438,book_chunk,MENTIONS_TEST,ev_biochem_004919_abf668dc69,test:ferritin
0.55,edge_001439,book_chunk,SUPPORTED_BY_EVIDENCE,finding_concept:biochem:ferritin:high,ev_biochem_004919_abf668dc69
0.55,edge_001440,book_chunk,SUPPORTED_BY_EVIDENCE,finding_concept:biochem:ferritin:low,ev_biochem_004919_abf668dc69
0.9,edge_001441,book_chunk,MENTIONS_TEST,ev_biochem_004919_abf668dc69,test:k
0.55,edge_001442,book_chunk,SUPPORTED_BY_EVIDENCE,finding_concept:biochem:k:high,ev_biochem_004919_abf668dc69
0.55,edge_001443,book_chunk,SUPPORTED_BY_EVIDENCE,finding_concept:biochem:k:low,ev_biochem_004919_abf668dc69
0.75,edge_001444,book_chunk,SUPPORTS_CONDITION,ev_biochem_004919_abf668dc69,condition:cardiovascular_risk
0.75,edge_001445,book_chunk,SUPPORTS_CONDITION,ev_biochem_004919_abf668dc69,condition:dyslipidemia
0.75,edge_001446,book_chunk,SUPPORTS_CONDITION,ev_biochem_004919_abf668dc69,condition:hypoalbuminemia
0.75,edge_001447,book_chunk,SUPPORTS_CONDITION,ev_biochem_004919_abf668dc69,condition:iron_store_abnormality
0.98,edge_001448,book_chunk,FROM_SOURCE,ev_biochem_006146_8a2b4b94c4,source:tietz_pdf
1.0,edge_001449,book_chunk,BELONGS_TO_PANEL,ev_biochem_006146_8a2b4b94c4,panel:biochem
0.9,edge_001450,book_chunk,MENTIONS_TEST,ev_biochem_006146_8a2b4b94c4,test:cl
0.55,edge_001451,book_chunk,SUPPORTED_BY_EVIDENCE,finding_concept:biochem:cl:high,ev_biochem_006146_8a2b4b94c4
0.55,edge_001452,book_chunk,SUPPORTED_BY_EVIDENCE,finding_concept:biochem:cl:low,ev_biochem_006146_8a2b4b94c4
0.9,edge_001453,book_chunk,MENTIONS_TEST,ev_biochem_006146_8a2b4b94c4,test:glucose
0.55,edge_001454,book_chunk,SUPPORTED_BY_EVIDENCE,finding_concept:biochem:glucose:high,ev_biochem_006146_8a2b4b94c4
0.55,edge_001455,book_chunk,SUPPORTED_BY_EVIDENCE,finding_concept:biochem:glucose:low,ev_biochem_006146_8a2b4b94c4
0.9,edge_001456,book_chunk,MENTIONS_TEST,ev_biochem_006146_8a2b4b94c4,test:k
0.55,edge_001457,book_chunk,SUPPORTED_BY_EVIDENCE,finding_concept:biochem:k:high,ev_biochem_006146_8a2b4b94c4
0.55,edge_001458,book_chunk,SUPPORTED_BY_EVIDENCE,finding_concept:biochem:k:low,ev_biochem_006146_8a2b4b94c4
0.9,edge_001459,book_chunk,MENTIONS_TEST,ev_biochem_006146_8a2b4b94c4,test:na
0.55,edge_001460,book_chunk,SUPPORTED_BY_EVIDENCE,finding_concept:biochem:na:high,ev_biochem_006146_8a2b4b94c4
0.55,edge_001461,book_chunk,SUPPORTED_BY_EVIDENCE,finding_concept:biochem:na:low,ev_biochem_006146_8a2b4b94c4
0.75,edge_001462,book_chunk,SUPPORTS_CONDITION,ev_biochem_006146_8a2b4b94c4,condition:diabetes_risk
0.75,edge_001463,book_chunk,SUPPORTS_CONDITION,ev_biochem_006146_8a2b4b94c4,condition:electrolyte_disorder
0.75,edge_001464,book_chunk,SUPPORTS_CONDITION,ev_biochem_006146_8a2b4b94c4,condition:hyperglycemia
0.98,edge_001465,book_chunk,FROM_SOURCE,ev_biochem_001359_ff87fef76c,source:henry_pdf
1.0,edge_001466,book_chunk,BELONGS_TO_PANEL,ev_biochem_001359_ff87fef76c,panel:biochem
0.9,edge_001467,book_chunk,MENTIONS_TEST,ev_biochem_001359_ff87fef76c,test:cl
0.55,edge_001468,book_chunk,SUPPORTED_BY_EVIDENCE,finding_concept:biochem:cl:high,ev_biochem_001359_ff87fef76c
0.55,edge_001469,book_chunk,SUPPORTED_BY_EVIDENCE,finding_concept:biochem:cl:low,ev_biochem_001359_ff87fef76c
0.9,edge_001470,book_chunk,MENTIONS_TEST,ev_biochem_001359_ff87fef76c,test:glucose
0.55,edge_001471,book_chunk,SUPPORTED_BY_EVIDENCE,finding_concept:biochem:glucose:high,ev_biochem_001359_ff87fef76c
0.55,edge_001472,book_chunk,SUPPORTED_BY_EVIDENCE,finding_concept:biochem:glucose:low,ev_biochem_001359_ff87fef76c
0.9,edge_001473,book_chunk,MENTIONS_TEST,ev_biochem_001359_ff87fef76c,test:na
0.55,edge_001474,book_chunk,SUPPORTED_BY_EVIDENCE,finding_concept:biochem:na:high,ev_biochem_001359_ff87fef76c
0.55,edge_001475,book_chunk,SUPPORTED_BY_EVIDENCE,finding_concept:biochem:na:low,ev_biochem_001359_ff87fef76c
0.75,edge_001476,book_chunk,SUPPORTS_CONDITION,ev_biochem_001359_ff87fef76c,condition:diabetes_risk
0.75,edge_001477,book_chunk,SUPPORTS_CONDITION,ev_biochem_001359_ff87fef76c,condition:electrolyte_disorder
0.75,edge_001478,book_chunk,SUPPORTS_CONDITION,ev_biochem_001359_ff87fef76c,condition:hyperglycemia
0.75,edge_001479,book_chunk,SUPPORTS_CONDITION,ev_biochem_001359_ff87fef76c,condition:hypoalbuminemia
0.75,edge_001480,book_chunk,SUPPORTS_CONDITION,ev_biochem_001359_ff87fef76c,condition:renal_impairment
0.98,edge_001481,book_chunk,FROM_SOURCE,ev_biochem_005749_ae54fa7a72,source:tietz_pdf
1.0,edge_001482,book_chunk,BELONGS_TO_PANEL,ev_biochem_005749_ae54fa7a72,panel:biochem
0.9,edge_001483,book_chunk,MENTIONS_TEST,ev_biochem_005749_ae54fa7a72,test:calcium_ion
0.55,edge_001484,book_chunk,SUPPORTED_BY_EVIDENCE,finding_concept:biochem:calcium_ion:high,ev_biochem_005749_ae54fa7a72
0.55,edge_001485,book_chunk,SUPPORTED_BY_EVIDENCE,finding_concept:biochem:calcium_ion:low,ev_biochem_005749_ae54fa7a72
0.9,edge_001486,book_chunk,MENTIONS_TEST,ev_biochem_005749_ae54fa7a72,test:glucose
0.55,edge_001487,book_chunk,SUPPORTED_BY_EVIDENCE,finding_concept:biochem:glucose:high,ev_biochem_005749_ae54fa7a72
0.55,edge_001488,book_chunk,SUPPORTED_BY_EVIDENCE,finding_concept:biochem:glucose:low,ev_biochem_005749_ae54fa7a72
0.9,edge_001489,book_chunk,MENTIONS_TEST,ev_biochem_005749_ae54fa7a72,test:na
0.55,edge_001490,book_chunk,SUPPORTED_BY_EVIDENCE,finding_concept:biochem:na:high,ev_biochem_005749_ae54fa7a72
0.55,edge_001491,book_chunk,SUPPORTED_BY_EVIDENCE,finding_concept:biochem:na:low,ev_biochem_005749_ae54fa7a72
0.75,edge_001492,book_chunk,SUPPORTS_CONDITION,ev_biochem_005749_ae54fa7a72,condition:bone_mineral_disorder
0.75,edge_001493,book_chunk,SUPPORTS_CONDITION,ev_biochem_005749_ae54fa7a72,condition:diabetes_risk
0.75,edge_001494,book_chunk,SUPPORTS_CONDITION,ev_biochem_005749_ae54fa7a72,condition:gout_risk
0.75,edge_001495,book_chunk,SUPPORTS_CONDITION,ev_biochem_005749_ae54fa7a72,condition:hyperglycemia
0.75,edge_001496,book_chunk,SUPPORTS_CONDITION,ev_biochem_005749_ae54fa7a72,condition:hyperuricemia
0.75,edge_001497,book_chunk,SUPPORTS_CONDITION,ev_biochem_005749_ae54fa7a72,condition:reduced_kidney_function
0.75,edge_001498,book_chunk,SUPPORTS_CONDITION,ev_biochem_005749_ae54fa7a72,condition:renal_impairment
0.98,edge_001499,book_chunk,FROM_SOURCE,ev_biochem_006845_da6ad1299a,source:tietz_pdf
1.0,edge_001500,book_chunk,BELONGS_TO_PANEL,ev_biochem_006845_da6ad1299a,panel:biochem
0.9,edge_001501,book_chunk,MENTIONS_TEST,ev_biochem_006845_da6ad1299a,test:creatinine
0.55,edge_001502,book_chunk,SUPPORTED_BY_EVIDENCE,finding_concept:biochem:creatinine:high,ev_biochem_006845_da6ad1299a
0.55,edge_001503,book_chunk,SUPPORTED_BY_EVIDENCE,finding_concept:biochem:creatinine:low,ev_biochem_006845_da6ad1299a
0.9,edge_001504,book_chunk,MENTIONS_TEST,ev_biochem_006845_da6ad1299a,test:glucose
0.55,edge_001505,book_chunk,SUPPORTED_BY_EVIDENCE,finding_concept:biochem:glucose:high,ev_biochem_006845_da6ad1299a
0.55,edge_001506,book_chunk,SUPPORTED_BY_EVIDENCE,finding_concept:biochem:glucose:low,ev_biochem_006845_da6ad1299a
0.9,edge_001507,book_chunk,MENTIONS_TEST,ev_biochem_006845_da6ad1299a,test:na
0.55,edge_001508,book_chunk,SUPPORTED_BY_EVIDENCE,finding_concept:biochem:na:high,ev_biochem_006845_da6ad1299a
0.55,edge_001509,book_chunk,SUPPORTED_BY_EVIDENCE,finding_concept:biochem:na:low,ev_biochem_006845_da6ad1299a
0.9,edge_001510,book_chunk,MENTIONS_TEST,ev_biochem_006845_da6ad1299a,test:urea
0.55,edge_001511,book_chunk,SUPPORTED_BY_EVIDENCE,finding_concept:biochem:urea:high,ev_biochem_006845_da6ad1299a
0.55,edge_001512,book_chunk,SUPPORTED_BY_EVIDENCE,finding_concept:biochem:urea:low,ev_biochem_006845_da6ad1299a
0.9,edge_001513,book_chunk,MENTIONS_TEST,ev_biochem_006845_da6ad1299a,test:uric_acid
0.55,edge_001514,book_chunk,SUPPORTED_BY_EVIDENCE,finding_concept:biochem:uric_acid:high,ev_biochem_006845_da6ad1299a
0.55,edge_001515,book_chunk,SUPPORTED_BY_EVIDENCE,finding_concept:biochem:uric_acid:low,ev_biochem_006845_da6ad1299a
0.75,edge_001516,book_chunk,SUPPORTS_CONDITION,ev_biochem_006845_da6ad1299a,condition:diabetes_risk
0.75,edge_001517,book_chunk,SUPPORTS_CONDITION,ev_biochem_006845_da6ad1299a,condition:gout_risk
0.75,edge_001518,book_chunk,SUPPORTS_CONDITION,ev_biochem_006845_da6ad1299a,condition:hyperglycemia
0.75,edge_001519,book_chunk,SUPPORTS_CONDITION,ev_biochem_006845_da6ad1299a,condition:hyperuricemia
0.75,edge_001520,book_chunk,SUPPORTS_CONDITION,ev_biochem_006845_da6ad1299a,condition:reduced_kidney_function
0.75,edge_001521,book_chunk,SUPPORTS_CONDITION,ev_biochem_006845_da6ad1299a,condition:renal_impairment
0.98,edge_001522,book_chunk,FROM_SOURCE,ev_biochem_000034_008a94ced4,source:henry_pdf
1.0,edge_001523,book_chunk,BELONGS_TO_PANEL,ev_biochem_000034_008a94ced4,panel:biochem
0.9,edge_001524,book_chunk,MENTIONS_TEST,ev_biochem_000034_008a94ced4,test:cholesterol
0.55,edge_001525,book_chunk,SUPPORTED_BY_EVIDENCE,finding_concept:biochem:cholesterol:high,ev_biochem_000034_008a94ced4
0.55,edge_001526,book_chunk,SUPPORTED_BY_EVIDENCE,finding_concept:biochem:cholesterol:low,ev_biochem_000034_008a94ced4
0.9,edge_001527,book_chunk,MENTIONS_TEST,ev_biochem_000034_008a94ced4,test:pth
0.55,edge_001528,book_chunk,SUPPORTED_BY_EVIDENCE,finding_concept:biochem:pth:high,ev_biochem_000034_008a94ced4
0.55,edge_001529,book_chunk,SUPPORTED_BY_EVIDENCE,finding_concept:biochem:pth:low,ev_biochem_000034_008a94ced4
0.9,edge_001530,book_chunk,MENTIONS_TEST,ev_biochem_000034_008a94ced4,test:uric_acid
0.55,edge_001531,book_chunk,SUPPORTED_BY_EVIDENCE,finding_concept:biochem:uric_acid:high,ev_biochem_000034_008a94ced4
0.55,edge_001532,book_chunk,SUPPORTED_BY_EVIDENCE,finding_concept:biochem:uric_acid:low,ev_biochem_000034_008a94ced4
0.75,edge_001533,book_chunk,SUPPORTS_CONDITION,ev_biochem_000034_008a94ced4,condition:bone_mineral_disorder
0.75,edge_001534,book_chunk,SUPPORTS_CONDITION,ev_biochem_000034_008a94ced4,condition:cardiovascular_risk
0.75,edge_001535,book_chunk,SUPPORTS_CONDITION,ev_biochem_000034_008a94ced4,condition:dyslipidemia
0.75,edge_001536,book_chunk,SUPPORTS_CONDITION,ev_biochem_000034_008a94ced4,condition:gout_risk
0.75,edge_001537,book_chunk,SUPPORTS_CONDITION,ev_biochem_000034_008a94ced4,condition:hyperuricemia
0.98,edge_001538,book_chunk,FROM_SOURCE,ev_biochem_000962_b8c2d0ecab,source:henry_pdf
1.0,edge_001539,book_chunk,BELONGS_TO_PANEL,ev_biochem_000962_b8c2d0ecab,panel:biochem
0.9,edge_001540,book_chunk,MENTIONS_TEST,ev_biochem_000962_b8c2d0ecab,test:cholesterol
0.55,edge_001541,book_chunk,SUPPORTED_BY_EVIDENCE,finding_concept:biochem:cholesterol:high,ev_biochem_000962_b8c2d0ecab
0.55,edge_001542,book_chunk,SUPPORTED_BY_EVIDENCE,finding_concept:biochem:cholesterol:low,ev_biochem_000962_b8c2d0ecab
0.9,edge_001543,book_chunk,MENTIONS_TEST,ev_biochem_000962_b8c2d0ecab,test:glucose
0.55,edge_001544,book_chunk,SUPPORTED_BY_EVIDENCE,finding_concept:biochem:glucose:high,ev_biochem_000962_b8c2d0ecab
0.55,edge_001545,book_chunk,SUPPORTED_BY_EVIDENCE,finding_concept:biochem:glucose:low,ev_biochem_000962_b8c2d0ecab
0.9,edge_001546,book_chunk,MENTIONS_TEST,ev_biochem_000962_b8c2d0ecab,test:ldl_c
0.55,edge_001547,book_chunk,SUPPORTED_BY_EVIDENCE,finding_concept:biochem:ldl_c:high,ev_biochem_000962_b8c2d0ecab
0.55,edge_001548,book_chunk,SUPPORTED_BY_EVIDENCE,finding_concept:biochem:ldl_c:low,ev_biochem_000962_b8c2d0ecab
0.9,edge_001549,book_chunk,MENTIONS_TEST,ev_biochem_000962_b8c2d0ecab,test:triglyceride
0.55,edge_001550,book_chunk,SUPPORTED_BY_EVIDENCE,finding_concept:biochem:triglyceride:high,ev_biochem_000962_b8c2d0ecab
0.55,edge_001551,book_chunk,SUPPORTED_BY_EVIDENCE,finding_concept:biochem:triglyceride:low,ev_biochem_000962_b8c2d0ecab
0.75,edge_001552,book_chunk,SUPPORTS_CONDITION,ev_biochem_000962_b8c2d0ecab,condition:cardiovascular_risk
0.75,edge_001553,book_chunk,SUPPORTS_CONDITION,ev_biochem_000962_b8c2d0ecab,condition:diabetes_risk
0.75,edge_001554,book_chunk,SUPPORTS_CONDITION,ev_biochem_000962_b8c2d0ecab,condition:dyslipidemia
0.75,edge_001555,book_chunk,SUPPORTS_CONDITION,ev_biochem_000962_b8c2d0ecab,condition:hyperglycemia
0.98,edge_001556,book_chunk,FROM_SOURCE,ev_biochem_000992_ef3b3a084d,source:henry_pdf
1.0,edge_001557,book_chunk,BELONGS_TO_PANEL,ev_biochem_000992_ef3b3a084d,panel:biochem
0.9,edge_001558,book_chunk,MENTIONS_TEST,ev_biochem_000992_ef3b3a084d,test:cholesterol
0.55,edge_001559,book_chunk,SUPPORTED_BY_EVIDENCE,finding_concept:biochem:cholesterol:high,ev_biochem_000992_ef3b3a084d
0.55,edge_001560,book_chunk,SUPPORTED_BY_EVIDENCE,finding_concept:biochem:cholesterol:low,ev_biochem_000992_ef3b3a084d
0.9,edge_001561,book_chunk,MENTIONS_TEST,ev_biochem_000992_ef3b3a084d,test:pro_bnp
0.55,edge_001562,book_chunk,SUPPORTED_BY_EVIDENCE,finding_concept:biochem:pro_bnp:high,ev_biochem_000992_ef3b3a084d
0.55,edge_001563,book_chunk,SUPPORTED_BY_EVIDENCE,finding_concept:biochem:pro_bnp:low,ev_biochem_000992_ef3b3a084d
0.9,edge_001564,book_chunk,MENTIONS_TEST,ev_biochem_000992_ef3b3a084d,test:triglyceride
0.55,edge_001565,book_chunk,SUPPORTED_BY_EVIDENCE,finding_concept:biochem:triglyceride:high,ev_biochem_000992_ef3b3a084d
0.55,edge_001566,book_chunk,SUPPORTED_BY_EVIDENCE,finding_concept:biochem:triglyceride:low,ev_biochem_000992_ef3b3a084d
0.75,edge_001567,book_chunk,SUPPORTS_CONDITION,ev_biochem_000992_ef3b3a084d,condition:cardiac_stress
0.75,edge_001568,book_chunk,SUPPORTS_CONDITION,ev_biochem_000992_ef3b3a084d,condition:cardiovascular_risk
0.75,edge_001569,book_chunk,SUPPORTS_CONDITION,ev_biochem_000992_ef3b3a084d,condition:dyslipidemia
0.75,edge_001570,book_chunk,SUPPORTS_CONDITION,ev_biochem_000992_ef3b3a084d,condition:myocardial_injury
0.98,edge_001571,book_chunk,FROM_SOURCE,ev_biochem_005330_88ec6c0cbd,source:tietz_pdf
1.0,edge_001572,book_chunk,BELONGS_TO_PANEL,ev_biochem_005330_88ec6c0cbd,panel:biochem
0.9,edge_001573,book_chunk,MENTIONS_TEST,ev_biochem_005330_88ec6c0cbd,test:cholesterol
0.55,edge_001574,book_chunk,SUPPORTED_BY_EVIDENCE,finding_concept:biochem:cholesterol:high,ev_biochem_005330_88ec6c0cbd
0.55,edge_001575,book_chunk,SUPPORTED_BY_EVIDENCE,finding_concept:biochem:cholesterol:low,ev_biochem_005330_88ec6c0cbd
0.9,edge_001576,book_chunk,MENTIONS_TEST,ev_biochem_005330_88ec6c0cbd,test:hdl_c
0.55,edge_001577,book_chunk,SUPPORTED_BY_EVIDENCE,finding_concept:biochem:hdl_c:high,ev_biochem_005330_88ec6c0cbd
0.55,edge_001578,book_chunk,SUPPORTED_BY_EVIDENCE,finding_concept:biochem:hdl_c:low,ev_biochem_005330_88ec6c0cbd
0.9,edge_001579,book_chunk,MENTIONS_TEST,ev_biochem_005330_88ec6c0cbd,test:ldl_c
0.55,edge_001580,book_chunk,SUPPORTED_BY_EVIDENCE,finding_concept:biochem:ldl_c:high,ev_biochem_005330_88ec6c0cbd
0.55,edge_001581,book_chunk,SUPPORTED_BY_EVIDENCE,finding_concept:biochem:ldl_c:low,ev_biochem_005330_88ec6c0cbd
0.9,edge_001582,book_chunk,MENTIONS_TEST,ev_biochem_005330_88ec6c0cbd,test:triglyceride
0.55,edge_001583,book_chunk,SUPPORTED_BY_EVIDENCE,finding_concept:biochem:triglyceride:high,ev_biochem_005330_88ec6c0cbd
0.55,edge_001584,book_chunk,SUPPORTED_BY_EVIDENCE,finding_concept:biochem:triglyceride:low,ev_biochem_005330_88ec6c0cbd
0.75,edge_001585,book_chunk,SUPPORTS_CONDITION,ev_biochem_005330_88ec6c0cbd,condition:cardiovascular_risk
0.75,edge_001586,book_chunk,SUPPORTS_CONDITION,ev_biochem_005330_88ec6c0cbd,condition:dyslipidemia
0.75,edge_001587,book_chunk,SUPPORTS_CONDITION,ev_biochem_005330_88ec6c0cbd,condition:gout_risk
0.75,edge_001588,book_chunk,SUPPORTS_CONDITION,ev_biochem_005330_88ec6c0cbd,condition:hyperuricemia
0.98,edge_001589,book_chunk,FROM_SOURCE,ev_biochem_005799_58f616b041,source:tietz_pdf
1.0,edge_001590,book_chunk,BELONGS_TO_PANEL,ev_biochem_005799_58f616b041,panel:biochem
0.9,edge_001591,book_chunk,MENTIONS_TEST,ev_biochem_005799_58f616b041,test:albumin
0.55,edge_001592,book_chunk,SUPPORTED_BY_EVIDENCE,finding_concept:biochem:albumin:high,ev_biochem_005799_58f616b041
0.55,edge_001593,book_chunk,SUPPORTED_BY_EVIDENCE,finding_concept:biochem:albumin:low,ev_biochem_005799_58f616b041
0.9,edge_001594,book_chunk,MENTIONS_TEST,ev_biochem_005799_58f616b041,test:calcium_ion
0.55,edge_001595,book_chunk,SUPPORTED_BY_EVIDENCE,finding_concept:biochem:calcium_ion:high,ev_biochem_005799_58f616b041
0.55,edge_001596,book_chunk,SUPPORTED_BY_EVIDENCE,finding_concept:biochem:calcium_ion:low,ev_biochem_005799_58f616b041
0.9,edge_001597,book_chunk,MENTIONS_TEST,ev_biochem_005799_58f616b041,test:pth
0.55,edge_001598,book_chunk,SUPPORTED_BY_EVIDENCE,finding_concept:biochem:pth:high,ev_biochem_005799_58f616b041
0.55,edge_001599,book_chunk,SUPPORTED_BY_EVIDENCE,finding_concept:biochem:pth:low,ev_biochem_005799_58f616b041
0.75,edge_001600,book_chunk,SUPPORTS_CONDITION,ev_biochem_005799_58f616b041,condition:bone_mineral_disorder
0.75,edge_001601,book_chunk,SUPPORTS_CONDITION,ev_biochem_005799_58f616b041,condition:hypoalbuminemia
0.75,edge_001602,book_chunk,SUPPORTS_CONDITION,ev_biochem_005799_58f616b041,condition:renal_impairment
0.98,edge_001603,book_chunk,FROM_SOURCE,ev_biochem_006568_c8bed9a9d2,source:tietz_pdf
1.0,edge_001604,book_chunk,BELONGS_TO_PANEL,ev_biochem_006568_c8bed9a9d2,panel:biochem
0.9,edge_001605,book_chunk,MENTIONS_TEST,ev_biochem_006568_c8bed9a9d2,test:calcium_ion
0.55,edge_001606,book_chunk,SUPPORTED_BY_EVIDENCE,finding_concept:biochem:calcium_ion:high,ev_biochem_006568_c8bed9a9d2
0.55,edge_001607,book_chunk,SUPPORTED_BY_EVIDENCE,finding_concept:biochem:calcium_ion:low,ev_biochem_006568_c8bed9a9d2
0.9,edge_001608,book_chunk,MENTIONS_TEST,ev_biochem_006568_c8bed9a9d2,test:creatinine
0.55,edge_001609,book_chunk,SUPPORTED_BY_EVIDENCE,finding_concept:biochem:creatinine:high,ev_biochem_006568_c8bed9a9d2
0.55,edge_001610,book_chunk,SUPPORTED_BY_EVIDENCE,finding_concept:biochem:creatinine:low,ev_biochem_006568_c8bed9a9d2
0.9,edge_001611,book_chunk,MENTIONS_TEST,ev_biochem_006568_c8bed9a9d2,test:pth
0.55,edge_001612,book_chunk,SUPPORTED_BY_EVIDENCE,finding_concept:biochem:pth:high,ev_biochem_006568_c8bed9a9d2
0.55,edge_001613,book_chunk,SUPPORTED_BY_EVIDENCE,finding_concept:biochem:pth:low,ev_biochem_006568_c8bed9a9d2
0.75,edge_001614,book_chunk,SUPPORTS_CONDITION,ev_biochem_006568_c8bed9a9d2,condition:bone_mineral_disorder
0.75,edge_001615,book_chunk,SUPPORTS_CONDITION,ev_biochem_006568_c8bed9a9d2,condition:reduced_kidney_function
0.75,edge_001616,book_chunk,SUPPORTS_CONDITION,ev_biochem_006568_c8bed9a9d2,condition:renal_impairment
0.98,edge_001617,book_chunk,FROM_SOURCE,ev_biochem_006105_7278818e38,source:tietz_pdf
1.0,edge_001618,book_chunk,BELONGS_TO_PANEL,ev_biochem_006105_7278818e38,panel:biochem
0.9,edge_001619,book_chunk,MENTIONS_TEST,ev_biochem_006105_7278818e38,test:calcium_ion
0.55,edge_001620,book_chunk,SUPPORTED_BY_EVIDENCE,finding_concept:biochem:calcium_ion:high,ev_biochem_006105_7278818e38
0.55,edge_001621,book_chunk,SUPPORTED_BY_EVIDENCE,finding_concept:biochem:calcium_ion:low,ev_biochem_006105_7278818e38
0.9,edge_001622,book_chunk,MENTIONS_TEST,ev_biochem_006105_7278818e38,test:cholesterol
0.55,edge_001623,book_chunk,SUPPORTED_BY_EVIDENCE,finding_concept:biochem:cholesterol:high,ev_biochem_006105_7278818e38
0.55,edge_001624,book_chunk,SUPPORTED_BY_EVIDENCE,finding_concept:biochem:cholesterol:low,ev_biochem_006105_7278818e38
0.75,edge_001625,book_chunk,SUPPORTS_CONDITION,ev_biochem_006105_7278818e38,condition:bone_mineral_disorder
0.75,edge_001626,book_chunk,SUPPORTS_CONDITION,ev_biochem_006105_7278818e38,condition:cardiovascular_risk
0.75,edge_001627,book_chunk,SUPPORTS_CONDITION,ev_biochem_006105_7278818e38,condition:dyslipidemia
0.75,edge_001628,book_chunk,SUPPORTS_CONDITION,ev_biochem_006105_7278818e38,condition:hypoalbuminemia
0.75,edge_001629,book_chunk,SUPPORTS_CONDITION,ev_biochem_006105_7278818e38,condition:reduced_kidney_function
0.75,edge_001630,book_chunk,SUPPORTS_CONDITION,ev_biochem_006105_7278818e38,condition:renal_impairment
0.98,edge_001631,book_chunk,FROM_SOURCE,ev_biochem_000942_fe4f8a3639,source:henry_pdf
1.0,edge_001632,book_chunk,BELONGS_TO_PANEL,ev_biochem_000942_fe4f8a3639,panel:biochem
0.9,edge_001633,book_chunk,MENTIONS_TEST,ev_biochem_000942_fe4f8a3639,test:cholesterol
0.55,edge_001634,book_chunk,SUPPORTED_BY_EVIDENCE,finding_concept:biochem:cholesterol:high,ev_biochem_000942_fe4f8a3639
0.55,edge_001635,book_chunk,SUPPORTED_BY_EVIDENCE,finding_concept:biochem:cholesterol:low,ev_biochem_000942_fe4f8a3639
0.9,edge_001636,book_chunk,MENTIONS_TEST,ev_biochem_000942_fe4f8a3639,test:glucose
0.55,edge_001637,book_chunk,SUPPORTED_BY_EVIDENCE,finding_concept:biochem:glucose:high,ev_biochem_000942_fe4f8a3639
0.55,edge_001638,book_chunk,SUPPORTED_BY_EVIDENCE,finding_concept:biochem:glucose:low,ev_biochem_000942_fe4f8a3639
0.9,edge_001639,book_chunk,MENTIONS_TEST,ev_biochem_000942_fe4f8a3639,test:hdl_c
0.55,edge_001640,book_chunk,SUPPORTED_BY_EVIDENCE,finding_concept:biochem:hdl_c:high,ev_biochem_000942_fe4f8a3639
0.55,edge_001641,book_chunk,SUPPORTED_BY_EVIDENCE,finding_concept:biochem:hdl_c:low,ev_biochem_000942_fe4f8a3639
0.9,edge_001642,book_chunk,MENTIONS_TEST,ev_biochem_000942_fe4f8a3639,test:ldl_c
0.55,edge_001643,book_chunk,SUPPORTED_BY_EVIDENCE,finding_concept:biochem:ldl_c:high,ev_biochem_000942_fe4f8a3639
0.55,edge_001644,book_chunk,SUPPORTED_BY_EVIDENCE,finding_concept:biochem:ldl_c:low,ev_biochem_000942_fe4f8a3639
0.9,edge_001645,book_chunk,MENTIONS_TEST,ev_biochem_000942_fe4f8a3639,test:triglyceride
0.55,edge_001646,book_chunk,SUPPORTED_BY_EVIDENCE,finding_concept:biochem:triglyceride:high,ev_biochem_000942_fe4f8a3639
0.55,edge_001647,book_chunk,SUPPORTED_BY_EVIDENCE,finding_concept:biochem:triglyceride:low,ev_biochem_000942_fe4f8a3639
0.75,edge_001648,book_chunk,SUPPORTS_CONDITION,ev_biochem_000942_fe4f8a3639,condition:cardiovascular_risk
0.75,edge_001649,book_chunk,SUPPORTS_CONDITION,ev_biochem_000942_fe4f8a3639,condition:diabetes_risk
0.75,edge_001650,book_chunk,SUPPORTS_CONDITION,ev_biochem_000942_fe4f8a3639,condition:dyslipidemia
0.75,edge_001651,book_chunk,SUPPORTS_CONDITION,ev_biochem_000942_fe4f8a3639,condition:hyperglycemia
0.75,edge_001652,book_chunk,SUPPORTS_CONDITION,ev_biochem_000942_fe4f8a3639,condition:renal_impairment
0.98,edge_001653,book_chunk,FROM_SOURCE,ev_biochem_005304_eabec7c6b1,source:tietz_pdf
1.0,edge_001654,book_chunk,BELONGS_TO_PANEL,ev_biochem_005304_eabec7c6b1,panel:biochem
0.9,edge_001655,book_chunk,MENTIONS_TEST,ev_biochem_005304_eabec7c6b1,test:cholesterol
0.55,edge_001656,book_chunk,SUPPORTED_BY_EVIDENCE,finding_concept:biochem:cholesterol:high,ev_biochem_005304_eabec7c6b1
0.55,edge_001657,book_chunk,SUPPORTED_BY_EVIDENCE,finding_concept:biochem:cholesterol:low,ev_biochem_005304_eabec7c6b1
0.9,edge_001658,book_chunk,MENTIONS_TEST,ev_biochem_005304_eabec7c6b1,test:ldl_c
0.55,edge_001659,book_chunk,SUPPORTED_BY_EVIDENCE,finding_concept:biochem:ldl_c:high,ev_biochem_005304_eabec7c6b1
0.55,edge_001660,book_chunk,SUPPORTED_BY_EVIDENCE,finding_concept:biochem:ldl_c:low,ev_biochem_005304_eabec7c6b1
0.75,edge_001661,book_chunk,SUPPORTS_CONDITION,ev_biochem_005304_eabec7c6b1,condition:cardiovascular_risk
0.75,edge_001662,book_chunk,SUPPORTS_CONDITION,ev_biochem_005304_eabec7c6b1,condition:dyslipidemia
0.75,edge_001663,book_chunk,SUPPORTS_CONDITION,ev_biochem_005304_eabec7c6b1,condition:gout_risk
0.75,edge_001664,book_chunk,SUPPORTS_CONDITION,ev_biochem_005304_eabec7c6b1,condition:hyperuricemia
0.98,edge_001665,book_chunk,FROM_SOURCE,ev_biochem_002991_00153d6959,source:henry_pdf
1.0,edge_001666,book_chunk,BELONGS_TO_PANEL,ev_biochem_002991_00153d6959,panel:biochem
0.9,edge_001667,book_chunk,MENTIONS_TEST,ev_biochem_002991_00153d6959,test:k
0.55,edge_001668,book_chunk,SUPPORTED_BY_EVIDENCE,finding_concept:biochem:k:high,ev_biochem_002991_00153d6959
0.55,edge_001669,book_chunk,SUPPORTED_BY_EVIDENCE,finding_concept:biochem:k:low,ev_biochem_002991_00153d6959
0.9,edge_001670,book_chunk,MENTIONS_TEST,ev_biochem_002991_00153d6959,test:ldl_c
0.55,edge_001671,book_chunk,SUPPORTED_BY_EVIDENCE,finding_concept:biochem:ldl_c:high,ev_biochem_002991_00153d6959
0.55,edge_001672,book_chunk,SUPPORTED_BY_EVIDENCE,finding_concept:biochem:ldl_c:low,ev_biochem_002991_00153d6959
0.75,edge_001673,book_chunk,SUPPORTS_CONDITION,ev_biochem_002991_00153d6959,condition:cardiovascular_risk
0.75,edge_001674,book_chunk,SUPPORTS_CONDITION,ev_biochem_002991_00153d6959,condition:dyslipidemia
0.75,edge_001675,book_chunk,SUPPORTS_CONDITION,ev_biochem_002991_00153d6959,condition:renal_impairment
0.98,edge_001676,book_chunk,FROM_SOURCE,ev_biochem_000427_1777c243a5,source:henry_pdf
1.0,edge_001677,book_chunk,BELONGS_TO_PANEL,ev_biochem_000427_1777c243a5,panel:biochem
0.9,edge_001678,book_chunk,MENTIONS_TEST,ev_biochem_000427_1777c243a5,test:albumin
0.55,edge_001679,book_chunk,SUPPORTED_BY_EVIDENCE,finding_concept:biochem:albumin:high,ev_biochem_000427_1777c243a5
0.55,edge_001680,book_chunk,SUPPORTED_BY_EVIDENCE,finding_concept:biochem:albumin:low,ev_biochem_000427_1777c243a5
0.9,edge_001681,book_chunk,MENTIONS_TEST,ev_biochem_000427_1777c243a5,test:creatinine
0.55,edge_001682,book_chunk,SUPPORTED_BY_EVIDENCE,finding_concept:biochem:creatinine:high,ev_biochem_000427_1777c243a5
0.55,edge_001683,book_chunk,SUPPORTED_BY_EVIDENCE,finding_concept:biochem:creatinine:low,ev_biochem_000427_1777c243a5
0.9,edge_001684,book_chunk,MENTIONS_TEST,ev_biochem_000427_1777c243a5,test:urea
0.55,edge_001685,book_chunk,SUPPORTED_BY_EVIDENCE,finding_concept:biochem:urea:high,ev_biochem_000427_1777c243a5
0.55,edge_001686,book_chunk,SUPPORTED_BY_EVIDENCE,finding_concept:biochem:urea:low,ev_biochem_000427_1777c243a5
0.75,edge_001687,book_chunk,SUPPORTS_CONDITION,ev_biochem_000427_1777c243a5,condition:gout_risk
0.75,edge_001688,book_chunk,SUPPORTS_CONDITION,ev_biochem_000427_1777c243a5,condition:hyperuricemia
0.75,edge_001689,book_chunk,SUPPORTS_CONDITION,ev_biochem_000427_1777c243a5,condition:hypoalbuminemia
0.75,edge_001690,book_chunk,SUPPORTS_CONDITION,ev_biochem_000427_1777c243a5,condition:reduced_kidney_function
0.75,edge_001691,book_chunk,SUPPORTS_CONDITION,ev_biochem_000427_1777c243a5,condition:renal_impairment
0.98,edge_001692,book_chunk,FROM_SOURCE,ev_biochem_000658_f8350f229f,source:henry_pdf
1.0,edge_001693,book_chunk,BELONGS_TO_PANEL,ev_biochem_000658_f8350f229f,panel:biochem
0.9,edge_001694,book_chunk,MENTIONS_TEST,ev_biochem_000658_f8350f229f,test:albumin
0.55,edge_001695,book_chunk,SUPPORTED_BY_EVIDENCE,finding_concept:biochem:albumin:high,ev_biochem_000658_f8350f229f
0.55,edge_001696,book_chunk,SUPPORTED_BY_EVIDENCE,finding_concept:biochem:albumin:low,ev_biochem_000658_f8350f229f
0.9,edge_001697,book_chunk,MENTIONS_TEST,ev_biochem_000658_f8350f229f,test:calcium_ion
0.55,edge_001698,book_chunk,SUPPORTED_BY_EVIDENCE,finding_concept:biochem:calcium_ion:high,ev_biochem_000658_f8350f229f
0.55,edge_001699,book_chunk,SUPPORTED_BY_EVIDENCE,finding_concept:biochem:calcium_ion:low,ev_biochem_000658_f8350f229f
0.9,edge_001700,book_chunk,MENTIONS_TEST,ev_biochem_000658_f8350f229f,test:pth
0.55,edge_001701,book_chunk,SUPPORTED_BY_EVIDENCE,finding_concept:biochem:pth:high,ev_biochem_000658_f8350f229f
0.55,edge_001702,book_chunk,SUPPORTED_BY_EVIDENCE,finding_concept:biochem:pth:low,ev_biochem_000658_f8350f229f
0.9,edge_001703,book_chunk,MENTIONS_TEST,ev_biochem_000658_f8350f229f,test:urea
0.55,edge_001704,book_chunk,SUPPORTED_BY_EVIDENCE,finding_concept:biochem:urea:high,ev_biochem_000658_f8350f229f
0.55,edge_001705,book_chunk,SUPPORTED_BY_EVIDENCE,finding_concept:biochem:urea:low,ev_biochem_000658_f8350f229f
0.75,edge_001706,book_chunk,SUPPORTS_CONDITION,ev_biochem_000658_f8350f229f,condition:bone_mineral_disorder
0.75,edge_001707,book_chunk,SUPPORTS_CONDITION,ev_biochem_000658_f8350f229f,condition:hypoalbuminemia
0.75,edge_001708,book_chunk,SUPPORTS_CONDITION,ev_biochem_000658_f8350f229f,condition:reduced_kidney_function
0.75,edge_001709,book_chunk,SUPPORTS_CONDITION,ev_biochem_000658_f8350f229f,condition:renal_impairment
0.98,edge_001710,book_chunk,FROM_SOURCE,ev_biochem_006214_e07cad3bb4,source:tietz_pdf
1.0,edge_001711,book_chunk,BELONGS_TO_PANEL,ev_biochem_006214_e07cad3bb4,panel:biochem
0.9,edge_001712,book_chunk,MENTIONS_TEST,ev_biochem_006214_e07cad3bb4,test:glucose
0.55,edge_001713,book_chunk,SUPPORTED_BY_EVIDENCE,finding_concept:biochem:glucose:high,ev_biochem_006214_e07cad3bb4
0.55,edge_001714,book_chunk,SUPPORTED_BY_EVIDENCE,finding_concept:biochem:glucose:low,ev_biochem_006214_e07cad3bb4
0.9,edge_001715,book_chunk,MENTIONS_TEST,ev_biochem_006214_e07cad3bb4,test:na
0.55,edge_001716,book_chunk,SUPPORTED_BY_EVIDENCE,finding_concept:biochem:na:high,ev_biochem_006214_e07cad3bb4
0.55,edge_001717,book_chunk,SUPPORTED_BY_EVIDENCE,finding_concept:biochem:na:low,ev_biochem_006214_e07cad3bb4
0.9,edge_001718,book_chunk,MENTIONS_TEST,ev_biochem_006214_e07cad3bb4,test:urea
0.55,edge_001719,book_chunk,SUPPORTED_BY_EVIDENCE,finding_concept:biochem:urea:high,ev_biochem_006214_e07cad3bb4
0.55,edge_001720,book_chunk,SUPPORTED_BY_EVIDENCE,finding_concept:biochem:urea:low,ev_biochem_006214_e07cad3bb4
0.75,edge_001721,book_chunk,SUPPORTS_CONDITION,ev_biochem_006214_e07cad3bb4,condition:diabetes_risk
0.75,edge_001722,book_chunk,SUPPORTS_CONDITION,ev_biochem_006214_e07cad3bb4,condition:electrolyte_disorder
0.75,edge_001723,book_chunk,SUPPORTS_CONDITION,ev_biochem_006214_e07cad3bb4,condition:hyperglycemia
0.75,edge_001724,book_chunk,SUPPORTS_CONDITION,ev_biochem_006214_e07cad3bb4,condition:reduced_kidney_function
0.75,edge_001725,book_chunk,SUPPORTS_CONDITION,ev_biochem_006214_e07cad3bb4,condition:renal_impairment
0.98,edge_001726,book_chunk,FROM_SOURCE,ev_biochem_000067_036d8ca90a,source:henry_pdf
1.0,edge_001727,book_chunk,BELONGS_TO_PANEL,ev_biochem_000067_036d8ca90a,panel:biochem
0.9,edge_001728,book_chunk,MENTIONS_TEST,ev_biochem_000067_036d8ca90a,test:calcium_ion
0.55,edge_001729,book_chunk,SUPPORTED_BY_EVIDENCE,finding_concept:biochem:calcium_ion:high,ev_biochem_000067_036d8ca90a
0.55,edge_001730,book_chunk,SUPPORTED_BY_EVIDENCE,finding_concept:biochem:calcium_ion:low,ev_biochem_000067_036d8ca90a
0.9,edge_001731,book_chunk,MENTIONS_TEST,ev_biochem_000067_036d8ca90a,test:cl
0.55,edge_001732,book_chunk,SUPPORTED_BY_EVIDENCE,finding_concept:biochem:cl:high,ev_biochem_000067_036d8ca90a
0.55,edge_001733,book_chunk,SUPPORTED_BY_EVIDENCE,finding_concept:biochem:cl:low,ev_biochem_000067_036d8ca90a
0.9,edge_001734,book_chunk,MENTIONS_TEST,ev_biochem_000067_036d8ca90a,test:glucose
0.55,edge_001735,book_chunk,SUPPORTED_BY_EVIDENCE,finding_concept:biochem:glucose:high,ev_biochem_000067_036d8ca90a
0.55,edge_001736,book_chunk,SUPPORTED_BY_EVIDENCE,finding_concept:biochem:glucose:low,ev_biochem_000067_036d8ca90a
0.9,edge_001737,book_chunk,MENTIONS_TEST,ev_biochem_000067_036d8ca90a,test:urea
0.55,edge_001738,book_chunk,SUPPORTED_BY_EVIDENCE,finding_concept:biochem:urea:high,ev_biochem_000067_036d8ca90a
0.55,edge_001739,book_chunk,SUPPORTED_BY_EVIDENCE,finding_concept:biochem:urea:low,ev_biochem_000067_036d8ca90a
0.75,edge_001740,book_chunk,SUPPORTS_CONDITION,ev_biochem_000067_036d8ca90a,condition:bone_mineral_disorder
0.75,edge_001741,book_chunk,SUPPORTS_CONDITION,ev_biochem_000067_036d8ca90a,condition:diabetes_risk
0.75,edge_001742,book_chunk,SUPPORTS_CONDITION,ev_biochem_000067_036d8ca90a,condition:electrolyte_disorder
0.75,edge_001743,book_chunk,SUPPORTS_CONDITION,ev_biochem_000067_036d8ca90a,condition:hyperglycemia
0.75,edge_001744,book_chunk,SUPPORTS_CONDITION,ev_biochem_000067_036d8ca90a,condition:reduced_kidney_function
0.75,edge_001745,book_chunk,SUPPORTS_CONDITION,ev_biochem_000067_036d8ca90a,condition:renal_impairment
0.98,edge_001746,book_chunk,FROM_SOURCE,ev_biochem_001209_3c091c8884,source:henry_pdf
1.0,edge_001747,book_chunk,BELONGS_TO_PANEL,ev_biochem_001209_3c091c8884,panel:biochem
0.9,edge_001748,book_chunk,MENTIONS_TEST,ev_biochem_001209_3c091c8884,test:k
0.55,edge_001749,book_chunk,SUPPORTED_BY_EVIDENCE,finding_concept:biochem:k:high,ev_biochem_001209_3c091c8884
0.55,edge_001750,book_chunk,SUPPORTED_BY_EVIDENCE,finding_concept:biochem:k:low,ev_biochem_001209_3c091c8884
0.9,edge_001751,book_chunk,MENTIONS_TEST,ev_biochem_001209_3c091c8884,test:uric_acid
0.55,edge_001752,book_chunk,SUPPORTED_BY_EVIDENCE,finding_concept:biochem:uric_acid:high,ev_biochem_001209_3c091c8884
0.55,edge_001753,book_chunk,SUPPORTED_BY_EVIDENCE,finding_concept:biochem:uric_acid:low,ev_biochem_001209_3c091c8884
0.75,edge_001754,book_chunk,SUPPORTS_CONDITION,ev_biochem_001209_3c091c8884,condition:electrolyte_disorder
0.75,edge_001755,book_chunk,SUPPORTS_CONDITION,ev_biochem_001209_3c091c8884,condition:gout_risk
0.75,edge_001756,book_chunk,SUPPORTS_CONDITION,ev_biochem_001209_3c091c8884,condition:hyperuricemia
0.75,edge_001757,book_chunk,SUPPORTS_CONDITION,ev_biochem_001209_3c091c8884,condition:renal_impairment
0.75,edge_001758,book_chunk,SUPPORTS_CONDITION,ev_biochem_001209_3c091c8884,condition:viral_infection
0.98,edge_001759,book_chunk,FROM_SOURCE,ev_biochem_001505_70a010fc35,source:henry_pdf
1.0,edge_001760,book_chunk,BELONGS_TO_PANEL,ev_biochem_001505_70a010fc35,panel:biochem
0.9,edge_001761,book_chunk,MENTIONS_TEST,ev_biochem_001505_70a010fc35,test:k
0.55,edge_001762,book_chunk,SUPPORTED_BY_EVIDENCE,finding_concept:biochem:k:high,ev_biochem_001505_70a010fc35
0.55,edge_001763,book_chunk,SUPPORTED_BY_EVIDENCE,finding_concept:biochem:k:low,ev_biochem_001505_70a010fc35
0.9,edge_001764,book_chunk,MENTIONS_TEST,ev_biochem_001505_70a010fc35,test:uric_acid
0.55,edge_001765,book_chunk,SUPPORTED_BY_EVIDENCE,finding_concept:biochem:uric_acid:high,ev_biochem_001505_70a010fc35
0.55,edge_001766,book_chunk,SUPPORTED_BY_EVIDENCE,finding_concept:biochem:uric_acid:low,ev_biochem_001505_70a010fc35
0.75,edge_001767,book_chunk,SUPPORTS_CONDITION,ev_biochem_001505_70a010fc35,condition:electrolyte_disorder
0.75,edge_001768,book_chunk,SUPPORTS_CONDITION,ev_biochem_001505_70a010fc35,condition:gout_risk
0.75,edge_001769,book_chunk,SUPPORTS_CONDITION,ev_biochem_001505_70a010fc35,condition:hyperuricemia
0.75,edge_001770,book_chunk,SUPPORTS_CONDITION,ev_biochem_001505_70a010fc35,condition:leukopenia
0.75,edge_001771,book_chunk,SUPPORTS_CONDITION,ev_biochem_001505_70a010fc35,condition:thrombocytopenia
0.98,edge_001772,book_chunk,FROM_SOURCE,ev_biochem_001232_7d17140b1b,source:henry_pdf
1.0,edge_001773,book_chunk,BELONGS_TO_PANEL,ev_biochem_001232_7d17140b1b,panel:biochem
0.9,edge_001774,book_chunk,MENTIONS_TEST,ev_biochem_001232_7d17140b1b,test:cholesterol
0.55,edge_001775,book_chunk,SUPPORTED_BY_EVIDENCE,finding_concept:biochem:cholesterol:high,ev_biochem_001232_7d17140b1b
0.55,edge_001776,book_chunk,SUPPORTED_BY_EVIDENCE,finding_concept:biochem:cholesterol:low,ev_biochem_001232_7d17140b1b
0.9,edge_001777,book_chunk,MENTIONS_TEST,ev_biochem_001232_7d17140b1b,test:hdl_c
0.55,edge_001778,book_chunk,SUPPORTED_BY_EVIDENCE,finding_concept:biochem:hdl_c:high,ev_biochem_001232_7d17140b1b
0.55,edge_001779,book_chunk,SUPPORTED_BY_EVIDENCE,finding_concept:biochem:hdl_c:low,ev_biochem_001232_7d17140b1b
0.75,edge_001780,book_chunk,SUPPORTS_CONDITION,ev_biochem_001232_7d17140b1b,condition:cardiovascular_risk
0.75,edge_001781,book_chunk,SUPPORTS_CONDITION,ev_biochem_001232_7d17140b1b,condition:dyslipidemia
0.75,edge_001782,book_chunk,SUPPORTS_CONDITION,ev_biochem_001232_7d17140b1b,condition:hepatocellular_injury
0.75,edge_001783,book_chunk,SUPPORTS_CONDITION,ev_biochem_001232_7d17140b1b,condition:liver_injury
0.98,edge_001784,book_chunk,FROM_SOURCE,ev_biochem_001234_65f8ca6064,source:henry_pdf
1.0,edge_001785,book_chunk,BELONGS_TO_PANEL,ev_biochem_001234_65f8ca6064,panel:biochem
0.9,edge_001786,book_chunk,MENTIONS_TEST,ev_biochem_001234_65f8ca6064,test:cholesterol
0.55,edge_001787,book_chunk,SUPPORTED_BY_EVIDENCE,finding_concept:biochem:cholesterol:high,ev_biochem_001234_65f8ca6064
0.55,edge_001788,book_chunk,SUPPORTED_BY_EVIDENCE,finding_concept:biochem:cholesterol:low,ev_biochem_001234_65f8ca6064
0.9,edge_001789,book_chunk,MENTIONS_TEST,ev_biochem_001234_65f8ca6064,test:hdl_c
0.55,edge_001790,book_chunk,SUPPORTED_BY_EVIDENCE,finding_concept:biochem:hdl_c:high,ev_biochem_001234_65f8ca6064
0.55,edge_001791,book_chunk,SUPPORTED_BY_EVIDENCE,finding_concept:biochem:hdl_c:low,ev_biochem_001234_65f8ca6064
0.75,edge_001792,book_chunk,SUPPORTS_CONDITION,ev_biochem_001234_65f8ca6064,condition:cardiovascular_risk
0.75,edge_001793,book_chunk,SUPPORTS_CONDITION,ev_biochem_001234_65f8ca6064,condition:dyslipidemia
0.75,edge_001794,book_chunk,SUPPORTS_CONDITION,ev_biochem_001234_65f8ca6064,condition:hepatocellular_injury
0.75,edge_001795,book_chunk,SUPPORTS_CONDITION,ev_biochem_001234_65f8ca6064,condition:liver_injury
0.98,edge_001796,book_chunk,FROM_SOURCE,ev_biochem_000777_2ba0c71a54,source:henry_pdf
1.0,edge_001797,book_chunk,BELONGS_TO_PANEL,ev_biochem_000777_2ba0c71a54,panel:biochem
0.9,edge_001798,book_chunk,MENTIONS_TEST,ev_biochem_000777_2ba0c71a54,test:albumin
0.55,edge_001799,book_chunk,SUPPORTED_BY_EVIDENCE,finding_concept:biochem:albumin:high,ev_biochem_000777_2ba0c71a54
0.55,edge_001800,book_chunk,SUPPORTED_BY_EVIDENCE,finding_concept:biochem:albumin:low,ev_biochem_000777_2ba0c71a54
0.9,edge_001801,book_chunk,MENTIONS_TEST,ev_biochem_000777_2ba0c71a54,test:glucose
0.55,edge_001802,book_chunk,SUPPORTED_BY_EVIDENCE,finding_concept:biochem:glucose:high,ev_biochem_000777_2ba0c71a54
0.55,edge_001803,book_chunk,SUPPORTED_BY_EVIDENCE,finding_concept:biochem:glucose:low,ev_biochem_000777_2ba0c71a54
0.9,edge_001804,book_chunk,MENTIONS_TEST,ev_biochem_000777_2ba0c71a54,test:hba1c
0.55,edge_001805,book_chunk,SUPPORTED_BY_EVIDENCE,finding_concept:biochem:hba1c:high,ev_biochem_000777_2ba0c71a54
0.55,edge_001806,book_chunk,SUPPORTED_BY_EVIDENCE,finding_concept:biochem:hba1c:low,ev_biochem_000777_2ba0c71a54
0.75,edge_001807,book_chunk,SUPPORTS_CONDITION,ev_biochem_000777_2ba0c71a54,condition:diabetes_risk
0.75,edge_001808,book_chunk,SUPPORTS_CONDITION,ev_biochem_000777_2ba0c71a54,condition:gout_risk
0.75,edge_001809,book_chunk,SUPPORTS_CONDITION,ev_biochem_000777_2ba0c71a54,condition:hemolytic_anemia
0.75,edge_001810,book_chunk,SUPPORTS_CONDITION,ev_biochem_000777_2ba0c71a54,condition:hepatocellular_injury
0.75,edge_001811,book_chunk,SUPPORTS_CONDITION,ev_biochem_000777_2ba0c71a54,condition:hyperglycemia
0.75,edge_001812,book_chunk,SUPPORTS_CONDITION,ev_biochem_000777_2ba0c71a54,condition:hyperuricemia
0.75,edge_001813,book_chunk,SUPPORTS_CONDITION,ev_biochem_000777_2ba0c71a54,condition:hypoalbuminemia
0.75,edge_001814,book_chunk,SUPPORTS_CONDITION,ev_biochem_000777_2ba0c71a54,condition:liver_injury
0.98,edge_001815,book_chunk,FROM_SOURCE,ev_biochem_004384_5017c480d5,source:henry_pdf
1.0,edge_001816,book_chunk,BELONGS_TO_PANEL,ev_biochem_004384_5017c480d5,panel:biochem
0.9,edge_001817,book_chunk,MENTIONS_TEST,ev_biochem_004384_5017c480d5,test:creatinine
0.55,edge_001818,book_chunk,SUPPORTED_BY_EVIDENCE,finding_concept:biochem:creatinine:high,ev_biochem_004384_5017c480d5
0.55,edge_001819,book_chunk,SUPPORTED_BY_EVIDENCE,finding_concept:biochem:creatinine:low,ev_biochem_004384_5017c480d5
0.9,edge_001820,book_chunk,MENTIONS_TEST,ev_biochem_004384_5017c480d5,test:pth
0.55,edge_001821,book_chunk,SUPPORTED_BY_EVIDENCE,finding_concept:biochem:pth:high,ev_biochem_004384_5017c480d5
0.55,edge_001822,book_chunk,SUPPORTED_BY_EVIDENCE,finding_concept:biochem:pth:low,ev_biochem_004384_5017c480d5
0.75,edge_001823,book_chunk,SUPPORTS_CONDITION,ev_biochem_004384_5017c480d5,condition:bone_mineral_disorder
0.75,edge_001824,book_chunk,SUPPORTS_CONDITION,ev_biochem_004384_5017c480d5,condition:reduced_kidney_function
0.75,edge_001825,book_chunk,SUPPORTS_CONDITION,ev_biochem_004384_5017c480d5,condition:renal_impairment
0.98,edge_001826,book_chunk,FROM_SOURCE,ev_biochem_006527_011f707683,source:tietz_pdf
1.0,edge_001827,book_chunk,BELONGS_TO_PANEL,ev_biochem_006527_011f707683,panel:biochem
0.9,edge_001828,book_chunk,MENTIONS_TEST,ev_biochem_006527_011f707683,test:calcium_ion
0.55,edge_001829,book_chunk,SUPPORTED_BY_EVIDENCE,finding_concept:biochem:calcium_ion:high,ev_biochem_006527_011f707683
0.55,edge_001830,book_chunk,SUPPORTED_BY_EVIDENCE,finding_concept:biochem:calcium_ion:low,ev_biochem_006527_011f707683
0.9,edge_001831,book_chunk,MENTIONS_TEST,ev_biochem_006527_011f707683,test:creatinine
0.55,edge_001832,book_chunk,SUPPORTED_BY_EVIDENCE,finding_concept:biochem:creatinine:high,ev_biochem_006527_011f707683
0.55,edge_001833,book_chunk,SUPPORTED_BY_EVIDENCE,finding_concept:biochem:creatinine:low,ev_biochem_006527_011f707683
0.9,edge_001834,book_chunk,MENTIONS_TEST,ev_biochem_006527_011f707683,test:na
0.55,edge_001835,book_chunk,SUPPORTED_BY_EVIDENCE,finding_concept:biochem:na:high,ev_biochem_006527_011f707683
0.55,edge_001836,book_chunk,SUPPORTED_BY_EVIDENCE,finding_concept:biochem:na:low,ev_biochem_006527_011f707683
0.9,edge_001837,book_chunk,MENTIONS_TEST,ev_biochem_006527_011f707683,test:pth
0.55,edge_001838,book_chunk,SUPPORTED_BY_EVIDENCE,finding_concept:biochem:pth:high,ev_biochem_006527_011f707683
0.55,edge_001839,book_chunk,SUPPORTED_BY_EVIDENCE,finding_concept:biochem:pth:low,ev_biochem_006527_011f707683
0.75,edge_001840,book_chunk,SUPPORTS_CONDITION,ev_biochem_006527_011f707683,condition:bone_mineral_disorder
0.75,edge_001841,book_chunk,SUPPORTS_CONDITION,ev_biochem_006527_011f707683,condition:reduced_kidney_function
0.75,edge_001842,book_chunk,SUPPORTS_CONDITION,ev_biochem_006527_011f707683,condition:renal_impairment
0.98,edge_001843,book_chunk,FROM_SOURCE,ev_biochem_000036_07d839ba3d,source:henry_pdf
1.0,edge_001844,book_chunk,BELONGS_TO_PANEL,ev_biochem_000036_07d839ba3d,panel:biochem
0.9,edge_001845,book_chunk,MENTIONS_TEST,ev_biochem_000036_07d839ba3d,test:albumin
0.55,edge_001846,book_chunk,SUPPORTED_BY_EVIDENCE,finding_concept:biochem:albumin:high,ev_biochem_000036_07d839ba3d
0.55,edge_001847,book_chunk,SUPPORTED_BY_EVIDENCE,finding_concept:biochem:albumin:low,ev_biochem_000036_07d839ba3d
0.9,edge_001848,book_chunk,MENTIONS_TEST,ev_biochem_000036_07d839ba3d,test:calcium_ion
0.55,edge_001849,book_chunk,SUPPORTED_BY_EVIDENCE,finding_concept:biochem:calcium_ion:high,ev_biochem_000036_07d839ba3d
0.55,edge_001850,book_chunk,SUPPORTED_BY_EVIDENCE,finding_concept:biochem:calcium_ion:low,ev_biochem_000036_07d839ba3d
0.9,edge_001851,book_chunk,MENTIONS_TEST,ev_biochem_000036_07d839ba3d,test:ferritin
0.55,edge_001852,book_chunk,SUPPORTED_BY_EVIDENCE,finding_concept:biochem:ferritin:high,ev_biochem_000036_07d839ba3d
0.55,edge_001853,book_chunk,SUPPORTED_BY_EVIDENCE,finding_concept:biochem:ferritin:low,ev_biochem_000036_07d839ba3d
0.75,edge_001854,book_chunk,SUPPORTS_CONDITION,ev_biochem_000036_07d839ba3d,condition:bone_mineral_disorder
0.75,edge_001855,book_chunk,SUPPORTS_CONDITION,ev_biochem_000036_07d839ba3d,condition:hepatocellular_injury
0.75,edge_001856,book_chunk,SUPPORTS_CONDITION,ev_biochem_000036_07d839ba3d,condition:hypoalbuminemia
0.75,edge_001857,book_chunk,SUPPORTS_CONDITION,ev_biochem_000036_07d839ba3d,condition:iron_store_abnormality
0.75,edge_001858,book_chunk,SUPPORTS_CONDITION,ev_biochem_000036_07d839ba3d,condition:liver_injury
0.98,edge_001859,book_chunk,FROM_SOURCE,ev_biochem_005616_803b8d9281,source:tietz_pdf
1.0,edge_001860,book_chunk,BELONGS_TO_PANEL,ev_biochem_005616_803b8d9281,panel:biochem
0.9,edge_001861,book_chunk,MENTIONS_TEST,ev_biochem_005616_803b8d9281,test:ferritin
0.55,edge_001862,book_chunk,SUPPORTED_BY_EVIDENCE,finding_concept:biochem:ferritin:high,ev_biochem_005616_803b8d9281
0.55,edge_001863,book_chunk,SUPPORTED_BY_EVIDENCE,finding_concept:biochem:ferritin:low,ev_biochem_005616_803b8d9281
0.9,edge_001864,book_chunk,MENTIONS_TEST,ev_biochem_005616_803b8d9281,test:na
0.55,edge_001865,book_chunk,SUPPORTED_BY_EVIDENCE,finding_concept:biochem:na:high,ev_biochem_005616_803b8d9281
0.55,edge_001866,book_chunk,SUPPORTED_BY_EVIDENCE,finding_concept:biochem:na:low,ev_biochem_005616_803b8d9281
0.75,edge_001867,book_chunk,SUPPORTS_CONDITION,ev_biochem_005616_803b8d9281,condition:iron_deficiency_anemia
0.75,edge_001868,book_chunk,SUPPORTS_CONDITION,ev_biochem_005616_803b8d9281,condition:iron_store_abnormality
0.75,edge_001869,book_chunk,SUPPORTS_CONDITION,ev_biochem_005616_803b8d9281,condition:microcytic_anemia
0.75,edge_001870,book_chunk,SUPPORTS_CONDITION,ev_biochem_005616_803b8d9281,condition:thalassemia
0.98,edge_001871,book_chunk,FROM_SOURCE,ev_biochem_002266_9000d116fe,source:henry_pdf
1.0,edge_001872,book_chunk,BELONGS_TO_PANEL,ev_biochem_002266_9000d116fe,panel:biochem
0.9,edge_001873,book_chunk,MENTIONS_TEST,ev_biochem_002266_9000d116fe,test:ferritin
0.55,edge_001874,book_chunk,SUPPORTED_BY_EVIDENCE,finding_concept:biochem:ferritin:high,ev_biochem_002266_9000d116fe
0.55,edge_001875,book_chunk,SUPPORTED_BY_EVIDENCE,finding_concept:biochem:ferritin:low,ev_biochem_002266_9000d116fe
0.75,edge_001876,book_chunk,SUPPORTS_CONDITION,ev_biochem_002266_9000d116fe,condition:gout_risk
0.75,edge_001877,book_chunk,SUPPORTS_CONDITION,ev_biochem_002266_9000d116fe,condition:hemolytic_anemia
0.75,edge_001878,book_chunk,SUPPORTS_CONDITION,ev_biochem_002266_9000d116fe,condition:hyperuricemia
0.75,edge_001879,book_chunk,SUPPORTS_CONDITION,ev_biochem_002266_9000d116fe,condition:iron_store_abnormality
0.75,edge_001880,book_chunk,SUPPORTS_CONDITION,ev_biochem_002266_9000d116fe,condition:thalassemia
0.98,edge_001881,book_chunk,FROM_SOURCE,ev_biochem_001310_ad61e6bb22,source:henry_pdf
1.0,edge_001882,book_chunk,BELONGS_TO_PANEL,ev_biochem_001310_ad61e6bb22,panel:biochem
0.9,edge_001883,book_chunk,MENTIONS_TEST,ev_biochem_001310_ad61e6bb22,test:ferritin
0.55,edge_001884,book_chunk,SUPPORTED_BY_EVIDENCE,finding_concept:biochem:ferritin:high,ev_biochem_001310_ad61e6bb22
0.55,edge_001885,book_chunk,SUPPORTED_BY_EVIDENCE,finding_concept:biochem:ferritin:low,ev_biochem_001310_ad61e6bb22
0.75,edge_001886,book_chunk,SUPPORTS_CONDITION,ev_biochem_001310_ad61e6bb22,condition:hepatocellular_injury
0.75,edge_001887,book_chunk,SUPPORTS_CONDITION,ev_biochem_001310_ad61e6bb22,condition:iron_store_abnormality
0.75,edge_001888,book_chunk,SUPPORTS_CONDITION,ev_biochem_001310_ad61e6bb22,condition:liver_injury
0.98,edge_001889,book_chunk,FROM_SOURCE,ev_biochem_006375_b4b9875548,source:tietz_pdf
1.0,edge_001890,book_chunk,BELONGS_TO_PANEL,ev_biochem_006375_b4b9875548,panel:biochem
0.9,edge_001891,book_chunk,MENTIONS_TEST,ev_biochem_006375_b4b9875548,test:ast
0.55,edge_001892,book_chunk,SUPPORTED_BY_EVIDENCE,finding_concept:biochem:ast:high,ev_biochem_006375_b4b9875548
0.55,edge_001893,book_chunk,SUPPORTED_BY_EVIDENCE,finding_concept:biochem:ast:low,ev_biochem_006375_b4b9875548
0.9,edge_001894,book_chunk,MENTIONS_TEST,ev_biochem_006375_b4b9875548,test:ferritin
0.55,edge_001895,book_chunk,SUPPORTED_BY_EVIDENCE,finding_concept:biochem:ferritin:high,ev_biochem_006375_b4b9875548
0.55,edge_001896,book_chunk,SUPPORTED_BY_EVIDENCE,finding_concept:biochem:ferritin:low,ev_biochem_006375_b4b9875548
0.75,edge_001897,book_chunk,SUPPORTS_CONDITION,ev_biochem_006375_b4b9875548,condition:hepatocellular_injury
0.75,edge_001898,book_chunk,SUPPORTS_CONDITION,ev_biochem_006375_b4b9875548,condition:iron_store_abnormality
0.75,edge_001899,book_chunk,SUPPORTS_CONDITION,ev_biochem_006375_b4b9875548,condition:liver_injury
0.98,edge_001900,book_chunk,FROM_SOURCE,ev_biochem_005354_3f9be9ead9,source:tietz_pdf
1.0,edge_001901,book_chunk,BELONGS_TO_PANEL,ev_biochem_005354_3f9be9ead9,panel:biochem
0.9,edge_001902,book_chunk,MENTIONS_TEST,ev_biochem_005354_3f9be9ead9,test:cl
0.55,edge_001903,book_chunk,SUPPORTED_BY_EVIDENCE,finding_concept:biochem:cl:high,ev_biochem_005354_3f9be9ead9
0.55,edge_001904,book_chunk,SUPPORTED_BY_EVIDENCE,finding_concept:biochem:cl:low,ev_biochem_005354_3f9be9ead9
0.9,edge_001905,book_chunk,MENTIONS_TEST,ev_biochem_005354_3f9be9ead9,test:k
0.55,edge_001906,book_chunk,SUPPORTED_BY_EVIDENCE,finding_concept:biochem:k:high,ev_biochem_005354_3f9be9ead9
0.55,edge_001907,book_chunk,SUPPORTED_BY_EVIDENCE,finding_concept:biochem:k:low,ev_biochem_005354_3f9be9ead9
0.9,edge_001908,book_chunk,MENTIONS_TEST,ev_biochem_005354_3f9be9ead9,test:na
0.55,edge_001909,book_chunk,SUPPORTED_BY_EVIDENCE,finding_concept:biochem:na:high,ev_biochem_005354_3f9be9ead9
0.55,edge_001910,book_chunk,SUPPORTED_BY_EVIDENCE,finding_concept:biochem:na:low,ev_biochem_005354_3f9be9ead9
0.75,edge_001911,book_chunk,SUPPORTS_CONDITION,ev_biochem_005354_3f9be9ead9,condition:electrolyte_disorder
0.75,edge_001912,book_chunk,SUPPORTS_CONDITION,ev_biochem_005354_3f9be9ead9,condition:gout_risk
0.75,edge_001913,book_chunk,SUPPORTS_CONDITION,ev_biochem_005354_3f9be9ead9,condition:hyperuricemia
0.98,edge_001914,book_chunk,FROM_SOURCE,ev_biochem_000570_d834425ffe,source:henry_pdf
1.0,edge_001915,book_chunk,BELONGS_TO_PANEL,ev_biochem_000570_d834425ffe,panel:biochem
0.9,edge_001916,book_chunk,MENTIONS_TEST,ev_biochem_000570_d834425ffe,test:cl
0.55,edge_001917,book_chunk,SUPPORTED_BY_EVIDENCE,finding_concept:biochem:cl:high,ev_biochem_000570_d834425ffe
0.55,edge_001918,book_chunk,SUPPORTED_BY_EVIDENCE,finding_concept:biochem:cl:low,ev_biochem_000570_d834425ffe
0.9,edge_001919,book_chunk,MENTIONS_TEST,ev_biochem_000570_d834425ffe,test:glucose
0.55,edge_001920,book_chunk,SUPPORTED_BY_EVIDENCE,finding_concept:biochem:glucose:high,ev_biochem_000570_d834425ffe
0.55,edge_001921,book_chunk,SUPPORTED_BY_EVIDENCE,finding_concept:biochem:glucose:low,ev_biochem_000570_d834425ffe
0.75,edge_001922,book_chunk,SUPPORTS_CONDITION,ev_biochem_000570_d834425ffe,condition:diabetes_risk
0.75,edge_001923,book_chunk,SUPPORTS_CONDITION,ev_biochem_000570_d834425ffe,condition:electrolyte_disorder
0.75,edge_001924,book_chunk,SUPPORTS_CONDITION,ev_biochem_000570_d834425ffe,condition:hyperglycemia
0.75,edge_001925,book_chunk,SUPPORTS_CONDITION,ev_biochem_000570_d834425ffe,condition:renal_impairment
0.98,edge_001926,book_chunk,FROM_SOURCE,ev_biochem_001207_07d610dbf0,source:henry_pdf
1.0,edge_001927,book_chunk,BELONGS_TO_PANEL,ev_biochem_001207_07d610dbf0,panel:biochem
0.9,edge_001928,book_chunk,MENTIONS_TEST,ev_biochem_001207_07d610dbf0,test:ck_mb
0.55,edge_001929,book_chunk,SUPPORTED_BY_EVIDENCE,finding_concept:biochem:ck_mb:high,ev_biochem_001207_07d610dbf0
0.55,edge_001930,book_chunk,SUPPORTED_BY_EVIDENCE,finding_concept:biochem:ck_mb:low,ev_biochem_001207_07d610dbf0
0.9,edge_001931,book_chunk,MENTIONS_TEST,ev_biochem_001207_07d610dbf0,test:troponin_t
0.55,edge_001932,book_chunk,SUPPORTED_BY_EVIDENCE,finding_concept:biochem:troponin_t:high,ev_biochem_001207_07d610dbf0
0.55,edge_001933,book_chunk,SUPPORTED_BY_EVIDENCE,finding_concept:biochem:troponin_t:low,ev_biochem_001207_07d610dbf0
0.75,edge_001934,book_chunk,SUPPORTS_CONDITION,ev_biochem_001207_07d610dbf0,condition:cardiac_stress
0.75,edge_001935,book_chunk,SUPPORTS_CONDITION,ev_biochem_001207_07d610dbf0,condition:myocardial_injury
0.98,edge_001936,book_chunk,FROM_SOURCE,ev_biochem_006016_00c28a12c4,source:tietz_pdf
1.0,edge_001937,book_chunk,BELONGS_TO_PANEL,ev_biochem_006016_00c28a12c4,panel:biochem
0.9,edge_001938,book_chunk,MENTIONS_TEST,ev_biochem_006016_00c28a12c4,test:troponin_t
0.55,edge_001939,book_chunk,SUPPORTED_BY_EVIDENCE,finding_concept:biochem:troponin_t:high,ev_biochem_006016_00c28a12c4
0.55,edge_001940,book_chunk,SUPPORTED_BY_EVIDENCE,finding_concept:biochem:troponin_t:low,ev_biochem_006016_00c28a12c4
0.75,edge_001941,book_chunk,SUPPORTS_CONDITION,ev_biochem_006016_00c28a12c4,condition:cardiac_stress
0.75,edge_001942,book_chunk,SUPPORTS_CONDITION,ev_biochem_006016_00c28a12c4,condition:myocardial_injury
0.98,edge_001943,book_chunk,FROM_SOURCE,ev_biochem_006003_ed442959da,source:tietz_pdf
1.0,edge_001944,book_chunk,BELONGS_TO_PANEL,ev_biochem_006003_ed442959da,panel:biochem
0.9,edge_001945,book_chunk,MENTIONS_TEST,ev_biochem_006003_ed442959da,test:troponin_t
0.55,edge_001946,book_chunk,SUPPORTED_BY_EVIDENCE,finding_concept:biochem:troponin_t:high,ev_biochem_006003_ed442959da
0.55,edge_001947,book_chunk,SUPPORTED_BY_EVIDENCE,finding_concept:biochem:troponin_t:low,ev_biochem_006003_ed442959da
0.75,edge_001948,book_chunk,SUPPORTS_CONDITION,ev_biochem_006003_ed442959da,condition:cardiac_stress
0.75,edge_001949,book_chunk,SUPPORTS_CONDITION,ev_biochem_006003_ed442959da,condition:myocardial_injury
0.98,edge_001950,book_chunk,FROM_SOURCE,ev_biochem_006035_3b1065b935,source:tietz_pdf
1.0,edge_001951,book_chunk,BELONGS_TO_PANEL,ev_biochem_006035_3b1065b935,panel:biochem
0.9,edge_001952,book_chunk,MENTIONS_TEST,ev_biochem_006035_3b1065b935,test:pro_bnp
0.55,edge_001953,book_chunk,SUPPORTED_BY_EVIDENCE,finding_concept:biochem:pro_bnp:high,ev_biochem_006035_3b1065b935
0.55,edge_001954,book_chunk,SUPPORTED_BY_EVIDENCE,finding_concept:biochem:pro_bnp:low,ev_biochem_006035_3b1065b935
0.9,edge_001955,book_chunk,MENTIONS_TEST,ev_biochem_006035_3b1065b935,test:troponin_t
0.55,edge_001956,book_chunk,SUPPORTED_BY_EVIDENCE,finding_concept:biochem:troponin_t:high,ev_biochem_006035_3b1065b935
0.55,edge_001957,book_chunk,SUPPORTED_BY_EVIDENCE,finding_concept:biochem:troponin_t:low,ev_biochem_006035_3b1065b935
0.75,edge_001958,book_chunk,SUPPORTS_CONDITION,ev_biochem_006035_3b1065b935,condition:cardiac_stress
0.75,edge_001959,book_chunk,SUPPORTS_CONDITION,ev_biochem_006035_3b1065b935,condition:myocardial_injury
0.98,edge_001960,book_chunk,FROM_SOURCE,ev_biochem_004752_34d3206180,source:tietz_pdf
1.0,edge_001961,book_chunk,BELONGS_TO_PANEL,ev_biochem_004752_34d3206180,panel:biochem
0.9,edge_001962,book_chunk,MENTIONS_TEST,ev_biochem_004752_34d3206180,test:troponin_t
0.55,edge_001963,book_chunk,SUPPORTED_BY_EVIDENCE,finding_concept:biochem:troponin_t:high,ev_biochem_004752_34d3206180
0.55,edge_001964,book_chunk,SUPPORTED_BY_EVIDENCE,finding_concept:biochem:troponin_t:low,ev_biochem_004752_34d3206180
0.75,edge_001965,book_chunk,SUPPORTS_CONDITION,ev_biochem_004752_34d3206180,condition:cardiac_stress
0.75,edge_001966,book_chunk,SUPPORTS_CONDITION,ev_biochem_004752_34d3206180,condition:myocardial_injury
0.98,edge_001967,book_chunk,FROM_SOURCE,ev_biochem_000991_02a3893bcc,source:henry_pdf
1.0,edge_001968,book_chunk,BELONGS_TO_PANEL,ev_biochem_000991_02a3893bcc,panel:biochem
0.9,edge_001969,book_chunk,MENTIONS_TEST,ev_biochem_000991_02a3893bcc,test:troponin_t
0.55,edge_001970,book_chunk,SUPPORTED_BY_EVIDENCE,finding_concept:biochem:troponin_t:high,ev_biochem_000991_02a3893bcc
0.55,edge_001971,book_chunk,SUPPORTED_BY_EVIDENCE,finding_concept:biochem:troponin_t:low,ev_biochem_000991_02a3893bcc
0.75,edge_001972,book_chunk,SUPPORTS_CONDITION,ev_biochem_000991_02a3893bcc,condition:cardiac_stress
0.75,edge_001973,book_chunk,SUPPORTS_CONDITION,ev_biochem_000991_02a3893bcc,condition:myocardial_injury
0.98,edge_001974,book_chunk,FROM_SOURCE,ev_biochem_004935_70d2af4eb1,source:tietz_pdf
1.0,edge_001975,book_chunk,BELONGS_TO_PANEL,ev_biochem_004935_70d2af4eb1,panel:biochem
0.9,edge_001976,book_chunk,MENTIONS_TEST,ev_biochem_004935_70d2af4eb1,test:ck_mb
0.55,edge_001977,book_chunk,SUPPORTED_BY_EVIDENCE,finding_concept:biochem:ck_mb:high,ev_biochem_004935_70d2af4eb1
0.55,edge_001978,book_chunk,SUPPORTED_BY_EVIDENCE,finding_concept:biochem:ck_mb:low,ev_biochem_004935_70d2af4eb1
0.75,edge_001979,book_chunk,SUPPORTS_CONDITION,ev_biochem_004935_70d2af4eb1,condition:cardiac_stress
0.75,edge_001980,book_chunk,SUPPORTS_CONDITION,ev_biochem_004935_70d2af4eb1,condition:hepatocellular_injury
0.75,edge_001981,book_chunk,SUPPORTS_CONDITION,ev_biochem_004935_70d2af4eb1,condition:liver_injury
0.75,edge_001982,book_chunk,SUPPORTS_CONDITION,ev_biochem_004935_70d2af4eb1,condition:myocardial_injury
0.98,edge_001983,book_chunk,FROM_SOURCE,ev_biochem_000226_138bb1eb42,source:henry_pdf
1.0,edge_001984,book_chunk,BELONGS_TO_PANEL,ev_biochem_000226_138bb1eb42,panel:biochem
0.9,edge_001985,book_chunk,MENTIONS_TEST,ev_biochem_000226_138bb1eb42,test:ck_mb
0.55,edge_001986,book_chunk,SUPPORTED_BY_EVIDENCE,finding_concept:biochem:ck_mb:high,ev_biochem_000226_138bb1eb42
0.55,edge_001987,book_chunk,SUPPORTED_BY_EVIDENCE,finding_concept:biochem:ck_mb:low,ev_biochem_000226_138bb1eb42
0.75,edge_001988,book_chunk,SUPPORTS_CONDITION,ev_biochem_000226_138bb1eb42,condition:cardiac_stress
0.75,edge_001989,book_chunk,SUPPORTS_CONDITION,ev_biochem_000226_138bb1eb42,condition:myocardial_injury
0.98,edge_001990,book_chunk,FROM_SOURCE,ev_biochem_001009_a76ef76214,source:henry_pdf
1.0,edge_001991,book_chunk,BELONGS_TO_PANEL,ev_biochem_001009_a76ef76214,panel:biochem
0.9,edge_001992,book_chunk,MENTIONS_TEST,ev_biochem_001009_a76ef76214,test:ck_mb
0.55,edge_001993,book_chunk,SUPPORTED_BY_EVIDENCE,finding_concept:biochem:ck_mb:high,ev_biochem_001009_a76ef76214
0.55,edge_001994,book_chunk,SUPPORTED_BY_EVIDENCE,finding_concept:biochem:ck_mb:low,ev_biochem_001009_a76ef76214
0.75,edge_001995,book_chunk,SUPPORTS_CONDITION,ev_biochem_001009_a76ef76214,condition:cardiac_stress
0.75,edge_001996,book_chunk,SUPPORTS_CONDITION,ev_biochem_001009_a76ef76214,condition:myocardial_injury
0.98,edge_001997,book_chunk,FROM_SOURCE,ev_biochem_001024_2dc6d132d8,source:henry_pdf
1.0,edge_001998,book_chunk,BELONGS_TO_PANEL,ev_biochem_001024_2dc6d132d8,panel:biochem
0.9,edge_001999,book_chunk,MENTIONS_TEST,ev_biochem_001024_2dc6d132d8,test:ck_mb
0.55,edge_002000,book_chunk,SUPPORTED_BY_EVIDENCE,finding_concept:biochem:ck_mb:high,ev_biochem_001024_2dc6d132d8
0.55,edge_002001,book_chunk,SUPPORTED_BY_EVIDENCE,finding_concept:biochem:ck_mb:low,ev_biochem_001024_2dc6d132d8
0.75,edge_002002,book_chunk,SUPPORTS_CONDITION,ev_biochem_001024_2dc6d132d8,condition:cardiac_stress
0.75,edge_002003,book_chunk,SUPPORTS_CONDITION,ev_biochem_001024_2dc6d132d8,condition:myocardial_injury
0.98,edge_002004,book_chunk,FROM_SOURCE,ev_biochem_001015_978a31bc9e,source:henry_pdf
1.0,edge_002005,book_chunk,BELONGS_TO_PANEL,ev_biochem_001015_978a31bc9e,panel:biochem
0.9,edge_002006,book_chunk,MENTIONS_TEST,ev_biochem_001015_978a31bc9e,test:ck_mb
0.55,edge_002007,book_chunk,SUPPORTED_BY_EVIDENCE,finding_concept:biochem:ck_mb:high,ev_biochem_001015_978a31bc9e
0.55,edge_002008,book_chunk,SUPPORTED_BY_EVIDENCE,finding_concept:biochem:ck_mb:low,ev_biochem_001015_978a31bc9e
0.75,edge_002009,book_chunk,SUPPORTS_CONDITION,ev_biochem_001015_978a31bc9e,condition:cardiac_stress
0.75,edge_002010,book_chunk,SUPPORTS_CONDITION,ev_biochem_001015_978a31bc9e,condition:myocardial_injury
0.75,edge_002011,book_chunk,SUPPORTS_CONDITION,ev_biochem_001015_978a31bc9e,condition:renal_impairment
0.98,edge_002012,book_chunk,FROM_SOURCE,ev_biochem_006027_962d7900ab,source:tietz_pdf
1.0,edge_002013,book_chunk,BELONGS_TO_PANEL,ev_biochem_006027_962d7900ab,panel:biochem
0.9,edge_002014,book_chunk,MENTIONS_TEST,ev_biochem_006027_962d7900ab,test:na
0.55,edge_002015,book_chunk,SUPPORTED_BY_EVIDENCE,finding_concept:biochem:na:high,ev_biochem_006027_962d7900ab
0.55,edge_002016,book_chunk,SUPPORTED_BY_EVIDENCE,finding_concept:biochem:na:low,ev_biochem_006027_962d7900ab
0.9,edge_002017,book_chunk,MENTIONS_TEST,ev_biochem_006027_962d7900ab,test:pro_bnp
0.55,edge_002018,book_chunk,SUPPORTED_BY_EVIDENCE,finding_concept:biochem:pro_bnp:high,ev_biochem_006027_962d7900ab
0.55,edge_002019,book_chunk,SUPPORTED_BY_EVIDENCE,finding_concept:biochem:pro_bnp:low,ev_biochem_006027_962d7900ab
0.75,edge_002020,book_chunk,SUPPORTS_CONDITION,ev_biochem_006027_962d7900ab,condition:cardiac_stress
0.75,edge_002021,book_chunk,SUPPORTS_CONDITION,ev_biochem_006027_962d7900ab,condition:myocardial_injury
0.75,edge_002022,book_chunk,SUPPORTS_CONDITION,ev_biochem_006027_962d7900ab,condition:renal_impairment
0.98,edge_002023,book_chunk,FROM_SOURCE,ev_biochem_004886_221600f342,source:tietz_pdf
1.0,edge_002024,book_chunk,BELONGS_TO_PANEL,ev_biochem_004886_221600f342,panel:biochem
0.9,edge_002025,book_chunk,MENTIONS_TEST,ev_biochem_004886_221600f342,test:na
0.55,edge_002026,book_chunk,SUPPORTED_BY_EVIDENCE,finding_concept:biochem:na:high,ev_biochem_004886_221600f342
0.55,edge_002027,book_chunk,SUPPORTED_BY_EVIDENCE,finding_concept:biochem:na:low,ev_biochem_004886_221600f342
0.9,edge_002028,book_chunk,MENTIONS_TEST,ev_biochem_004886_221600f342,test:pro_bnp
0.55,edge_002029,book_chunk,SUPPORTED_BY_EVIDENCE,finding_concept:biochem:pro_bnp:high,ev_biochem_004886_221600f342
0.55,edge_002030,book_chunk,SUPPORTED_BY_EVIDENCE,finding_concept:biochem:pro_bnp:low,ev_biochem_004886_221600f342
0.75,edge_002031,book_chunk,SUPPORTS_CONDITION,ev_biochem_004886_221600f342,condition:cardiac_stress
0.75,edge_002032,book_chunk,SUPPORTS_CONDITION,ev_biochem_004886_221600f342,condition:myocardial_injury
0.98,edge_002033,book_chunk,FROM_SOURCE,ev_biochem_001686_6d8d4420e7,source:henry_pdf
1.0,edge_002034,book_chunk,BELONGS_TO_PANEL,ev_biochem_001686_6d8d4420e7,panel:biochem
0.9,edge_002035,book_chunk,MENTIONS_TEST,ev_biochem_001686_6d8d4420e7,test:k
0.55,edge_002036,book_chunk,SUPPORTED_BY_EVIDENCE,finding_concept:biochem:k:high,ev_biochem_001686_6d8d4420e7
0.55,edge_002037,book_chunk,SUPPORTED_BY_EVIDENCE,finding_concept:biochem:k:low,ev_biochem_001686_6d8d4420e7
0.9,edge_002038,book_chunk,MENTIONS_TEST,ev_biochem_001686_6d8d4420e7,test:pro_bnp
0.55,edge_002039,book_chunk,SUPPORTED_BY_EVIDENCE,finding_concept:biochem:pro_bnp:high,ev_biochem_001686_6d8d4420e7
0.55,edge_002040,book_chunk,SUPPORTED_BY_EVIDENCE,finding_concept:biochem:pro_bnp:low,ev_biochem_001686_6d8d4420e7
0.75,edge_002041,book_chunk,SUPPORTS_CONDITION,ev_biochem_001686_6d8d4420e7,condition:cardiac_stress
0.75,edge_002042,book_chunk,SUPPORTS_CONDITION,ev_biochem_001686_6d8d4420e7,condition:myocardial_injury
0.75,edge_002043,book_chunk,SUPPORTS_CONDITION,ev_biochem_001686_6d8d4420e7,condition:renal_impairment
0.98,edge_002044,book_chunk,FROM_SOURCE,ev_biochem_004929_9fc30a310d,source:tietz_pdf
1.0,edge_002045,book_chunk,BELONGS_TO_PANEL,ev_biochem_004929_9fc30a310d,panel:biochem
0.9,edge_002046,book_chunk,MENTIONS_TEST,ev_biochem_004929_9fc30a310d,test:calcium_ion
0.55,edge_002047,book_chunk,SUPPORTED_BY_EVIDENCE,finding_concept:biochem:calcium_ion:high,ev_biochem_004929_9fc30a310d
0.55,edge_002048,book_chunk,SUPPORTED_BY_EVIDENCE,finding_concept:biochem:calcium_ion:low,ev_biochem_004929_9fc30a310d
0.9,edge_002049,book_chunk,MENTIONS_TEST,ev_biochem_004929_9fc30a310d,test:pro_bnp
0.55,edge_002050,book_chunk,SUPPORTED_BY_EVIDENCE,finding_concept:biochem:pro_bnp:high,ev_biochem_004929_9fc30a310d
0.55,edge_002051,book_chunk,SUPPORTED_BY_EVIDENCE,finding_concept:biochem:pro_bnp:low,ev_biochem_004929_9fc30a310d
0.75,edge_002052,book_chunk,SUPPORTS_CONDITION,ev_biochem_004929_9fc30a310d,condition:bone_mineral_disorder
0.75,edge_002053,book_chunk,SUPPORTS_CONDITION,ev_biochem_004929_9fc30a310d,condition:cardiac_stress
0.75,edge_002054,book_chunk,SUPPORTS_CONDITION,ev_biochem_004929_9fc30a310d,condition:myocardial_injury
0.98,edge_002055,book_chunk,FROM_SOURCE,ev_biochem_002815_d9fa243c31,source:henry_pdf
1.0,edge_002056,book_chunk,BELONGS_TO_PANEL,ev_biochem_002815_d9fa243c31,panel:biochem
0.9,edge_002057,book_chunk,MENTIONS_TEST,ev_biochem_002815_d9fa243c31,test:pro_bnp
0.55,edge_002058,book_chunk,SUPPORTED_BY_EVIDENCE,finding_concept:biochem:pro_bnp:high,ev_biochem_002815_d9fa243c31
0.55,edge_002059,book_chunk,SUPPORTED_BY_EVIDENCE,finding_concept:biochem:pro_bnp:low,ev_biochem_002815_d9fa243c31
0.75,edge_002060,book_chunk,SUPPORTS_CONDITION,ev_biochem_002815_d9fa243c31,condition:cardiac_stress
0.75,edge_002061,book_chunk,SUPPORTS_CONDITION,ev_biochem_002815_d9fa243c31,condition:myocardial_injury
0.98,edge_002062,book_chunk,FROM_SOURCE,ev_biochem_000775_01479cc569,source:henry_pdf
1.0,edge_002063,book_chunk,BELONGS_TO_PANEL,ev_biochem_000775_01479cc569,panel:biochem
0.9,edge_002064,book_chunk,MENTIONS_TEST,ev_biochem_000775_01479cc569,test:glucose
0.55,edge_002065,book_chunk,SUPPORTED_BY_EVIDENCE,finding_concept:biochem:glucose:high,ev_biochem_000775_01479cc569
0.55,edge_002066,book_chunk,SUPPORTED_BY_EVIDENCE,finding_concept:biochem:glucose:low,ev_biochem_000775_01479cc569
0.9,edge_002067,book_chunk,MENTIONS_TEST,ev_biochem_000775_01479cc569,test:hba1c
0.55,edge_002068,book_chunk,SUPPORTED_BY_EVIDENCE,finding_concept:biochem:hba1c:high,ev_biochem_000775_01479cc569
0.55,edge_002069,book_chunk,SUPPORTED_BY_EVIDENCE,finding_concept:biochem:hba1c:low,ev_biochem_000775_01479cc569
0.75,edge_002070,book_chunk,SUPPORTS_CONDITION,ev_biochem_000775_01479cc569,condition:diabetes_risk
0.75,edge_002071,book_chunk,SUPPORTS_CONDITION,ev_biochem_000775_01479cc569,condition:hemolytic_anemia
0.75,edge_002072,book_chunk,SUPPORTS_CONDITION,ev_biochem_000775_01479cc569,condition:hyperglycemia
0.98,edge_002073,book_chunk,FROM_SOURCE,ev_biochem_004860_aa63a062df,source:tietz_pdf
1.0,edge_002074,book_chunk,BELONGS_TO_PANEL,ev_biochem_004860_aa63a062df,panel:biochem
0.9,edge_002075,book_chunk,MENTIONS_TEST,ev_biochem_004860_aa63a062df,test:albumin
0.55,edge_002076,book_chunk,SUPPORTED_BY_EVIDENCE,finding_concept:biochem:albumin:high,ev_biochem_004860_aa63a062df
0.55,edge_002077,book_chunk,SUPPORTED_BY_EVIDENCE,finding_concept:biochem:albumin:low,ev_biochem_004860_aa63a062df
0.9,edge_002078,book_chunk,MENTIONS_TEST,ev_biochem_004860_aa63a062df,test:creatinine
0.55,edge_002079,book_chunk,SUPPORTED_BY_EVIDENCE,finding_concept:biochem:creatinine:high,ev_biochem_004860_aa63a062df
0.55,edge_002080,book_chunk,SUPPORTED_BY_EVIDENCE,finding_concept:biochem:creatinine:low,ev_biochem_004860_aa63a062df
0.9,edge_002081,book_chunk,MENTIONS_TEST,ev_biochem_004860_aa63a062df,test:glucose
0.55,edge_002082,book_chunk,SUPPORTED_BY_EVIDENCE,finding_concept:biochem:glucose:high,ev_biochem_004860_aa63a062df
0.55,edge_002083,book_chunk,SUPPORTED_BY_EVIDENCE,finding_concept:biochem:glucose:low,ev_biochem_004860_aa63a062df
0.9,edge_002084,book_chunk,MENTIONS_TEST,ev_biochem_004860_aa63a062df,test:hba1c
0.55,edge_002085,book_chunk,SUPPORTED_BY_EVIDENCE,finding_concept:biochem:hba1c:high,ev_biochem_004860_aa63a062df
0.55,edge_002086,book_chunk,SUPPORTED_BY_EVIDENCE,finding_concept:biochem:hba1c:low,ev_biochem_004860_aa63a062df
0.9,edge_002087,book_chunk,MENTIONS_TEST,ev_biochem_004860_aa63a062df,test:k
0.55,edge_002088,book_chunk,SUPPORTED_BY_EVIDENCE,finding_concept:biochem:k:high,ev_biochem_004860_aa63a062df
0.55,edge_002089,book_chunk,SUPPORTED_BY_EVIDENCE,finding_concept:biochem:k:low,ev_biochem_004860_aa63a062df
0.75,edge_002090,book_chunk,SUPPORTS_CONDITION,ev_biochem_004860_aa63a062df,condition:diabetes_risk
0.75,edge_002091,book_chunk,SUPPORTS_CONDITION,ev_biochem_004860_aa63a062df,condition:hyperglycemia
0.75,edge_002092,book_chunk,SUPPORTS_CONDITION,ev_biochem_004860_aa63a062df,condition:hypoalbuminemia
0.75,edge_002093,book_chunk,SUPPORTS_CONDITION,ev_biochem_004860_aa63a062df,condition:reduced_kidney_function
0.75,edge_002094,book_chunk,SUPPORTS_CONDITION,ev_biochem_004860_aa63a062df,condition:renal_impairment
0.98,edge_002095,book_chunk,FROM_SOURCE,ev_biochem_006026_701b45b64e,source:tietz_pdf
1.0,edge_002096,book_chunk,BELONGS_TO_PANEL,ev_biochem_006026_701b45b64e,panel:biochem
0.9,edge_002097,book_chunk,MENTIONS_TEST,ev_biochem_006026_701b45b64e,test:glucose
0.55,edge_002098,book_chunk,SUPPORTED_BY_EVIDENCE,finding_concept:biochem:glucose:high,ev_biochem_006026_701b45b64e
0.55,edge_002099,book_chunk,SUPPORTED_BY_EVIDENCE,finding_concept:biochem:glucose:low,ev_biochem_006026_701b45b64e
0.9,edge_002100,book_chunk,MENTIONS_TEST,ev_biochem_006026_701b45b64e,test:hba1c
0.55,edge_002101,book_chunk,SUPPORTED_BY_EVIDENCE,finding_concept:biochem:hba1c:high,ev_biochem_006026_701b45b64e
0.55,edge_002102,book_chunk,SUPPORTED_BY_EVIDENCE,finding_concept:biochem:hba1c:low,ev_biochem_006026_701b45b64e
0.75,edge_002103,book_chunk,SUPPORTS_CONDITION,ev_biochem_006026_701b45b64e,condition:diabetes_risk
0.75,edge_002104,book_chunk,SUPPORTS_CONDITION,ev_biochem_006026_701b45b64e,condition:hyperglycemia
0.75,edge_002105,book_chunk,SUPPORTS_CONDITION,ev_biochem_006026_701b45b64e,condition:myocardial_injury
0.75,edge_002106,book_chunk,SUPPORTS_CONDITION,ev_biochem_006026_701b45b64e,condition:renal_impairment
0.98,edge_002107,book_chunk,FROM_SOURCE,ev_biochem_000776_5c36b72c2c,source:henry_pdf
1.0,edge_002108,book_chunk,BELONGS_TO_PANEL,ev_biochem_000776_5c36b72c2c,panel:biochem
0.9,edge_002109,book_chunk,MENTIONS_TEST,ev_biochem_000776_5c36b72c2c,test:cl
0.55,edge_002110,book_chunk,SUPPORTED_BY_EVIDENCE,finding_concept:biochem:cl:high,ev_biochem_000776_5c36b72c2c
0.55,edge_002111,book_chunk,SUPPORTED_BY_EVIDENCE,finding_concept:biochem:cl:low,ev_biochem_000776_5c36b72c2c
0.9,edge_002112,book_chunk,MENTIONS_TEST,ev_biochem_000776_5c36b72c2c,test:glucose
0.55,edge_002113,book_chunk,SUPPORTED_BY_EVIDENCE,finding_concept:biochem:glucose:high,ev_biochem_000776_5c36b72c2c
0.55,edge_002114,book_chunk,SUPPORTED_BY_EVIDENCE,finding_concept:biochem:glucose:low,ev_biochem_000776_5c36b72c2c
0.9,edge_002115,book_chunk,MENTIONS_TEST,ev_biochem_000776_5c36b72c2c,test:hba1c
0.55,edge_002116,book_chunk,SUPPORTED_BY_EVIDENCE,finding_concept:biochem:hba1c:high,ev_biochem_000776_5c36b72c2c
0.55,edge_002117,book_chunk,SUPPORTED_BY_EVIDENCE,finding_concept:biochem:hba1c:low,ev_biochem_000776_5c36b72c2c
0.75,edge_002118,book_chunk,SUPPORTS_CONDITION,ev_biochem_000776_5c36b72c2c,condition:diabetes_risk
0.75,edge_002119,book_chunk,SUPPORTS_CONDITION,ev_biochem_000776_5c36b72c2c,condition:hyperglycemia
0.98,edge_002120,book_chunk,FROM_SOURCE,ev_biochem_004605_9b9af2c93c,source:tietz_pdf
1.0,edge_002121,book_chunk,BELONGS_TO_PANEL,ev_biochem_004605_9b9af2c93c,panel:biochem
0.9,edge_002122,book_chunk,MENTIONS_TEST,ev_biochem_004605_9b9af2c93c,test:albumin
0.55,edge_002123,book_chunk,SUPPORTED_BY_EVIDENCE,finding_concept:biochem:albumin:high,ev_biochem_004605_9b9af2c93c
0.55,edge_002124,book_chunk,SUPPORTED_BY_EVIDENCE,finding_concept:biochem:albumin:low,ev_biochem_004605_9b9af2c93c
0.9,edge_002125,book_chunk,MENTIONS_TEST,ev_biochem_004605_9b9af2c93c,test:glucose
0.55,edge_002126,book_chunk,SUPPORTED_BY_EVIDENCE,finding_concept:biochem:glucose:high,ev_biochem_004605_9b9af2c93c
0.55,edge_002127,book_chunk,SUPPORTED_BY_EVIDENCE,finding_concept:biochem:glucose:low,ev_biochem_004605_9b9af2c93c
0.9,edge_002128,book_chunk,MENTIONS_TEST,ev_biochem_004605_9b9af2c93c,test:hba1c
0.55,edge_002129,book_chunk,SUPPORTED_BY_EVIDENCE,finding_concept:biochem:hba1c:high,ev_biochem_004605_9b9af2c93c
0.55,edge_002130,book_chunk,SUPPORTED_BY_EVIDENCE,finding_concept:biochem:hba1c:low,ev_biochem_004605_9b9af2c93c
0.75,edge_002131,book_chunk,SUPPORTS_CONDITION,ev_biochem_004605_9b9af2c93c,condition:diabetes_risk
0.75,edge_002132,book_chunk,SUPPORTS_CONDITION,ev_biochem_004605_9b9af2c93c,condition:hyperglycemia
0.75,edge_002133,book_chunk,SUPPORTS_CONDITION,ev_biochem_004605_9b9af2c93c,condition:hypoalbuminemia
1.0,edge_002134,book_chunk,FROM_SOURCE,ev_cbc_012029_3ae5f64338,source:harrison_pdf
1.0,edge_002135,book_chunk,BELONGS_TO_PANEL,ev_cbc_012029_3ae5f64338,panel:cbc
0.9,edge_002136,book_chunk,MENTIONS_TEST,ev_cbc_012029_3ae5f64338,test:hgb
0.55,edge_002137,book_chunk,SUPPORTED_BY_EVIDENCE,finding_concept:cbc:hgb:high,ev_cbc_012029_3ae5f64338
0.55,edge_002138,book_chunk,SUPPORTED_BY_EVIDENCE,finding_concept:cbc:hgb:low,ev_cbc_012029_3ae5f64338
0.9,edge_002139,book_chunk,MENTIONS_TEST,ev_cbc_012029_3ae5f64338,test:plt
0.55,edge_002140,book_chunk,SUPPORTED_BY_EVIDENCE,finding_concept:cbc:plt:high,ev_cbc_012029_3ae5f64338
0.55,edge_002141,book_chunk,SUPPORTED_BY_EVIDENCE,finding_concept:cbc:plt:low,ev_cbc_012029_3ae5f64338
0.9,edge_002142,book_chunk,MENTIONS_TEST,ev_cbc_012029_3ae5f64338,test:rbc
0.55,edge_002143,book_chunk,SUPPORTED_BY_EVIDENCE,finding_concept:cbc:rbc:high,ev_cbc_012029_3ae5f64338
0.55,edge_002144,book_chunk,SUPPORTED_BY_EVIDENCE,finding_concept:cbc:rbc:low,ev_cbc_012029_3ae5f64338
0.75,edge_002145,book_chunk,SUPPORTS_CONDITION,ev_cbc_012029_3ae5f64338,condition:hypoalbuminemia
0.75,edge_002146,book_chunk,SUPPORTS_CONDITION,ev_cbc_012029_3ae5f64338,condition:infection
0.75,edge_002147,book_chunk,SUPPORTS_CONDITION,ev_cbc_012029_3ae5f64338,condition:inflammation
1.0,edge_002148,book_chunk,FROM_SOURCE,ev_cbc_004090_38aebfee1d,source:harrison_pdf
1.0,edge_002149,book_chunk,BELONGS_TO_PANEL,ev_cbc_004090_38aebfee1d,panel:cbc
0.9,edge_002150,book_chunk,MENTIONS_TEST,ev_cbc_004090_38aebfee1d,test:hgb
0.55,edge_002151,book_chunk,SUPPORTED_BY_EVIDENCE,finding_concept:cbc:hgb:high,ev_cbc_004090_38aebfee1d
0.55,edge_002152,book_chunk,SUPPORTED_BY_EVIDENCE,finding_concept:cbc:hgb:low,ev_cbc_004090_38aebfee1d
0.9,edge_002153,book_chunk,MENTIONS_TEST,ev_cbc_004090_38aebfee1d,test:rbc
0.55,edge_002154,book_chunk,SUPPORTED_BY_EVIDENCE,finding_concept:cbc:rbc:high,ev_cbc_004090_38aebfee1d
0.55,edge_002155,book_chunk,SUPPORTED_BY_EVIDENCE,finding_concept:cbc:rbc:low,ev_cbc_004090_38aebfee1d
0.75,edge_002156,book_chunk,SUPPORTS_CONDITION,ev_cbc_004090_38aebfee1d,condition:anemia
0.75,edge_002157,book_chunk,SUPPORTS_CONDITION,ev_cbc_004090_38aebfee1d,condition:inflammation
0.75,edge_002158,book_chunk,SUPPORTS_CONDITION,ev_cbc_004090_38aebfee1d,condition:iron_deficiency_anemia
0.75,edge_002159,book_chunk,SUPPORTS_CONDITION,ev_cbc_004090_38aebfee1d,condition:iron_store_abnormality
0.75,edge_002160,book_chunk,SUPPORTS_CONDITION,ev_cbc_004090_38aebfee1d,condition:polycythemia
1.0,edge_002161,book_chunk,FROM_SOURCE,ev_cbc_012264_ce1f3d3de5,source:harrison_pdf
1.0,edge_002162,book_chunk,BELONGS_TO_PANEL,ev_cbc_012264_ce1f3d3de5,panel:cbc
0.9,edge_002163,book_chunk,MENTIONS_TEST,ev_cbc_012264_ce1f3d3de5,test:lymph
0.55,edge_002164,book_chunk,SUPPORTED_BY_EVIDENCE,finding_concept:cbc:lymph:high,ev_cbc_012264_ce1f3d3de5
0.55,edge_002165,book_chunk,SUPPORTED_BY_EVIDENCE,finding_concept:cbc:lymph:low,ev_cbc_012264_ce1f3d3de5
0.9,edge_002166,book_chunk,MENTIONS_TEST,ev_cbc_012264_ce1f3d3de5,test:plt
0.55,edge_002167,book_chunk,SUPPORTED_BY_EVIDENCE,finding_concept:cbc:plt:high,ev_cbc_012264_ce1f3d3de5
0.55,edge_002168,book_chunk,SUPPORTED_BY_EVIDENCE,finding_concept:cbc:plt:low,ev_cbc_012264_ce1f3d3de5
0.75,edge_002169,book_chunk,SUPPORTS_CONDITION,ev_cbc_012264_ce1f3d3de5,condition:anemia
0.75,edge_002170,book_chunk,SUPPORTS_CONDITION,ev_cbc_012264_ce1f3d3de5,condition:hyperglycemia
0.75,edge_002171,book_chunk,SUPPORTS_CONDITION,ev_cbc_012264_ce1f3d3de5,condition:hyperuricemia
0.75,edge_002172,book_chunk,SUPPORTS_CONDITION,ev_cbc_012264_ce1f3d3de5,condition:inflammation
0.75,edge_002173,book_chunk,SUPPORTS_CONDITION,ev_cbc_012264_ce1f3d3de5,condition:lymphopenia
0.75,edge_002174,book_chunk,SUPPORTS_CONDITION,ev_cbc_012264_ce1f3d3de5,condition:macrocytic_anemia
0.75,edge_002175,book_chunk,SUPPORTS_CONDITION,ev_cbc_012264_ce1f3d3de5,condition:renal_impairment
0.75,edge_002176,book_chunk,SUPPORTS_CONDITION,ev_cbc_012264_ce1f3d3de5,condition:thrombocytopenia
1.0,edge_002177,book_chunk,FROM_SOURCE,ev_cbc_002987_c1487d5c23,source:harrison_pdf
1.0,edge_002178,book_chunk,BELONGS_TO_PANEL,ev_cbc_002987_c1487d5c23,panel:cbc
0.9,edge_002179,book_chunk,MENTIONS_TEST,ev_cbc_002987_c1487d5c23,test:mcv
0.55,edge_002180,book_chunk,SUPPORTED_BY_EVIDENCE,finding_concept:cbc:mcv:high,ev_cbc_002987_c1487d5c23
0.55,edge_002181,book_chunk,SUPPORTED_BY_EVIDENCE,finding_concept:cbc:mcv:low,ev_cbc_002987_c1487d5c23
0.9,edge_002182,book_chunk,MENTIONS_TEST,ev_cbc_002987_c1487d5c23,test:rbc
0.55,edge_002183,book_chunk,SUPPORTED_BY_EVIDENCE,finding_concept:cbc:rbc:high,ev_cbc_002987_c1487d5c23
0.55,edge_002184,book_chunk,SUPPORTED_BY_EVIDENCE,finding_concept:cbc:rbc:low,ev_cbc_002987_c1487d5c23
0.75,edge_002185,book_chunk,SUPPORTS_CONDITION,ev_cbc_002987_c1487d5c23,condition:anemia
0.75,edge_002186,book_chunk,SUPPORTS_CONDITION,ev_cbc_002987_c1487d5c23,condition:macrocytic_anemia
0.75,edge_002187,book_chunk,SUPPORTS_CONDITION,ev_cbc_002987_c1487d5c23,condition:microcytic_anemia
1.0,edge_002188,book_chunk,FROM_SOURCE,ev_cbc_003493_e8625cb047,source:harrison_pdf
1.0,edge_002189,book_chunk,BELONGS_TO_PANEL,ev_cbc_003493_e8625cb047,panel:cbc
0.9,edge_002190,book_chunk,MENTIONS_TEST,ev_cbc_003493_e8625cb047,test:plt
0.55,edge_002191,book_chunk,SUPPORTED_BY_EVIDENCE,finding_concept:cbc:plt:high,ev_cbc_003493_e8625cb047
0.55,edge_002192,book_chunk,SUPPORTED_BY_EVIDENCE,finding_concept:cbc:plt:low,ev_cbc_003493_e8625cb047
0.9,edge_002193,book_chunk,MENTIONS_TEST,ev_cbc_003493_e8625cb047,test:rbc
0.55,edge_002194,book_chunk,SUPPORTED_BY_EVIDENCE,finding_concept:cbc:rbc:high,ev_cbc_003493_e8625cb047
0.55,edge_002195,book_chunk,SUPPORTED_BY_EVIDENCE,finding_concept:cbc:rbc:low,ev_cbc_003493_e8625cb047
0.9,edge_002196,book_chunk,MENTIONS_TEST,ev_cbc_003493_e8625cb047,test:wbc
0.55,edge_002197,book_chunk,SUPPORTED_BY_EVIDENCE,finding_concept:cbc:wbc:high,ev_cbc_003493_e8625cb047
0.55,edge_002198,book_chunk,SUPPORTED_BY_EVIDENCE,finding_concept:cbc:wbc:low,ev_cbc_003493_e8625cb047
0.75,edge_002199,book_chunk,SUPPORTS_CONDITION,ev_cbc_003493_e8625cb047,condition:anemia
0.75,edge_002200,book_chunk,SUPPORTS_CONDITION,ev_cbc_003493_e8625cb047,condition:hemolytic_anemia
0.75,edge_002201,book_chunk,SUPPORTS_CONDITION,ev_cbc_003493_e8625cb047,condition:thrombocytopenia
1.0,edge_002202,book_chunk,FROM_SOURCE,ev_cbc_002475_227b02866c,source:harrison_pdf
1.0,edge_002203,book_chunk,BELONGS_TO_PANEL,ev_cbc_002475_227b02866c,panel:cbc
0.9,edge_002204,book_chunk,MENTIONS_TEST,ev_cbc_002475_227b02866c,test:hgb
0.55,edge_002205,book_chunk,SUPPORTED_BY_EVIDENCE,finding_concept:cbc:hgb:high,ev_cbc_002475_227b02866c
0.55,edge_002206,book_chunk,SUPPORTED_BY_EVIDENCE,finding_concept:cbc:hgb:low,ev_cbc_002475_227b02866c
0.9,edge_002207,book_chunk,MENTIONS_TEST,ev_cbc_002475_227b02866c,test:rbc
0.55,edge_002208,book_chunk,SUPPORTED_BY_EVIDENCE,finding_concept:cbc:rbc:high,ev_cbc_002475_227b02866c
0.55,edge_002209,book_chunk,SUPPORTED_BY_EVIDENCE,finding_concept:cbc:rbc:low,ev_cbc_002475_227b02866c
0.9,edge_002210,book_chunk,MENTIONS_TEST,ev_cbc_002475_227b02866c,test:wbc
0.55,edge_002211,book_chunk,SUPPORTED_BY_EVIDENCE,finding_concept:cbc:wbc:high,ev_cbc_002475_227b02866c
0.55,edge_002212,book_chunk,SUPPORTED_BY_EVIDENCE,finding_concept:cbc:wbc:low,ev_cbc_002475_227b02866c
0.75,edge_002213,book_chunk,SUPPORTS_CONDITION,ev_cbc_002475_227b02866c,condition:bone_mineral_disorder
0.75,edge_002214,book_chunk,SUPPORTS_CONDITION,ev_cbc_002475_227b02866c,condition:hepatocellular_injury
0.75,edge_002215,book_chunk,SUPPORTS_CONDITION,ev_cbc_002475_227b02866c,condition:hyperuricemia
0.75,edge_002216,book_chunk,SUPPORTS_CONDITION,ev_cbc_002475_227b02866c,condition:renal_impairment
0.95,edge_002217,book_chunk,FROM_SOURCE,ev_cbc_000108_fca82959b9,source:clinical_hematology_pdf
1.0,edge_002218,book_chunk,BELONGS_TO_PANEL,ev_cbc_000108_fca82959b9,panel:cbc
0.9,edge_002219,book_chunk,MENTIONS_TEST,ev_cbc_000108_fca82959b9,test:hgb
0.55,edge_002220,book_chunk,SUPPORTED_BY_EVIDENCE,finding_concept:cbc:hgb:high,ev_cbc_000108_fca82959b9
0.55,edge_002221,book_chunk,SUPPORTED_BY_EVIDENCE,finding_concept:cbc:hgb:low,ev_cbc_000108_fca82959b9
0.9,edge_002222,book_chunk,MENTIONS_TEST,ev_cbc_000108_fca82959b9,test:plt
0.55,edge_002223,book_chunk,SUPPORTED_BY_EVIDENCE,finding_concept:cbc:plt:high,ev_cbc_000108_fca82959b9
0.55,edge_002224,book_chunk,SUPPORTED_BY_EVIDENCE,finding_concept:cbc:plt:low,ev_cbc_000108_fca82959b9
0.9,edge_002225,book_chunk,MENTIONS_TEST,ev_cbc_000108_fca82959b9,test:wbc
0.55,edge_002226,book_chunk,SUPPORTED_BY_EVIDENCE,finding_concept:cbc:wbc:high,ev_cbc_000108_fca82959b9
0.55,edge_002227,book_chunk,SUPPORTED_BY_EVIDENCE,finding_concept:cbc:wbc:low,ev_cbc_000108_fca82959b9
0.75,edge_002228,book_chunk,SUPPORTS_CONDITION,ev_cbc_000108_fca82959b9,condition:anemia
0.75,edge_002229,book_chunk,SUPPORTS_CONDITION,ev_cbc_000108_fca82959b9,condition:hemolytic_anemia
0.75,edge_002230,book_chunk,SUPPORTS_CONDITION,ev_cbc_000108_fca82959b9,condition:inflammation
0.75,edge_002231,book_chunk,SUPPORTS_CONDITION,ev_cbc_000108_fca82959b9,condition:leukocytosis
0.75,edge_002232,book_chunk,SUPPORTS_CONDITION,ev_cbc_000108_fca82959b9,condition:thalassemia
0.98,edge_002233,book_chunk,FROM_SOURCE,ev_biochem_001972_9b82b395c2,source:henry_pdf
1.0,edge_002234,book_chunk,BELONGS_TO_PANEL,ev_biochem_001972_9b82b395c2,panel:biochem
0.9,edge_002235,book_chunk,MENTIONS_TEST,ev_biochem_001972_9b82b395c2,test:creatinine
0.55,edge_002236,book_chunk,SUPPORTED_BY_EVIDENCE,finding_concept:biochem:creatinine:high,ev_biochem_001972_9b82b395c2
0.55,edge_002237,book_chunk,SUPPORTED_BY_EVIDENCE,finding_concept:biochem:creatinine:low,ev_biochem_001972_9b82b395c2
0.9,edge_002238,book_chunk,MENTIONS_TEST,ev_biochem_001972_9b82b395c2,test:glucose
0.55,edge_002239,book_chunk,SUPPORTED_BY_EVIDENCE,finding_concept:biochem:glucose:high,ev_biochem_001972_9b82b395c2
0.55,edge_002240,book_chunk,SUPPORTED_BY_EVIDENCE,finding_concept:biochem:glucose:low,ev_biochem_001972_9b82b395c2
0.75,edge_002241,book_chunk,SUPPORTS_CONDITION,ev_biochem_001972_9b82b395c2,condition:cardiac_stress
0.75,edge_002242,book_chunk,SUPPORTS_CONDITION,ev_biochem_001972_9b82b395c2,condition:diabetes_risk
0.75,edge_002243,book_chunk,SUPPORTS_CONDITION,ev_biochem_001972_9b82b395c2,condition:hyperglycemia
0.75,edge_002244,book_chunk,SUPPORTS_CONDITION,ev_biochem_001972_9b82b395c2,condition:myocardial_injury
0.75,edge_002245,book_chunk,SUPPORTS_CONDITION,ev_biochem_001972_9b82b395c2,condition:reduced_kidney_function
0.75,edge_002246,book_chunk,SUPPORTS_CONDITION,ev_biochem_001972_9b82b395c2,condition:renal_impairment
0.95,edge_002247,book_chunk,FROM_SOURCE,ev_cbc_000150_05e566a613,source:clinical_hematology_pdf
1.0,edge_002248,book_chunk,BELONGS_TO_PANEL,ev_cbc_000150_05e566a613,panel:cbc
0.9,edge_002249,book_chunk,MENTIONS_TEST,ev_cbc_000150_05e566a613,test:hgb
0.55,edge_002250,book_chunk,SUPPORTED_BY_EVIDENCE,finding_concept:cbc:hgb:high,ev_cbc_000150_05e566a613
0.55,edge_002251,book_chunk,SUPPORTED_BY_EVIDENCE,finding_concept:cbc:hgb:low,ev_cbc_000150_05e566a613
0.9,edge_002252,book_chunk,MENTIONS_TEST,ev_cbc_000150_05e566a613,test:plt
0.55,edge_002253,book_chunk,SUPPORTED_BY_EVIDENCE,finding_concept:cbc:plt:high,ev_cbc_000150_05e566a613
0.55,edge_002254,book_chunk,SUPPORTED_BY_EVIDENCE,finding_concept:cbc:plt:low,ev_cbc_000150_05e566a613
0.9,edge_002255,book_chunk,MENTIONS_TEST,ev_cbc_000150_05e566a613,test:rbc
0.55,edge_002256,book_chunk,SUPPORTED_BY_EVIDENCE,finding_concept:cbc:rbc:high,ev_cbc_000150_05e566a613
0.55,edge_002257,book_chunk,SUPPORTED_BY_EVIDENCE,finding_concept:cbc:rbc:low,ev_cbc_000150_05e566a613
0.75,edge_002258,book_chunk,SUPPORTS_CONDITION,ev_cbc_000150_05e566a613,condition:anemia
0.75,edge_002259,book_chunk,SUPPORTS_CONDITION,ev_cbc_000150_05e566a613,condition:cardiac_stress
0.75,edge_002260,book_chunk,SUPPORTS_CONDITION,ev_cbc_000150_05e566a613,condition:hemolytic_anemia
0.75,edge_002261,book_chunk,SUPPORTS_CONDITION,ev_cbc_000150_05e566a613,condition:iron_store_abnormality
0.75,edge_002262,book_chunk,SUPPORTS_CONDITION,ev_cbc_000150_05e566a613,condition:thrombocytosis
1.0,edge_002263,book_chunk,FROM_SOURCE,ev_cbc_004592_f8ae17dbcd,source:harrison_pdf
1.0,edge_002264,book_chunk,BELONGS_TO_PANEL,ev_cbc_004592_f8ae17dbcd,panel:cbc
0.9,edge_002265,book_chunk,MENTIONS_TEST,ev_cbc_004592_f8ae17dbcd,test:plt
0.55,edge_002266,book_chunk,SUPPORTED_BY_EVIDENCE,finding_concept:cbc:plt:high,ev_cbc_004592_f8ae17dbcd
0.55,edge_002267,book_chunk,SUPPORTED_BY_EVIDENCE,finding_concept:cbc:plt:low,ev_cbc_004592_f8ae17dbcd
0.9,edge_002268,book_chunk,MENTIONS_TEST,ev_cbc_004592_f8ae17dbcd,test:wbc
0.55,edge_002269,book_chunk,SUPPORTED_BY_EVIDENCE,finding_concept:cbc:wbc:high,ev_cbc_004592_f8ae17dbcd
0.55,edge_002270,book_chunk,SUPPORTED_BY_EVIDENCE,finding_concept:cbc:wbc:low,ev_cbc_004592_f8ae17dbcd
0.75,edge_002271,book_chunk,SUPPORTS_CONDITION,ev_cbc_004592_f8ae17dbcd,condition:anemia
0.75,edge_002272,book_chunk,SUPPORTS_CONDITION,ev_cbc_004592_f8ae17dbcd,condition:leukocytosis
0.75,edge_002273,book_chunk,SUPPORTS_CONDITION,ev_cbc_004592_f8ae17dbcd,condition:myocardial_injury
0.75,edge_002274,book_chunk,SUPPORTS_CONDITION,ev_cbc_004592_f8ae17dbcd,condition:thrombocytosis
0.95,edge_002275,book_chunk,FROM_SOURCE,ev_cbc_001161_a4344e67f8,source:clinical_hematology_pdf
1.0,edge_002276,book_chunk,BELONGS_TO_PANEL,ev_cbc_001161_a4344e67f8,panel:cbc
0.9,edge_002277,book_chunk,MENTIONS_TEST,ev_cbc_001161_a4344e67f8,test:neut
0.55,edge_002278,book_chunk,SUPPORTED_BY_EVIDENCE,finding_concept:cbc:neut:high,ev_cbc_001161_a4344e67f8
0.55,edge_002279,book_chunk,SUPPORTED_BY_EVIDENCE,finding_concept:cbc:neut:low,ev_cbc_001161_a4344e67f8
0.9,edge_002280,book_chunk,MENTIONS_TEST,ev_cbc_001161_a4344e67f8,test:rbc
0.55,edge_002281,book_chunk,SUPPORTED_BY_EVIDENCE,finding_concept:cbc:rbc:high,ev_cbc_001161_a4344e67f8
0.55,edge_002282,book_chunk,SUPPORTED_BY_EVIDENCE,finding_concept:cbc:rbc:low,ev_cbc_001161_a4344e67f8
0.75,edge_002283,book_chunk,SUPPORTS_CONDITION,ev_cbc_001161_a4344e67f8,condition:anemia
0.75,edge_002284,book_chunk,SUPPORTS_CONDITION,ev_cbc_001161_a4344e67f8,condition:bone_marrow_disorder
0.75,edge_002285,book_chunk,SUPPORTS_CONDITION,ev_cbc_001161_a4344e67f8,condition:neutropenia
0.75,edge_002286,book_chunk,SUPPORTS_CONDITION,ev_cbc_001161_a4344e67f8,condition:renal_impairment
1.0,edge_002287,book_chunk,FROM_SOURCE,ev_cbc_008425_9f070ec3c1,source:harrison_pdf
1.0,edge_002288,book_chunk,BELONGS_TO_PANEL,ev_cbc_008425_9f070ec3c1,panel:cbc
0.9,edge_002289,book_chunk,MENTIONS_TEST,ev_cbc_008425_9f070ec3c1,test:neut
0.55,edge_002290,book_chunk,SUPPORTED_BY_EVIDENCE,finding_concept:cbc:neut:high,ev_cbc_008425_9f070ec3c1
0.55,edge_002291,book_chunk,SUPPORTED_BY_EVIDENCE,finding_concept:cbc:neut:low,ev_cbc_008425_9f070ec3c1
0.9,edge_002292,book_chunk,MENTIONS_TEST,ev_cbc_008425_9f070ec3c1,test:plt
0.55,edge_002293,book_chunk,SUPPORTED_BY_EVIDENCE,finding_concept:cbc:plt:high,ev_cbc_008425_9f070ec3c1
0.55,edge_002294,book_chunk,SUPPORTED_BY_EVIDENCE,finding_concept:cbc:plt:low,ev_cbc_008425_9f070ec3c1
0.75,edge_002295,book_chunk,SUPPORTS_CONDITION,ev_cbc_008425_9f070ec3c1,condition:anemia
0.75,edge_002296,book_chunk,SUPPORTS_CONDITION,ev_cbc_008425_9f070ec3c1,condition:bone_marrow_disorder
0.75,edge_002297,book_chunk,SUPPORTS_CONDITION,ev_cbc_008425_9f070ec3c1,condition:infection
0.75,edge_002298,book_chunk,SUPPORTS_CONDITION,ev_cbc_008425_9f070ec3c1,condition:neutropenia
0.75,edge_002299,book_chunk,SUPPORTS_CONDITION,ev_cbc_008425_9f070ec3c1,condition:thrombocytopenia
1.0,edge_002300,book_chunk,FROM_SOURCE,ev_cbc_004508_3075b38a77,source:harrison_pdf
1.0,edge_002301,book_chunk,BELONGS_TO_PANEL,ev_cbc_004508_3075b38a77,panel:cbc
0.9,edge_002302,book_chunk,MENTIONS_TEST,ev_cbc_004508_3075b38a77,test:neut
0.55,edge_002303,book_chunk,SUPPORTED_BY_EVIDENCE,finding_concept:cbc:neut:high,ev_cbc_004508_3075b38a77
0.55,edge_002304,book_chunk,SUPPORTED_BY_EVIDENCE,finding_concept:cbc:neut:low,ev_cbc_004508_3075b38a77
0.9,edge_002305,book_chunk,MENTIONS_TEST,ev_cbc_004508_3075b38a77,test:plt
0.55,edge_002306,book_chunk,SUPPORTED_BY_EVIDENCE,finding_concept:cbc:plt:high,ev_cbc_004508_3075b38a77
0.55,edge_002307,book_chunk,SUPPORTED_BY_EVIDENCE,finding_concept:cbc:plt:low,ev_cbc_004508_3075b38a77
0.9,edge_002308,book_chunk,MENTIONS_TEST,ev_cbc_004508_3075b38a77,test:wbc
0.55,edge_002309,book_chunk,SUPPORTED_BY_EVIDENCE,finding_concept:cbc:wbc:high,ev_cbc_004508_3075b38a77
0.55,edge_002310,book_chunk,SUPPORTED_BY_EVIDENCE,finding_concept:cbc:wbc:low,ev_cbc_004508_3075b38a77
0.75,edge_002311,book_chunk,SUPPORTS_CONDITION,ev_cbc_004508_3075b38a77,condition:anemia
0.75,edge_002312,book_chunk,SUPPORTS_CONDITION,ev_cbc_004508_3075b38a77,condition:bleeding_risk
0.75,edge_002313,book_chunk,SUPPORTS_CONDITION,ev_cbc_004508_3075b38a77,condition:bone_marrow_disorder
0.75,edge_002314,book_chunk,SUPPORTS_CONDITION,ev_cbc_004508_3075b38a77,condition:hyperuricemia
0.75,edge_002315,book_chunk,SUPPORTS_CONDITION,ev_cbc_004508_3075b38a77,condition:infection
0.75,edge_002316,book_chunk,SUPPORTS_CONDITION,ev_cbc_004508_3075b38a77,condition:leukocytosis
0.75,edge_002317,book_chunk,SUPPORTS_CONDITION,ev_cbc_004508_3075b38a77,condition:neutropenia
0.75,edge_002318,book_chunk,SUPPORTS_CONDITION,ev_cbc_004508_3075b38a77,condition:thrombocytopenia
0.75,edge_002319,book_chunk,SUPPORTS_CONDITION,ev_cbc_004508_3075b38a77,condition:thrombocytosis
1.0,edge_002320,book_chunk,FROM_SOURCE,ev_cbc_003008_291fd9b1ed,source:harrison_pdf
1.0,edge_002321,book_chunk,BELONGS_TO_PANEL,ev_cbc_003008_291fd9b1ed,panel:cbc
0.9,edge_002322,book_chunk,MENTIONS_TEST,ev_cbc_003008_291fd9b1ed,test:neut
0.55,edge_002323,book_chunk,SUPPORTED_BY_EVIDENCE,finding_concept:cbc:neut:high,ev_cbc_003008_291fd9b1ed
0.55,edge_002324,book_chunk,SUPPORTED_BY_EVIDENCE,finding_concept:cbc:neut:low,ev_cbc_003008_291fd9b1ed
0.9,edge_002325,book_chunk,MENTIONS_TEST,ev_cbc_003008_291fd9b1ed,test:wbc
0.55,edge_002326,book_chunk,SUPPORTED_BY_EVIDENCE,finding_concept:cbc:wbc:high,ev_cbc_003008_291fd9b1ed
0.55,edge_002327,book_chunk,SUPPORTED_BY_EVIDENCE,finding_concept:cbc:wbc:low,ev_cbc_003008_291fd9b1ed
0.75,edge_002328,book_chunk,SUPPORTS_CONDITION,ev_cbc_003008_291fd9b1ed,condition:bacterial_infection
0.75,edge_002329,book_chunk,SUPPORTS_CONDITION,ev_cbc_003008_291fd9b1ed,condition:bone_marrow_disorder
0.75,edge_002330,book_chunk,SUPPORTS_CONDITION,ev_cbc_003008_291fd9b1ed,condition:infection
0.75,edge_002331,book_chunk,SUPPORTS_CONDITION,ev_cbc_003008_291fd9b1ed,condition:inflammation
0.75,edge_002332,book_chunk,SUPPORTS_CONDITION,ev_cbc_003008_291fd9b1ed,condition:neutrophilia
1.0,edge_002333,book_chunk,FROM_SOURCE,ev_cbc_004937_93591e687b,source:harrison_pdf
1.0,edge_002334,book_chunk,BELONGS_TO_PANEL,ev_cbc_004937_93591e687b,panel:cbc
0.9,edge_002335,book_chunk,MENTIONS_TEST,ev_cbc_004937_93591e687b,test:neut
0.55,edge_002336,book_chunk,SUPPORTED_BY_EVIDENCE,finding_concept:cbc:neut:high,ev_cbc_004937_93591e687b
0.55,edge_002337,book_chunk,SUPPORTED_BY_EVIDENCE,finding_concept:cbc:neut:low,ev_cbc_004937_93591e687b
0.9,edge_002338,book_chunk,MENTIONS_TEST,ev_cbc_004937_93591e687b,test:plt
0.55,edge_002339,book_chunk,SUPPORTED_BY_EVIDENCE,finding_concept:cbc:plt:high,ev_cbc_004937_93591e687b
0.55,edge_002340,book_chunk,SUPPORTED_BY_EVIDENCE,finding_concept:cbc:plt:low,ev_cbc_004937_93591e687b
0.75,edge_002341,book_chunk,SUPPORTS_CONDITION,ev_cbc_004937_93591e687b,condition:bacterial_infection
0.75,edge_002342,book_chunk,SUPPORTS_CONDITION,ev_cbc_004937_93591e687b,condition:infection
0.75,edge_002343,book_chunk,SUPPORTS_CONDITION,ev_cbc_004937_93591e687b,condition:neutropenia
0.75,edge_002344,book_chunk,SUPPORTS_CONDITION,ev_cbc_004937_93591e687b,condition:thrombocytopenia
1.0,edge_002345,book_chunk,FROM_SOURCE,ev_cbc_005679_0e43fc5ab1,source:harrison_pdf
1.0,edge_002346,book_chunk,BELONGS_TO_PANEL,ev_cbc_005679_0e43fc5ab1,panel:cbc
0.9,edge_002347,book_chunk,MENTIONS_TEST,ev_cbc_005679_0e43fc5ab1,test:neut
0.55,edge_002348,book_chunk,SUPPORTED_BY_EVIDENCE,finding_concept:cbc:neut:high,ev_cbc_005679_0e43fc5ab1
0.55,edge_002349,book_chunk,SUPPORTED_BY_EVIDENCE,finding_concept:cbc:neut:low,ev_cbc_005679_0e43fc5ab1
0.9,edge_002350,book_chunk,MENTIONS_TEST,ev_cbc_005679_0e43fc5ab1,test:wbc
0.55,edge_002351,book_chunk,SUPPORTED_BY_EVIDENCE,finding_concept:cbc:wbc:high,ev_cbc_005679_0e43fc5ab1
0.55,edge_002352,book_chunk,SUPPORTED_BY_EVIDENCE,finding_concept:cbc:wbc:low,ev_cbc_005679_0e43fc5ab1
0.75,edge_002353,book_chunk,SUPPORTS_CONDITION,ev_cbc_005679_0e43fc5ab1,condition:bacterial_infection
0.75,edge_002354,book_chunk,SUPPORTS_CONDITION,ev_cbc_005679_0e43fc5ab1,condition:infection
0.75,edge_002355,book_chunk,SUPPORTS_CONDITION,ev_cbc_005679_0e43fc5ab1,condition:leukocytosis
0.75,edge_002356,book_chunk,SUPPORTS_CONDITION,ev_cbc_005679_0e43fc5ab1,condition:neutrophilia
1.0,edge_002357,book_chunk,FROM_SOURCE,ev_cbc_002938_9a551efa7b,source:harrison_pdf
1.0,edge_002358,book_chunk,BELONGS_TO_PANEL,ev_cbc_002938_9a551efa7b,panel:cbc
0.9,edge_002359,book_chunk,MENTIONS_TEST,ev_cbc_002938_9a551efa7b,test:lymph
0.55,edge_002360,book_chunk,SUPPORTED_BY_EVIDENCE,finding_concept:cbc:lymph:high,ev_cbc_002938_9a551efa7b
0.55,edge_002361,book_chunk,SUPPORTED_BY_EVIDENCE,finding_concept:cbc:lymph:low,ev_cbc_002938_9a551efa7b
0.9,edge_002362,book_chunk,MENTIONS_TEST,ev_cbc_002938_9a551efa7b,test:mcv
0.55,edge_002363,book_chunk,SUPPORTED_BY_EVIDENCE,finding_concept:cbc:mcv:high,ev_cbc_002938_9a551efa7b
0.55,edge_002364,book_chunk,SUPPORTED_BY_EVIDENCE,finding_concept:cbc:mcv:low,ev_cbc_002938_9a551efa7b
0.9,edge_002365,book_chunk,MENTIONS_TEST,ev_cbc_002938_9a551efa7b,test:neut
0.55,edge_002366,book_chunk,SUPPORTED_BY_EVIDENCE,finding_concept:cbc:neut:high,ev_cbc_002938_9a551efa7b
0.55,edge_002367,book_chunk,SUPPORTED_BY_EVIDENCE,finding_concept:cbc:neut:low,ev_cbc_002938_9a551efa7b
0.9,edge_002368,book_chunk,MENTIONS_TEST,ev_cbc_002938_9a551efa7b,test:plt
0.55,edge_002369,book_chunk,SUPPORTED_BY_EVIDENCE,finding_concept:cbc:plt:high,ev_cbc_002938_9a551efa7b
0.55,edge_002370,book_chunk,SUPPORTED_BY_EVIDENCE,finding_concept:cbc:plt:low,ev_cbc_002938_9a551efa7b
0.9,edge_002371,book_chunk,MENTIONS_TEST,ev_cbc_002938_9a551efa7b,test:rbc
0.55,edge_002372,book_chunk,SUPPORTED_BY_EVIDENCE,finding_concept:cbc:rbc:high,ev_cbc_002938_9a551efa7b
0.55,edge_002373,book_chunk,SUPPORTED_BY_EVIDENCE,finding_concept:cbc:rbc:low,ev_cbc_002938_9a551efa7b
0.75,edge_002374,book_chunk,SUPPORTS_CONDITION,ev_cbc_002938_9a551efa7b,condition:anemia
0.75,edge_002375,book_chunk,SUPPORTS_CONDITION,ev_cbc_002938_9a551efa7b,condition:inflammation
0.75,edge_002376,book_chunk,SUPPORTS_CONDITION,ev_cbc_002938_9a551efa7b,condition:macrocytic_anemia
0.75,edge_002377,book_chunk,SUPPORTS_CONDITION,ev_cbc_002938_9a551efa7b,condition:microcytic_anemia
1.0,edge_002378,book_chunk,FROM_SOURCE,ev_cbc_001596_844fd51989,source:harrison_pdf
1.0,edge_002379,book_chunk,BELONGS_TO_PANEL,ev_cbc_001596_844fd51989,panel:cbc
0.9,edge_002380,book_chunk,MENTIONS_TEST,ev_cbc_001596_844fd51989,test:neut
0.55,edge_002381,book_chunk,SUPPORTED_BY_EVIDENCE,finding_concept:cbc:neut:high,ev_cbc_001596_844fd51989
0.55,edge_002382,book_chunk,SUPPORTED_BY_EVIDENCE,finding_concept:cbc:neut:low,ev_cbc_001596_844fd51989
0.9,edge_002383,book_chunk,MENTIONS_TEST,ev_cbc_001596_844fd51989,test:wbc
0.55,edge_002384,book_chunk,SUPPORTED_BY_EVIDENCE,finding_concept:cbc:wbc:high,ev_cbc_001596_844fd51989
0.55,edge_002385,book_chunk,SUPPORTED_BY_EVIDENCE,finding_concept:cbc:wbc:low,ev_cbc_001596_844fd51989
0.75,edge_002386,book_chunk,SUPPORTS_CONDITION,ev_cbc_001596_844fd51989,condition:bacterial_infection
0.75,edge_002387,book_chunk,SUPPORTS_CONDITION,ev_cbc_001596_844fd51989,condition:infection
0.75,edge_002388,book_chunk,SUPPORTS_CONDITION,ev_cbc_001596_844fd51989,condition:inflammation
0.75,edge_002389,book_chunk,SUPPORTS_CONDITION,ev_cbc_001596_844fd51989,condition:leukocytosis
0.75,edge_002390,book_chunk,SUPPORTS_CONDITION,ev_cbc_001596_844fd51989,condition:neutrophilia
0.95,edge_002391,book_chunk,FROM_SOURCE,ev_cbc_000371_6a78209306,source:clinical_hematology_pdf
1.0,edge_002392,book_chunk,BELONGS_TO_PANEL,ev_cbc_000371_6a78209306,panel:cbc
0.9,edge_002393,book_chunk,MENTIONS_TEST,ev_cbc_000371_6a78209306,test:lymph
0.55,edge_002394,book_chunk,SUPPORTED_BY_EVIDENCE,finding_concept:cbc:lymph:high,ev_cbc_000371_6a78209306
0.55,edge_002395,book_chunk,SUPPORTED_BY_EVIDENCE,finding_concept:cbc:lymph:low,ev_cbc_000371_6a78209306
0.9,edge_002396,book_chunk,MENTIONS_TEST,ev_cbc_000371_6a78209306,test:neut
0.55,edge_002397,book_chunk,SUPPORTED_BY_EVIDENCE,finding_concept:cbc:neut:high,ev_cbc_000371_6a78209306
0.55,edge_002398,book_chunk,SUPPORTED_BY_EVIDENCE,finding_concept:cbc:neut:low,ev_cbc_000371_6a78209306
0.9,edge_002399,book_chunk,MENTIONS_TEST,ev_cbc_000371_6a78209306,test:wbc
0.55,edge_002400,book_chunk,SUPPORTED_BY_EVIDENCE,finding_concept:cbc:wbc:high,ev_cbc_000371_6a78209306
0.55,edge_002401,book_chunk,SUPPORTED_BY_EVIDENCE,finding_concept:cbc:wbc:low,ev_cbc_000371_6a78209306
0.75,edge_002402,book_chunk,SUPPORTS_CONDITION,ev_cbc_000371_6a78209306,condition:bacterial_infection
0.75,edge_002403,book_chunk,SUPPORTS_CONDITION,ev_cbc_000371_6a78209306,condition:infection
0.75,edge_002404,book_chunk,SUPPORTS_CONDITION,ev_cbc_000371_6a78209306,condition:leukocytosis
0.75,edge_002405,book_chunk,SUPPORTS_CONDITION,ev_cbc_000371_6a78209306,condition:lymphocytosis
0.75,edge_002406,book_chunk,SUPPORTS_CONDITION,ev_cbc_000371_6a78209306,condition:neutrophilia
0.75,edge_002407,book_chunk,SUPPORTS_CONDITION,ev_cbc_000371_6a78209306,condition:viral_infection
0.98,edge_002408,book_chunk,FROM_SOURCE,ev_biochem_002395_8fc68f2feb,source:henry_pdf
1.0,edge_002409,book_chunk,BELONGS_TO_PANEL,ev_biochem_002395_8fc68f2feb,panel:biochem
0.75,edge_002410,book_chunk,SUPPORTS_CONDITION,ev_biochem_002395_8fc68f2feb,condition:bacterial_infection
0.75,edge_002411,book_chunk,SUPPORTS_CONDITION,ev_biochem_002395_8fc68f2feb,condition:basophilia
0.75,edge_002412,book_chunk,SUPPORTS_CONDITION,ev_biochem_002395_8fc68f2feb,condition:eosinophilia
0.75,edge_002413,book_chunk,SUPPORTS_CONDITION,ev_biochem_002395_8fc68f2feb,condition:leukocytosis
0.75,edge_002414,book_chunk,SUPPORTS_CONDITION,ev_biochem_002395_8fc68f2feb,condition:leukopenia
0.75,edge_002415,book_chunk,SUPPORTS_CONDITION,ev_biochem_002395_8fc68f2feb,condition:viral_infection
0.98,edge_002416,book_chunk,FROM_SOURCE,ev_biochem_002478_b5dc5a1d06,source:henry_pdf
1.0,edge_002417,book_chunk,BELONGS_TO_PANEL,ev_biochem_002478_b5dc5a1d06,panel:biochem
0.75,edge_002418,book_chunk,SUPPORTS_CONDITION,ev_biochem_002478_b5dc5a1d06,condition:basophilia
0.75,edge_002419,book_chunk,SUPPORTS_CONDITION,ev_biochem_002478_b5dc5a1d06,condition:eosinophilia
0.75,edge_002420,book_chunk,SUPPORTS_CONDITION,ev_biochem_002478_b5dc5a1d06,condition:leukocytosis
1.0,edge_002421,book_chunk,FROM_SOURCE,ev_cbc_012446_940af851cf,source:harrison_pdf
1.0,edge_002422,book_chunk,BELONGS_TO_PANEL,ev_cbc_012446_940af851cf,panel:cbc
0.9,edge_002423,book_chunk,MENTIONS_TEST,ev_cbc_012446_940af851cf,test:lymph
0.55,edge_002424,book_chunk,SUPPORTED_BY_EVIDENCE,finding_concept:cbc:lymph:high,ev_cbc_012446_940af851cf
0.55,edge_002425,book_chunk,SUPPORTED_BY_EVIDENCE,finding_concept:cbc:lymph:low,ev_cbc_012446_940af851cf
0.9,edge_002426,book_chunk,MENTIONS_TEST,ev_cbc_012446_940af851cf,test:neut
0.55,edge_002427,book_chunk,SUPPORTED_BY_EVIDENCE,finding_concept:cbc:neut:high,ev_cbc_012446_940af851cf
0.55,edge_002428,book_chunk,SUPPORTED_BY_EVIDENCE,finding_concept:cbc:neut:low,ev_cbc_012446_940af851cf
0.75,edge_002429,book_chunk,SUPPORTS_CONDITION,ev_cbc_012446_940af851cf,condition:inflammation
0.75,edge_002430,book_chunk,SUPPORTS_CONDITION,ev_cbc_012446_940af851cf,condition:lymphocytosis
0.75,edge_002431,book_chunk,SUPPORTS_CONDITION,ev_cbc_012446_940af851cf,condition:lymphopenia
0.75,edge_002432,book_chunk,SUPPORTS_CONDITION,ev_cbc_012446_940af851cf,condition:neutropenia
0.75,edge_002433,book_chunk,SUPPORTS_CONDITION,ev_cbc_012446_940af851cf,condition:viral_infection
1.0,edge_002434,book_chunk,FROM_SOURCE,ev_cbc_013225_41f09eb73f,source:harrison_pdf
1.0,edge_002435,book_chunk,BELONGS_TO_PANEL,ev_cbc_013225_41f09eb73f,panel:cbc
0.9,edge_002436,book_chunk,MENTIONS_TEST,ev_cbc_013225_41f09eb73f,test:lymph
0.55,edge_002437,book_chunk,SUPPORTED_BY_EVIDENCE,finding_concept:cbc:lymph:high,ev_cbc_013225_41f09eb73f
0.55,edge_002438,book_chunk,SUPPORTED_BY_EVIDENCE,finding_concept:cbc:lymph:low,ev_cbc_013225_41f09eb73f
0.9,edge_002439,book_chunk,MENTIONS_TEST,ev_cbc_013225_41f09eb73f,test:mcv
0.55,edge_002440,book_chunk,SUPPORTED_BY_EVIDENCE,finding_concept:cbc:mcv:high,ev_cbc_013225_41f09eb73f
0.55,edge_002441,book_chunk,SUPPORTED_BY_EVIDENCE,finding_concept:cbc:mcv:low,ev_cbc_013225_41f09eb73f
0.9,edge_002442,book_chunk,MENTIONS_TEST,ev_cbc_013225_41f09eb73f,test:plt
0.55,edge_002443,book_chunk,SUPPORTED_BY_EVIDENCE,finding_concept:cbc:plt:high,ev_cbc_013225_41f09eb73f
0.55,edge_002444,book_chunk,SUPPORTED_BY_EVIDENCE,finding_concept:cbc:plt:low,ev_cbc_013225_41f09eb73f
0.9,edge_002445,book_chunk,MENTIONS_TEST,ev_cbc_013225_41f09eb73f,test:wbc
0.55,edge_002446,book_chunk,SUPPORTED_BY_EVIDENCE,finding_concept:cbc:wbc:high,ev_cbc_013225_41f09eb73f
0.55,edge_002447,book_chunk,SUPPORTED_BY_EVIDENCE,finding_concept:cbc:wbc:low,ev_cbc_013225_41f09eb73f
0.75,edge_002448,book_chunk,SUPPORTS_CONDITION,ev_cbc_013225_41f09eb73f,condition:anemia
0.75,edge_002449,book_chunk,SUPPORTS_CONDITION,ev_cbc_013225_41f09eb73f,condition:bleeding_risk
0.75,edge_002450,book_chunk,SUPPORTS_CONDITION,ev_cbc_013225_41f09eb73f,condition:hemolytic_anemia
0.75,edge_002451,book_chunk,SUPPORTS_CONDITION,ev_cbc_013225_41f09eb73f,condition:infection
0.75,edge_002452,book_chunk,SUPPORTS_CONDITION,ev_cbc_013225_41f09eb73f,condition:inflammation
0.75,edge_002453,book_chunk,SUPPORTS_CONDITION,ev_cbc_013225_41f09eb73f,condition:leukopenia
0.75,edge_002454,book_chunk,SUPPORTS_CONDITION,ev_cbc_013225_41f09eb73f,condition:lymphopenia
0.75,edge_002455,book_chunk,SUPPORTS_CONDITION,ev_cbc_013225_41f09eb73f,condition:myocardial_injury
0.75,edge_002456,book_chunk,SUPPORTS_CONDITION,ev_cbc_013225_41f09eb73f,condition:thrombocytopenia
