canonical_name,description,display_name,evidence_type,id,kind,name,node_type,page,panel,pattern_id,score,source,status,test_code,text,trust
,,,,panel:cbc,,CBC,Panel,,,,,,,,,
,,,,panel:biochem,,BIOCHEM,Panel,,,,,,,,,
,,High,,status:high,,high,Status,,,,,,,,,
,,Low,,status:low,,low,Status,,,,,,,,,
,,Normal,,status:normal,,normal,Status,,,,,,,,,
,,Positive,,status:positive,,positive,Status,,,,,,,,,
,,Negative,,status:negative,,negative,Status,,,,,,,,,
,,,,test:rbc,,Red Blood Cell,Test,,CBC,,,,,RBC,,
,,,,finding_concept:cbc:rbc:high,,RBC high,FindingConcept,,CBC,,,,high,RBC,,
,,,,finding_concept:cbc:rbc:low,,RBC low,FindingConcept,,CBC,,,,low,RBC,,
,,,,test:hgb,,Hemoglobin,Test,,CBC,,,,,HGB,,
,,,,finding_concept:cbc:hgb:high,,HGB high,FindingConcept,,CBC,,,,high,HGB,,
,,,,finding_concept:cbc:hgb:low,,HGB low,FindingConcept,,CBC,,,,low,HGB,,
,,,,test:hct,,Hematocrit,Test,,CBC,,,,,HCT,,
,,,,finding_concept:cbc:hct:high,,HCT high,FindingConcept,,CBC,,,,high,HCT,,
,,,,finding_concept:cbc:hct:low,,HCT low,FindingConcept,,CBC,,,,low,HCT,,
,,,,test:mcv,,Mean Corpuscular Volume,Test,,CBC,,,,,MCV,,
,,,,finding_concept:cbc:mcv:high,,MCV high,FindingConcept,,CBC,,,,high,MCV,,
,,,,finding_concept:cbc:mcv:low,,MCV low,FindingConcept,,CBC,,,,low,MCV,,
,,,,test:mch,,Mean Corpuscular Hemoglobin,Test,,CBC,,,,,MCH,,
,,,,finding_concept:cbc:mch:high,,MCH high,FindingConcept,,CBC,,,,high,MCH,,
,,,,finding_concept:cbc:mch:low,,MCH low,FindingConcept,,CBC,,,,low,MCH,,
,,,,test:mchc,,Mean Corpuscular Hemoglobin Concentration,Test,,CBC,,,,,MCHC,,
,,,,finding_concept:cbc:mchc:high,,MCHC high,FindingConcept,,CBC,,,,high,MCHC,,
,,,,finding_concept:cbc:mchc:low,,MCHC low,FindingConcept,,CBC,,,,low,MCHC,,
,,,,test:rdw,,Red Cell Distribution Width,Test,,CBC,,,,,RDW,,
,,,,finding_concept:cbc:rdw:high,,RDW high,FindingConcept,,CBC,,,,high,RDW,,
,,,,finding_concept:cbc:rdw:low,,RDW low,FindingConcept,,CBC,,,,low,RDW,,
,,,,test:wbc,,White Blood Cell,Test,,CBC,,,,,WBC,,
,,,,finding_concept:cbc:wbc:high,,WBC high,FindingConcept,,CBC,,,,high,WBC,,
,,,,finding_concept:cbc:wbc:low,,WBC low,FindingConcept,,CBC,,,,low,WBC,,
,,,,test:neut,,Neutrophil,Test,,CBC,,,,,NEUT,,
,,,,finding_concept:cbc:neut:high,,NEUT high,FindingConcept,,CBC,,,,high,NEUT,,
,,,,finding_concept:cbc:neut:low,,NEUT low,FindingConcept,,CBC,,,,low,NEUT,,
,,,,test:lymph,,Lymphocyte,Test,,CBC,,,,,LYMPH,,
,,,,finding_concept:cbc:lymph:high,,LYMPH high,FindingConcept,,CBC,,,,high,LYMPH,,
,,,,finding_concept:cbc:lymph:low,,LYMPH low,FindingConcept,,CBC,,,,low,LYMPH,,
,,,,test:mono,,Monocyte,Test,,CBC,,,,,MONO,,
,,,,finding_concept:cbc:mono:high,,MONO high,FindingConcept,,CBC,,,,high,MONO,,
,,,,finding_concept:cbc:mono:low,,MONO low,FindingConcept,,CBC,,,,low,MONO,,
,,,,test:eos,,Eosinophil,Test,,CBC,,,,,EOS,,
,,,,finding_concept:cbc:eos:high,,EOS high,FindingConcept,,CBC,,,,high,EOS,,
,,,,finding_concept:cbc:eos:low,,EOS low,FindingConcept,,CBC,,,,low,EOS,,
,,,,test:baso,,Basophil,Test,,CBC,,,,,BASO,,
,,,,finding_concept:cbc:baso:high,,BASO high,FindingConcept,,CBC,,,,high,BASO,,
,,,,finding_concept:cbc:baso:low,,BASO low,FindingConcept,,CBC,,,,low,BASO,,
,,,,test:plt,,Platelet,Test,,CBC,,,,,PLT,,
,,,,finding_concept:cbc:plt:high,,PLT high,FindingConcept,,CBC,,,,high,PLT,,
,,,,finding_concept:cbc:plt:low,,PLT low,FindingConcept,,CBC,,,,low,PLT,,
,,,,test:ig,,Immature Granulocyte,Test,,CBC,,,,,IG,,
,,,,finding_concept:cbc:ig:high,,IG high,FindingConcept,,CBC,,,,high,IG,,
,,,,finding_concept:cbc:ig:low,,IG low,FindingConcept,,CBC,,,,low,IG,,
,,,,test:ast,,Aspartate Aminotransferase,Test,,BIOCHEM,,,,,AST,,
,,,,finding_concept:biochem:ast:high,,AST high,FindingConcept,,BIOCHEM,,,,high,AST,,
,,,,finding_concept:biochem:ast:low,,AST low,FindingConcept,,BIOCHEM,,,,low,AST,,
,,,,test:alt,,Alanine Aminotransferase,Test,,BIOCHEM,,,,,ALT,,
,,,,finding_concept:biochem:alt:high,,ALT high,FindingConcept,,BIOCHEM,,,,high,ALT,,
,,,,finding_concept:biochem:alt:low,,ALT low,FindingConcept,,BIOCHEM,,,,low,ALT,,
,,,,test:urea,,Urea,Test,,BIOCHEM,,,,,UREA,,
,,,,finding_concept:biochem:urea:high,,UREA high,FindingConcept,,BIOCHEM,,,,high,UREA,,
,,,,finding_concept:biochem:urea:low,,UREA low,FindingConcept,,BIOCHEM,,,,low,UREA,,
,,,,test:creatinine,,Creatinine,Test,,BIOCHEM,,,,,CREATININE,,
,,,,finding_concept:biochem:creatinine:high,,CREATININE high,FindingConcept,,BIOCHEM,,,,high,CREATININE,,
,,,,finding_concept:biochem:creatinine:low,,CREATININE low,FindingConcept,,BIOCHEM,,,,low,CREATININE,,
,,,,test:na,,Sodium,Test,,BIOCHEM,,,,,NA,,
,,,,finding_concept:biochem:na:high,,NA high,FindingConcept,,BIOCHEM,,,,high,NA,,
,,,,finding_concept:biochem:na:low,,NA low,FindingConcept,,BIOCHEM,,,,low,NA,,
,,,,test:k,,Potassium,Test,,BIOCHEM,,,,,K,,
,,,,finding_concept:biochem:k:high,,K high,FindingConcept,,BIOCHEM,,,,high,K,,
,,,,finding_concept:biochem:k:low,,K low,FindingConcept,,BIOCHEM,,,,low,K,,
,,,,test:cl,,Chloride,Test,,BIOCHEM,,,,,CL,,
,,,,finding_concept:biochem:cl:high,,CL high,FindingConcept,,BIOCHEM,,,,high,CL,,
,,,,finding_concept:biochem:cl:low,,CL low,FindingConcept,,BIOCHEM,,,,low,CL,,
,,,,test:glucose,,Glucose,Test,,BIOCHEM,,,,,GLUCOSE,,
,,,,finding_concept:biochem:glucose:high,,GLUCOSE high,FindingConcept,,BIOCHEM,,,,high,GLUCOSE,,
,,,,finding_concept:biochem:glucose:low,,GLUCOSE low,FindingConcept,,BIOCHEM,,,,low,GLUCOSE,,
,,,,test:hba1c,,Hemoglobin A1c,Test,,BIOCHEM,,,,,HBA1C,,
,,,,finding_concept:biochem:hba1c:high,,HBA1C high,FindingConcept,,BIOCHEM,,,,high,HBA1C,,
,,,,finding_concept:biochem:hba1c:low,,HBA1C low,FindingConcept,,BIOCHEM,,,,low,HBA1C,,
,,,,test:cholesterol,,Total Cholesterol,Test,,BIOCHEM,,,,,CHOLESTEROL,,
,,,,finding_concept:biochem:cholesterol:high,,CHOLESTEROL high,FindingConcept,,BIOCHEM,,,,high,CHOLESTEROL,,
,,,,finding_concept:biochem:cholesterol:low,,CHOLESTEROL low,FindingConcept,,BIOCHEM,,,,low,CHOLESTEROL,,
,,,,test:triglyceride,,Triglyceride,Test,,BIOCHEM,,,,,TRIGLYCERIDE,,
,,,,finding_concept:biochem:triglyceride:high,,TRIGLYCERIDE high,FindingConcept,,BIOCHEM,,,,high,TRIGLYCERIDE,,
,,,,finding_concept:biochem:triglyceride:low,,TRIGLYCERIDE low,FindingConcept,,BIOCHEM,,,,low,TRIGLYCERIDE,,
,,,,test:hdl_c,,HDL Cholesterol,Test,,BIOCHEM,,,,,HDL_C,,
,,,,finding_concept:biochem:hdl_c:high,,HDL_C high,FindingConcept,,BIOCHEM,,,,high,HDL_C,,
,,,,finding_concept:biochem:hdl_c:low,,HDL_C low,FindingConcept,,BIOCHEM,,,,low,HDL_C,,
,,,,test:ldl_c,,LDL Cholesterol,Test,,BIOCHEM,,,,,LDL_C,,
,,,,finding_concept:biochem:ldl_c:high,,LDL_C high,FindingConcept,,BIOCHEM,,,,high,LDL_C,,
,,,,finding_concept:biochem:ldl_c:low,,LDL_C low,FindingConcept,,BIOCHEM,,,,low,LDL_C,,
,,,,test:ck_mb,,CK-MB,Test,,BIOCHEM,,,,,CK_MB,,
,,,,finding_concept:biochem:ck_mb:high,,CK_MB high,FindingConcept,,BIOCHEM,,,,high,CK_MB,,
,,,,finding_concept:biochem:ck_mb:low,,CK_MB low,FindingConcept,,BIOCHEM,,,,low,CK_MB,,
,,,,test:troponin_t,,Troponin T,Test,,BIOCHEM,,,,,TROPONIN_T,,
,,,,finding_concept:biochem:troponin_t:high,,TROPONIN_T high,FindingConcept,,BIOCHEM,,,,high,TROPONIN_T,,
,,,,finding_concept:biochem:troponin_t:low,,TROPONIN_T low,FindingConcept,,BIOCHEM,,,,low,TROPONIN_T,,
,,,,test:pro_bnp,,Pro-BNP,Test,,BIOCHEM,,,,,PRO_BNP,,
,,,,finding_concept:biochem:pro_bnp:high,,PRO_BNP high,FindingConcept,,BIOCHEM,,,,high,PRO_BNP,,
,,,,finding_concept:biochem:pro_bnp:low,,PRO_BNP low,FindingConcept,,BIOCHEM,,,,low,PRO_BNP,,
,,,,test:ferritin,,Ferritin,Test,,BIOCHEM,,,,,FERRITIN,,
,,,,finding_concept:biochem:ferritin:high,,FERRITIN high,FindingConcept,,BIOCHEM,,,,high,FERRITIN,,
,,,,finding_concept:biochem:ferritin:low,,FERRITIN low,FindingConcept,,BIOCHEM,,,,low,FERRITIN,,
,,,,test:albumin,,Albumin,Test,,BIOCHEM,,,,,ALBUMIN,,
,,,,finding_concept:biochem:albumin:high,,ALBUMIN high,FindingConcept,,BIOCHEM,,,,high,ALBUMIN,,
,,,,finding_concept:biochem:albumin:low,,ALBUMIN low,FindingConcept,,BIOCHEM,,,,low,ALBUMIN,,
,,,,test:calcium_ion,,Ionized Calcium,Test,,BIOCHEM,,,,,CALCIUM_ION,,
,,,,finding_concept:biochem:calcium_ion:high,,CALCIUM_ION high,FindingConcept,,BIOCHEM,,,,high,CALCIUM_ION,,
,,,,finding_concept:biochem:calcium_ion:low,,CALCIUM_ION low,FindingConcept,,BIOCHEM,,,,low,CALCIUM_ION,,
,,,,test:pth,,Parathyroid Hormone,Test,,BIOCHEM,,,,,PTH,,
,,,,finding_concept:biochem:pth:high,,PTH high,FindingConcept,,BIOCHEM,,,,high,PTH,,
,,,,finding_concept:biochem:pth:low,,PTH low,FindingConcept,,BIOCHEM,,,,low,PTH,,
,,,,test:uric_acid,,Uric Acid,Test,,BIOCHEM,,,,,URIC_ACID,,
,,,,finding_concept:biochem:uric_acid:high,,URIC_ACID high,FindingConcept,,BIOCHEM,,,,high,URIC_ACID,,
,,,,finding_concept:biochem:uric_acid:low,,URIC_ACID low,FindingConcept,,BIOCHEM,,,,low,URIC_ACID,,
,"Low hemoglobin with low MCV, often with high RDW, suggests a microcytic anemia pattern.",,,pattern:microcytic_anemia_pattern,,Microcytic anemia pattern,Pattern,,CBC,microcytic_anemia_pattern,,panel_rule,,,,
microcytic_anemia,,,,condition:microcytic_anemia,,microcytic_anemia,Condition,,,,,,,,,
iron_deficiency_anemia,,,,condition:iron_deficiency_anemia,,iron_deficiency_anemia,Condition,,,,,,,,,
,Low hemoglobin with elevated MCV suggests a macrocytic anemia pattern.,,,pattern:macrocytic_anemia_pattern,,Macrocytic anemia pattern,Pattern,,CBC,macrocytic_anemia_pattern,,panel_rule,,,,
macrocytic_anemia,,,,condition:macrocytic_anemia,,macrocytic_anemia,Condition,,,,,,,,,
b12_or_folate_related_anemia,,,,condition:b12_or_folate_related_anemia,,b12_or_folate_related_anemia,Condition,,,,,,,,,
,"High WBC with neutrophilia, optionally immature granulocytes, suggests bacterial infection or inflammatory stress.",,,pattern:bacterial_infection_pattern,,Bacterial infection pattern,Pattern,,CBC,bacterial_infection_pattern,,panel_rule,,,,
bacterial_infection,,,,condition:bacterial_infection,,bacterial_infection,Condition,,,,,,,,,
infection,,,,condition:infection,,infection,Condition,,,,,,,,,
left_shift_stress_response,,,,condition:left_shift_stress_response,,left_shift_stress_response,Condition,,,,,,,,,
,"Lymphocytosis, sometimes with low WBC, may suggest viral infection pattern.",,,pattern:viral_infection_pattern,,Viral infection pattern,Pattern,,CBC,viral_infection_pattern,,panel_rule,,,,
viral_infection,,,,condition:viral_infection,,viral_infection,Condition,,,,,,,,,
lymphocytosis,,,,condition:lymphocytosis,,lymphocytosis,Condition,,,,,,,,,
,Low platelet count suggests thrombocytopenia pattern and possible bleeding risk context.,,,pattern:thrombocytopenia_pattern,,Thrombocytopenia pattern,Pattern,,CBC,thrombocytopenia_pattern,,panel_rule,,,,
thrombocytopenia,,,,condition:thrombocytopenia,,thrombocytopenia,Condition,,,,,,,,,
bleeding_risk,,,,condition:bleeding_risk,,bleeding_risk,Condition,,,,,,,,,
,"High HGB/HCT, optionally elevated RBC, suggests polycythemia or erythrocytosis pattern.",,,pattern:polycythemia_pattern,,Polycythemia pattern,Pattern,,CBC,polycythemia_pattern,,panel_rule,,,,
polycythemia,,,,condition:polycythemia,,polycythemia,Condition,,,,,,,,,
erythrocytosis,,,,condition:erythrocytosis,,erythrocytosis,Condition,,,,,,,,,
,Elevation of ALT and AST suggests hepatocellular injury pattern.,,,pattern:hepatocellular_injury_pattern,,Hepatocellular injury pattern,Pattern,,BIOCHEM,hepatocellular_injury_pattern,,panel_rule,,,,
hepatocellular_injury,,,,condition:hepatocellular_injury,,hepatocellular_injury,Condition,,,,,,,,,
liver_injury,,,,condition:liver_injury,,liver_injury,Condition,,,,,,,,,
,"High creatinine, often with high urea or potassium, suggests impaired renal function.",,,pattern:renal_impairment_pattern,,Renal impairment pattern,Pattern,,BIOCHEM,renal_impairment_pattern,,panel_rule,,,,
renal_impairment,,,,condition:renal_impairment,,renal_impairment,Condition,,,,,,,,,
reduced_kidney_function,,,,condition:reduced_kidney_function,,reduced_kidney_function,Condition,,,,,,,,,
,"Abnormal sodium, potassium, or chloride suggests electrolyte disorder.",,,pattern:electrolyte_disorder_pattern,,Electrolyte disorder pattern,Pattern,,BIOCHEM,electrolyte_disorder_pattern,,panel_rule,,,,
electrolyte_disorder,,,,condition:electrolyte_disorder,,electrolyte_disorder,Condition,,,,,,,,,
,"High glucose, especially with high HbA1c, suggests abnormal glycemic control.",,,pattern:diabetes_glycemic_pattern,,Diabetes/glycemic abnormality pattern,Pattern,,BIOCHEM,diabetes_glycemic_pattern,,panel_rule,,,,
hyperglycemia,,,,condition:hyperglycemia,,hyperglycemia,Condition,,,,,,,,,
diabetes_risk,,,,condition:diabetes_risk,,diabetes_risk,Condition,,,,,,,,,
poor_glycemic_control,,,,condition:poor_glycemic_control,,poor_glycemic_control,Condition,,,,,,,,,
,Abnormal lipid profile suggests dyslipidemia and cardiovascular risk.,,,pattern:dyslipidemia_pattern,,Dyslipidemia pattern,Pattern,,BIOCHEM,dyslipidemia_pattern,,panel_rule,,,,
dyslipidemia,,,,condition:dyslipidemia,,dyslipidemia,Condition,,,,,,,,,
cardiovascular_risk,,,,condition:cardiovascular_risk,,cardiovascular_risk,Condition,,,,,,,,,
,Elevated cardiac biomarkers suggest myocardial injury or cardiac stress.,,,pattern:cardiac_biomarker_pattern,,Cardiac biomarker pattern,Pattern,,BIOCHEM,cardiac_biomarker_pattern,,panel_rule,,,,
myocardial_injury,,,,condition:myocardial_injury,,myocardial_injury,Condition,,,,,,,,,
cardiac_stress,,,,condition:cardiac_stress,,cardiac_stress,Condition,,,,,,,,,
,High ferritin may reflect increased iron stores or inflammatory context.,,,pattern:iron_store_pattern,,Iron store abnormality pattern,Pattern,,BIOCHEM,iron_store_pattern,,panel_rule,,,,
iron_store_abnormality,,,,condition:iron_store_abnormality,,iron_store_abnormality,Condition,,,,,,,,,
inflammatory_iron_pattern,,,,condition:inflammatory_iron_pattern,,inflammatory_iron_pattern,Condition,,,,,,,,,
,"Low albumin suggests hypoalbuminemia, which may relate to inflammation, malnutrition, liver disease, or protein loss.",,,pattern:hypoalbuminemia_pattern,,Hypoalbuminemia pattern,Pattern,,BIOCHEM,hypoalbuminemia_pattern,,panel_rule,,,,
hypoalbuminemia,,,,condition:hypoalbuminemia,,hypoalbuminemia,Condition,,,,,,,,,
protein_loss_or_inflammation,,,,condition:protein_loss_or_inflammation,,protein_loss_or_inflammation,Condition,,,,,,,,,
,Anemia together with elevated creatinine may suggest renal-related anemia or kidney impairment context.,,,pattern:renal_anemia_pattern,,Renal-related anemia pattern,Pattern,,CROSS_PANEL,renal_anemia_pattern,,cross_panel_rule,,,,
renal_related_anemia,,,,condition:renal_related_anemia,,renal_related_anemia,Condition,,,,,,,,,
,Low hemoglobin with high ferritin may suggest inflammatory or iron-store related anemia context.,,,pattern:anemia_inflammation_pattern,,Anemia with inflammatory or iron-store pattern,Pattern,,CROSS_PANEL,anemia_inflammation_pattern,,cross_panel_rule,,,,
anemia_of_inflammation,,,,condition:anemia_of_inflammation,,anemia_of_inflammation,Condition,,,,,,,,,
iron_metabolism_abnormality,,,,condition:iron_metabolism_abnormality,,iron_metabolism_abnormality,Condition,,,,,,,,,
,"Leukocytosis with neutrophilia, optionally with biochemical stress markers, suggests infection or inflammatory stress context.",,,pattern:infection_stress_pattern,,Infection or inflammatory stress cross-panel pattern,Pattern,,CROSS_PANEL,infection_stress_pattern,,cross_panel_rule,,,,
infection_or_inflammatory_stress,,,,condition:infection_or_inflammatory_stress,,infection_or_inflammatory_stress,Condition,,,,,,,,,
,Combined glycemic and lipid abnormalities suggest metabolic cardiovascular risk.,,,pattern:metabolic_cardiovascular_risk_pattern,,Metabolic cardiovascular risk pattern,Pattern,,CROSS_PANEL,metabolic_cardiovascular_risk_pattern,,cross_panel_rule,,,,
metabolic_syndrome_risk,,,,condition:metabolic_syndrome_risk,,metabolic_syndrome_risk,Condition,,,,,,,,,
,,,,source:harrison_pdf,pdf_book,harrison.pdf,Source,,,,,,,,,
,,,interpretation,ev_cbc_003938_90c5468e41,,,Evidence,766,CBC,,3.55,harrison.pdf,,,"most patients with erythrocytosis have an elevated hematocrit (>52% in men, >48% in women) that is detected on a routine blood table 93-2 paraneoplastic hematologic syndromes syndrome proteins cancers typically associated with syndrome erythrocytosis erythropoietin renal cancers, hepatocarcinoma, cerebellar hemangioblastomas granulocytosis g-csf, gm-csf, il-6 lung cancer, gastrointestinal cancer, ovarian cancer, genitourinary cancer, hodgkin’s disease thrombocytosis il-6 lung cancer, gastrointestinal cancer, breast cancer, ovarian cancer, lymphoma eosinophilia il-5 lymphoma, leukemia, lung cancer thrombophlebitis unknown lung cancer, pancreatic cancer, gastrointestinal cancer, breast cancer, genitourinary cancer, ovarian cancer, prostate cancer, lymphoma abbreviations: g-csf, granulocyte colony-stimulating factor; gm-csf, granulocyte- macrophage colony-stimulating factor; il, interleukin.",1.0
eosinophilia,,,,condition:eosinophilia,,eosinophilia,Condition,,,,,,,,,
thrombocytosis,,,,condition:thrombocytosis,,thrombocytosis,Condition,,,,,,,,,
,,,interpretation,ev_cbc_008672_8730a1a5ec,,,Evidence,1684,CBC,,3.55,harrison.pdf,,,"1643 chapter 209 arthropod-borne and rodent-borne virus infections kinin activation is marked. the rising hematocrit reflects increas- ing vascular leakage. leukocytosis with a left shift develops, and thrombocytopenia continues. atypical lymphocytes—which, in fact, are activated cd8+ and, to a lesser extent, cd4+ t cells—circulate. proteinuria is marked, and the urine’s specific gravity falls to 1.010. renal circulation is congested and compromised from local and systemic circulatory changes resulting in necrosis of tubules, partic- ularly at the corticomedullary junction, and oliguria.",1.0
leukocytosis,,,,condition:leukocytosis,,leukocytosis,Condition,,,,,,,,,
,,,,source:clinical_hematology_pdf,pdf_book,clinical_hematology.pdf,Source,,,,,,,,,
,,,interpretation,ev_cbc_000249_e1421e008f,,,Evidence,142,CBC,,3.54,clinical_hematology.pdf,,,"they likely arise from abnormalities in blood viscosity, platelets, and leukocytes.11 multiple series have documented the incidence of major thrombosis to be 34% to 39% at diagnosis; 66% of these are arterial events and one third are venous.11-13 increased risk of thrombosis is associated with age >65 years, hematocrit >45%,14 leukocytosis of ≥15 × 109/l,15 and a history of thrombosis. patients at high risk of thrombosis and thrombocytosis (i.e., older individuals, patients with a history of thrombosis or atherosclerotic disease), should be treated with hydroxyurea to lower platelet counts to <400,000 cells/µl.16 while erythrocytosis distinguishes pv from the other mpn, only 20% of pv patients present with erythrocytosis alone, while 40% have trilineage hyperplasia at the onset of disease. pv can also present with isolated leukocytosis or thrombocytosis. laboratory abnormalities include elevated leukocyte alkaline phosphatase, lactate dehydrogenase (ldh), uric acid, and elevated serum b12 (in 40% of patients). secondary causes of an elevated red cell mass should also be excluded.",0.95
hyperuricemia,,,,condition:hyperuricemia,,hyperuricemia,Condition,,,,,,,,,
,,,interpretation,ev_cbc_000431_1967e97266,,,Evidence,233,CBC,,3.54,clinical_hematology.pdf,,,"red blood cells (rbcs): concomitant anemia partially offsets the hyperviscosity associated with severe hyperleukocytosis. thus, rbc transfusion should be avoided if possible when the wbc is higher than 100,000/μl. if transfusion is necessary, the hemoglobin and hematocrit should be increased slowly using small aliquots of packed rbcs until the peripheral blast count is reduced. irradiation: to reduce the risk of transfusion-associated graft-versus-host disease, all cellular blood products should be irradiated. leukodepletion: platelets and red cells should be leuko-reduced to decrease the risk of febrile reactions, hla-alloimmunization with subsequent platelet-refractoriness, and transmission of cytomegalovirus (cmv) infection.",0.95
anemia,,,,condition:anemia,,anemia,Condition,,,,,,,,,
,,,interpretation,ev_cbc_000949_03dfe2426b,,,Evidence,533,CBC,,3.46,clinical_hematology.pdf,,,"target of “de-ironing” therapy: several assays may be used ferritin < 30 μg/l ts < 30% decrease in red cell mcv to 3% to 5% below prephlebotomy level.23 monitoring parameters prephlebotomy fingerstick hemoglobin or hematocrit (+/− venous cbc) at each visit to avoid anemia ferritin every 4 to 8 weeks initially, then ferritin +/− ts every 1 to 2 treatments once ferritin <100 μg/l. safety guide: threshold hemoglobin for therapeutic bleed ≥ 12.5 g/dl (hematocrit ≥ 38%). in general, do not bleed below this level; defer therapy for 1 to 4 weeks until hemoglobin recovers. iron deficiency is not necessary during treatment; anemia should be avoided. general guide: for initial ferritin of 500 to 1,500, patients generally require 15 to 30 bleeds to achieve iron depletion. if initial ferritin is >2,000 μg/dl, it may require more than 40 to 50 bleeds. phase ii: preventing reaccumulation (maintenance) pace: 500 ml removed every 8 to 26 weeks (mean 10–12 weeks), depending on gender, weight, age, and dietary habits.",0.95
,,,interpretation,ev_cbc_016609_02360b8787,,,Evidence,3640,CBC,,3.36,harrison.pdf,,,"the venoms of many snake species can deplete coagulation factors and cause a decrease in platelet count or hematocrit. nevertheless, these components usually rebound within hours after administration of adequate antivenom. if the need for blood products is thought to be great (e.g., a dangerously low platelet count in a hemorrhaging patient), these products should be given only after adequate antivenom administration to avoid fueling ongoing consumptive coagulopathy. rhabdomyolysis should be managed in standard fashion with iv fluids and close monitoring of urine output. victims who develop acute renal failure should be evaluated by a nephrologist and referred for hemodialysis or peritoneal dialysis as needed.",1.0
coagulation_disorder,,,,condition:coagulation_disorder,,coagulation_disorder,Condition,,,,,,,,,
,,,interpretation,ev_cbc_000331_31ebee8f5a,,,Evidence,177,CBC,,3.54,clinical_hematology.pdf,,,"thalassemia trait is often mistaken for iron deficiency.8 in contrast to iron deficiency, β-thalassemia trait is associated with a normal red cell distribution width (rdw), basophilic stippling and targeting on the blood smear, and an elevated hb a2 on electrophoresis.",0.95
thalassemia,,,,condition:thalassemia,,thalassemia,Condition,,,,,,,,,
,,,interpretation,ev_cbc_000338_b711c41e7f,,,Evidence,179,CBC,,3.54,clinical_hematology.pdf,,,"laboratory features consistent with hemolysis include reticulocytosis, elevated lactate dehydrogenase (ldh), indirect hyperbilirubinemia, decreased serum haptoglobin, and, in severe cases, hemoglobinuria. a positive direct coomb’s test indicates immune-mediated hemolysis. examination of the peripheral smear may reveal characteristic red cell morphology. thrombocytopenia and renal impairment are additional features of hus. treatment of hemolysis should be directed toward the underlying cause, with transfusions reserved for severe anemia and cardiovascular compromise. immune hemolysis often requires corticosteroids and/or other immunosuppressive medications. the diagnosis of sickle cell disease is usually made during routine newborn screening by hb electrophoresis. children diagnosed with sickle cell disease should be cared for by practitioners with specific expertise in the management and prevention of its complications.11,12 consultation with a pediatric hematologist is strongly recommended.",0.95
hemolytic_anemia,,,,condition:hemolytic_anemia,,hemolytic_anemia,Condition,,,,,,,,,
,,,interpretation,ev_cbc_015384_48ea543961,,,Evidence,3287,CBC,,3.54,harrison.pdf,,,"■ ■x-linked sideroblastic anemia xlsa results from the deficient activity of the erythroid form of ala-synthase (ala-synthase 2) and is associated with ineffective ery- thropoiesis, weakness, and pallor. clinical features typically, males with xlsa develop refractory hemolytic anemia, pallor, and weakness during infancy. they have secondary hypersplenism, become iron overloaded, and can develop hemosiderosis. the severity depends on the level of residual erythroid ala-synthase activity and on the responsiveness of the specific muta- tion to pyridoxal 5′-phosphate supplementation (see below). peripheral blood smears reveal a hypochromic, microcytic anemia with striking anisocytosis, poikilocytosis, and polychromasia; the leukocytes and platelets appear normal. hemoglobin content is reduced, and the mean corpuscular volume and mean corpuscular hemoglobin concentration are decreased. patients with milder, later-onset disease have been reported recently. diagnosis bone marrow examination reveals hypercellularity with a left shift and megaloblastic erythropoiesis with an abnormal matu- ration. a variety of prussian blue–staining sideroblasts are observed. levels of urinary porphyrin precursors and of both urinary and fecal porphyrins are normal.",1.0
anisocytosis,,,,condition:anisocytosis,,anisocytosis,Condition,,,,,,,,,
bone_marrow_disorder,,,,condition:bone_marrow_disorder,,bone_marrow_disorder,Condition,,,,,,,,,
,,,interpretation,ev_cbc_011667_ff4abb788b,,,Evidence,2407,CBC,,3.53,harrison.pdf,,,"large vessels can be involved in antiphospholipid syndrome and may form the proximal nidus near the ostium for thrombosis of the table 317-1 criteria for establishing microangiopathic kidney injury associated with hematopoietic stem cell transplantation international working group blood and marrow transplant clinical trials network toxicity committee >4% schistocytes in the blood rbc fragmentation and at least 2 schistocytes per high-power field de novo, prolonged, or progressive thrombocytopenia concurrent increase in ldh above baseline a sudden and persistent increase in ldh negative direct and indirect coombs test decrease in hemoglobin or increased rbc transfusion requirement concurrent renal and/or neurologic dysfunction without other explanations decrease in haptoglobin concentration abbreviations: ldh, lactate dehydrogenase; rbc, red blood cell.",1.0
,,,interpretation,ev_cbc_000149_4df44cbd5d,,,Evidence,80,CBC,,3.52,clinical_hematology.pdf,,,"splenomegaly can be seen in those with inadequate transfusions or red cell alloimmunization, and is associated with worsening anemia, leukopenia, and thrombocytopenia. hemoglobin will typically drop about 1.5 g/dl/week in non- splenectomized individuals; in hypersplenism, this rate of decline will be higher and eventually there will be an inadequate rise in post-transfusion hemoglobin.",0.95
leukopenia,,,,condition:leukopenia,,leukopenia,Condition,,,,,,,,,
,,,interpretation,ev_cbc_006686_f1b62b8009,,,Evidence,1272,CBC,,3.55,harrison.pdf,,,"factors associated with a poorer prognosis are shock; young age (infancy), old age, and adolescence; coma; purpura fulminans; dis- seminated intravascular coagulation; thrombocytopenia; leukopenia; absence of meningitis; metabolic acidosis; low plasma concentrations of antithrombin and proteins s and c; high blood levels of pai-1; and a low erythrocyte sedimentation rate or c-reactive protein level. the glasgow meningococcal septicaemia prognostic score (gmsps) performs well and may be clinically useful for severity assessment in meningococcal disease.",1.0
,,,interpretation,ev_cbc_013621_ceb5aabc7a,,,Evidence,2869,CBC,,3.55,harrison.pdf,,,"relapsing polychondritis has also been found to be associated with vexas syndrome (vacuoles, e1 enzyme, x-linked, autoinflammatory, somatic). vexas syndrome should be considered in male patients with relapsing polychondritis who have hematologic abnormalities often in the spectrum of myelodysplastic syndrome, fevers, venous thrombotic events, pulmonary infiltrates, cutaneous lesions, or treat- ment resistant disease. vexas syndrome is strongly suggested by its clinical features and the finding of vacuoles within bone marrow precursor cells. it is proven by genetic testing for myeloid-restricted somatic missense mutations in uba1, the major e1 enzyme that ini- tiates ubiquitylation. ■ ■laboratory findings and diagnostic imaging there are no laboratory features that are diagnostic for relapsing polychondritis. mild leukocytosis and normocytic, normochromic anemia are often present. the erythrocyte sedimentation rate and c-reactive protein are usu- ally elevated. rheumatoid factor and antinuclear antibody tests are occasionally positive in low titers, and complement levels are normal. antibodies to type ii collagen are present in fewer than one-half of patients and are not specific.",1.0
inflammation,,,,condition:inflammation,,inflammation,Condition,,,,,,,,,
,,,interpretation,ev_cbc_013679_1117db094b,,,Evidence,2883,CBC,,3.55,harrison.pdf,,,"laboratory features of fmf attacks are consistent with acute inflammation and include an elevated erythrocyte sedimentation rate, leukocytosis, thrombocytosis (in children), and elevations in c-reactive protein, fibrinogen, haptoglobin, and serum immunoglobulins. transient albuminuria and hematuria may also be seen. amyloidosis before the advent of colchicine prophylaxis, systemic amyloidosis was a common complication of fmf.",1.0
,,,interpretation,ev_cbc_016476_8546d9617c,,,Evidence,3600,CBC,,3.55,harrison.pdf,,,"■ ■hematopoietic system ethanol causes an increase in red blood cell size (mean corpuscular volume [mcv]), which reflects its effects on stem cells. if heavy drinking is accompanied by folic acid deficiency, there can also be hypersegmented neutrophils, reticulocytopenia, and a hyperplastic bone marrow; if malnutrition is present, sideroblastic changes can be observed. chronic heavy drinking can decrease production of white blood cells, decrease granulocyte mobility and adherence, and impair delayed-hypersensitivity responses to novel antigens (with a possible false-negative tuberculin skin test). associated immune deficiencies can contribute to vulnerability toward infections, including hepatitis and hiv, and interfere with their treatment. finally, many individuals with alcohol use disorders have mild thrombocytopenia, which usually resolves within a week of abstinence unless there is hepatic cirrhosis or congestive splenomegaly.",1.0
,,,interpretation,ev_cbc_002968_0593b7fae8,,,Evidence,474,CBC,,3.53,harrison.pdf,,,"microcytic and hypochromic red cells smaller than the nucleus of a lymphocyte associated with marked variation in size (anisocytosis) and shape (poikilocytosis). (from rs hillman et al: hematology in clinical practice, 5th ed.",1.0
,,,interpretation,ev_cbc_004475_49886f98c6,,,Evidence,845,CBC,,3.32,harrison.pdf,,,"assay for jak2 mutations in the presence of a normal arterial oxygen saturation provides an alternative diagnostic approach to erythrocy- tosis when red cell mass and plasma volume determinations are not available; a normal serum erythropoietin level does not exclude the presence of pv, but an elevated erythropoietin level is more consistent with a secondary cause for the erythrocytosis. other laboratory studies that may aid in diagnosis include the red cell count, mean corpuscular volume, and red cell distribution width (rdw), particularly when the hematocrit or hemoglobin levels are less than 60% or 20 g/dl, respectively. only three situations cause micro- cytic erythrocytosis: β-thalassemia trait, hypoxic erythrocytosis, and pv.",1.0
,,,interpretation,ev_cbc_001120_72511d7a91,,,Evidence,587,CBC,,3.54,clinical_hematology.pdf,,,"patients with other myeloproliferative disorders may have normal, low, or high levels. this assay has been largely replaced by the fluorescence in situ hybridization (fish) assay for bcr-abl in peripheral blood neutrophils or cytogenetic analysis of the bone marrow. the availability of highly effective therapy for chronic myelogenous leukemia warrants the use of the more specific, albeit expensive fish assay51 (see chapter 13). performance evaluation of the latest fully automated hematology analyzers in a large, commercial laboratory setting: a 4-way, side-by-side study. visual inspection of blood films vs automated analysis of red blood cell distribution width. quantitative anisocytosis as a discriminant between iron deficiency and thalassemia minor. relationship of reticulocyte age to polychromasia, shift cells, and shift reticulocytes. piva e, brugnara c, chiandetti l, plebani m. automated reticulocyte counting: state of the art and clinical applications in the evaluation of erythropoiesis. the role of anticoagulation in the measurement of platelet volumes.",0.95
,,,interpretation,ev_cbc_003143_194483d4cc,,,Evidence,504,CBC,,3.47,harrison.pdf,,,"often the splenectomy is done by laparoscopy, which is associated with shorter hospital stays and faster recovery than the open proce- dure; however, concern has emerged that the laparoscopic approach is associated with a higher risk of postoperative portal venous system thrombosis and budd-chiari syndrome. the absence of the spleen has minimal long-term effects on the hematologic profile. in the immediate postsplenectomy period, leu- kocytosis (up to 25,000/μl) and thrombocytosis (up to 1 × 106/μl) may develop, but within 2–3 weeks, blood cell counts and survival of each cell lineage are usually normal. the chronic manifestations of splenectomy are marked variation in size and shape of erythrocytes (anisocytosis, poikilocytosis) and the presence of howell-jolly bodies (nuclear remnants), heinz bodies (denatured hemoglobin), basophilic stippling, and an occasional nucleated erythrocyte in the peripheral blood. when such erythrocyte abnormalities appear in a patient whose spleen has not been removed, one should suspect splenic infiltration by tumor that has interfered with its normal culling and pitting function.",1.0
,,,interpretation,ev_cbc_006188_2ad688d126,,,Evidence,1185,CBC,,3.55,harrison.pdf,,,"cmv infection is associated with poor outcomes after heart trans- plantation. the virus is usually detected 1–2 months after transplan- tation, causes early signs and laboratory abnormalities (usually fever and atypical lymphocytosis or leukopenia and thrombocytopenia) at 2–3 months, and can produce severe disease (e.g., pneumonia) at 3–4 months. an interesting observation is that seropositive recipients usu- ally develop viremia faster than patients whose primary cmv infection is a consequence of transplantation. between 40 and 70% of patients develop symptomatic cmv disease in the form of (1) cmv pneumo- nia, the form most likely to be fatal; (2) cmv esophagitis and gastritis, sometimes accompanied by abdominal pain with or without ulcerations and bleeding; and (3) cmv syndrome, consisting of cmv in the blood- stream along with fever, leukopenia, thrombocytopenia, and hepatic enzyme abnormalities. ganciclovir is efficacious in the treatment of cmv infection; prophylaxis with ganciclovir or possibly with other anti- viral agents may reduce the overall incidence of cmv-related disease.",1.0
,,,interpretation,ev_cbc_008674_1559a071fa,,,Evidence,1684,CBC,,3.49,harrison.pdf,,,"prompt recognition of the disease permits rapid hos- pitalization and expectant management of shock and renal failure. useful clinical laboratory parameters include leukocytosis, which may be leukemoid and is associated with a left shift; thrombocytopenia; and proteinuria. hfrs is readily diagnosed by an igm-capture elisa that is positive at admission or within 24–48 h thereafter. the isolation of orthohantaviruses is difficult, but rt-pcr of a blood clot collected early in the clinical course or of tissues obtained postmortem should give positive results. such testing is usually undertaken if definitive identification of the infecting virus is required. mainstays of therapy are management of shock, reliance on vaso- pressors, modest crystalloid infusion, iv human serum albumin administration, timely renal replacement therapy to prevent overhy- dration that may result in pulmonary edema, and control of hyperten- sion that increases the possibility of intracranial hemorrhage. use of iv ribavirin has reduced lethality and morbidity in severe cases, provided treatment is begun within the first 4 days of illness.",1.0
,,,interpretation,ev_cbc_004762_ad34a2dc4c,,,Evidence,900,CBC,,3.47,harrison.pdf,,,"accordingly, the who diagnostic criteria for cnl are designed to exclude the possibilities of both secondary/reactive neu- trophilia and leukocytosis associated with myeloid malignancies other than cnl (table 110-5): leukocytosis (≥25 × 109/l), ≥80% segmented/ band neutrophils, <10% immature myeloid cells, <1% circulating blasts, and absence of dysgranulopoiesis or monocytosis (monocyte count <1 × 109/l). bm in cnl is hypercellular and displays increased number and percentage of neutrophils with a very high myeloid-to- erythroid ratio and minimal left shift, myeloid dysplasia, or reticulin fibrosis. the recent discovery of csf3r mutations (see above) and their almost invariable association with who-defined cnl has allowed its incorporation in the who diagnostic criteria (table 110-5). in prac- tical terms, the presence of a membrane proximal csf3r mutation in a patient with predominantly neutrophilic granulocytosis should be sufficient for the diagnosis of cnl, regardless of the degree of leuko- cytosis. unfortunately, several exclusionary criteria still need to be met for diagnosing cnl in the absence of csf3r mutations (table 110-5).",1.0
,,,interpretation,ev_cbc_002935_b05133bd30,,,Evidence,466,CBC,,3.38,harrison.pdf,,,"this is called rouleaux formation and reflects abnormal serum protein levels. three types of gran- ulocytes are usually present: neutrophils, eosinophils, and basophils, in decreasing frequency. neutrophils are generally the most abundant white cell. they are round, are 10–14 μm wide, and contain a lobulated nucleus with two to five lobes connected by a thin chromatin thread. bands are immature neutrophils that have not completed nuclear condensation and have a u-shaped nucleus. bands reflect a left shift in neutrophil maturation in an effort to make more cells more rapidly. neutrophils can provide clues to a variety of conditions. vacuolated neutrophils may be a sign of bacterial sepsis. the presence of 1- to 2-μm blue cytoplasmic inclusions, called döhle bodies, can reflect infections, burns, or other inflammatory states. if the neutrophil gran- ules are larger than normal and stain a darker blue, “toxic granulations” are said to be present, and they also suggest a systemic inflammation.",1.0
,,,cause,ev_cbc_000315_63fc52e5b0,,,Evidence,170,CBC,,3.29,clinical_hematology.pdf,,,"lead to myelodysplasia and/or acute myeloid leukemia: g-csf receptor mutation, ras oncogene mutation, or chromosome 7 monosomy. an autosomal dominant form of neutropenia has been reported to result from heterozygous mutations in the gfi1 gene that may affect ela 2.18 recent studies have shown that kostmann syndrome can also be caused by mutations in the hax1,19 g6pc3,20 or other genes. clinically, individuals are infected as early as 2 to 3 months of age by gram-positive or gram-negative bacteria in one or more of the following sites: skin, ears, oral or gastrointestinal mucosa, upper or lower respiratory tract, urinary tract, or blood. blood counts usually reveal neutrophils less than 500/µl (<0.5 × 109/l) with compensatory monocytosis and eosinophilia. bone marrow biopsies show maturation arrest at the promyelocyte-myelocyte level and absent band forms or mature neutrophils. treatment includes supportive therapy and antibiotics for acute infections. g-csf between 3 and 10 µg/ kg increases the neutrophil count and reduces the frequency of infections.",0.95
neutropenia,,,,condition:neutropenia,,neutropenia,Condition,,,,,,,,,
,,,interpretation,ev_cbc_015410_d8b2e668eb,,,Evidence,3294,CBC,,3.02,harrison.pdf,,,"3253 disorders of purine and pyrimidine metabolism chapter 417 table 417-4 inborn errors of pyrimidine metabolism enzyme activity inheritance clinical features laboratory features uridine-5′-monophosphate synthetase deficiency autosomal recessive orotic acid crystalluria; obstructive uropathy, hypochromic megaloblastic anemia orotic aciduria pyrimidine 5′-nucleotidase deficiency autosomal recessive hemolytic anemia basophilic stippling of erythrocytes; high levels of cytidine and uridine ribonucleotides pyrimidine 5′-nucleotidase superactivity uncertain developmental delay, seizures, ataxia, language deficit hypouricosuria thymidine phosphorylase deficiency autosomal recessive mitochondrial neurogastrointestinal encephalopathy hypouricosuria dihydropyrimidine dehydrogenase deficiency autosomal recessive seizures, motor and mental retardation high levels of uracil, thymine, and 5-hydroxymethyluracil and low levels of dihydropyrimidines in urine dihydropyrimidinase deficiency uncertain seizures, mental retardation dihydropyrimidinuria ureidopropionase deficiency uncertain hypotonia, dystonia, developmental delay high urinary excretion of n-carbamyl-β- alanine and n-carbamyl β-aminoisobutyric acid carbamylphosphate + aspartic acid orotic acid utp rna ctp or dctp rna or dna ump udp dump cmp cytidine uracil β-alanine β-aminoisobutyric acid ttp 1 2 3 4 5 5 dna dtmp thymidine thymine uridine 2 figure 417-4 abbreviated scheme of pyrimidine metabolism.",1.0
,,,cause,ev_cbc_016270_0e14ebfa7e,,,Evidence,3536,CBC,,3.02,harrison.pdf,,,"sensation is generally preserved; however, the autonomic nervous system can be affected (patterns 2, 3, and 10; table 446-2). laboratory investigation can reveal a microcytic hypochromic anemia with basophilic stippling of erythrocytes, an elevated serum lead level, and an elevated serum coproporphyrin level. a 24-h urine collection demonstrates elevated levels of lead excretion. the ncs may reveal reduced cmap ampli- tudes, while the snaps are typically normal. the pathogenic basis may be related to abnormal porphyrin metabolism. the most important principle of management is to remove the source of the exposure. chelation therapy with calcium disodium ethylene-diaminetetraacetic acid (edta), british anti-lewisite (bal), and penicillamine also dem- onstrates variable efficacy. ■ ■mercury mercury toxicity may occur as a result of exposure to either organic or inorganic mercurials. mercury poisoning presents with paresthesias in hands and feet that progress proximally and may involve the face and tongue. edx shows features of a primarily axonal sensorimotor polyneuropathy. the primary site of neuromuscular pathology appears to be the dorsal root ganglia.",1.0
bone_mineral_disorder,,,,condition:bone_mineral_disorder,,bone_mineral_disorder,Condition,,,,,,,,,
,,,cause,ev_cbc_012215_133e6f5586,,,Evidence,2568,CBC,,2.97,harrison.pdf,,,"microcytic hypochromic anemia is due to diminished hemoglobin synthesis, since the first enzyme involved in heme biosynthesis (aminolevulinate synthase) requires plp as a cofactor (chap. in some case reports, platelet dysfunction has been reported.",1.0
,,,interpretation,ev_cbc_002965_baa387eeec,,,Evidence,474,CBC,,2.95,harrison.pdf,,,"433 anemia and polycythemia chapter 63 table 63-1 laboratory tests in anemia diagnosis i. morphology am/e ratio, ratio of myeloid to erythroid precursors. an experienced laboratory technician will be able to identify minor populations of large or small cells or hypochromic cells on the peripheral blood film before the red cell indices change. peripheral blood smear the peripheral blood smear provides important information about defects in red cell production (chap. as a complement to the red cell indices, the blood smear also reveals variations in cell size (anisocytosis) and shape (poikilocyto- sis). the degree of anisocytosis usually correlates with increases in the rdw or the range of cell sizes.",1.0
,,,interpretation,ev_cbc_007146_0a86001759,,,Evidence,1354,CBC,,3.54,harrison.pdf,,,"1313 chapter 169 brucellosis consistent with the disease, and supporting laboratory findings. results of routine biochemical assays are usually within normal lim- its, although serum levels of hepatic enzymes and bilirubin may be elevated. peripheral leukocyte counts are usually normal or low, with relative lymphocytosis. throm- bocytopenia and disseminated intravascular coagulation with raised levels of fibrinogen degradation products can develop. the erythrocyte sedimentation rate and c-reactive protein levels are often normal but may be raised. in body fluids such as cerebrospinal fluid (csf) or joint fluid, lym- phocytosis and low glucose levels are the norm. elevated csf levels of adenosine deaminase cannot be used to distinguish tubercular men- ingitis, as they may also be found in brucellosis. biopsied samples of tissues such as lymph node or liver may show noncaseating granulomas without acid/alcohol-fast bacilli. the radiologic features of bony dis- ease develop late and are much more subtle than those of tuberculosis or septic arthritis of other etiologies, with less bone and joint destruc- tion.",1.0
,,,interpretation,ev_cbc_002892_82039e2fba,,,Evidence,453,CBC,,3.44,harrison.pdf,,,"fixed drug eruptions have been associated with pseudoephedrine (frequently a nonpigmenting reaction), phenolphthalein (in laxatives), sulfon- amides, tetracyclines, nsaids, barbiturates, and others. ■ ■immune cutaneous reactions: rare and severe drug-induced hypersensitivity syndrome dihs is a systemic drug reaction also known as dress (drug reaction with eosinophilia and systemic symptoms) syndrome; because eosinophilia is not always present, the term dihs is preferred. clinically, dihs presents with a prodrome of fever and flu-like symptoms for several days, followed by the appearance of a diffuse morbilliform eruption, usually involving the face (fig. facial swelling and hand/foot swelling are often present. systemic manifestations include lymphadenopathy, fever, and leukocytosis (often with eosinophilia or atypical lymphocytosis), as well as hepatitis, nephritis, pneumonitis, myositis, and gastroenteritis, in descending order. distinct patterns of timing of onset and organ involvement may exist. for example, allopurinol classically induces dihs with renal involvement; cardiac and lung involvement are more common with minocycline; gastrointestinal involvement is almost exclusively seen with abacavir; and some medications typically do not induce eosinophilia (abacavir, dapsone, lamotrigine).",1.0
,,,cause,ev_cbc_007965_e04873f6ba,,,Evidence,1537,CBC,,3.35,harrison.pdf,,,"patients have persistent anemia with reticulocytopenia, absent or low levels of b19v igg, high titers of b19v dna in serum, and—in many cases—scattered giant pronormoblasts in bone marrow. transient neutropenia, lymphopenia, and thrombocytopenia (including idiopathic thrombocytopenic purpura) have been observed. studies in papua new guinea, gabon, and ghana, where malaria is endemic, suggest that co-infection with plasmodium and b19v plays a major role in the development of severe anemia in young children. case reports from other countries are rare, but further studies are required to determine whether b19v infection contributes to severe anemia in other malarial regions. hydrops fetalis b19v infection during pregnancy can lead to hydrops fetalis and/or fetal loss. the risk of transplacental fetal infec- tion is ~30%, and the risk of fetal loss (predominantly early in the second trimester) is ~9%.",1.0
lymphopenia,,,,condition:lymphopenia,,lymphopenia,Condition,,,,,,,,,
,,,cause,ev_cbc_000312_8afe8fe21b,,,Evidence,169,CBC,,3.34,clinical_hematology.pdf,,,"large granular lymphocytosis or leukemia (lgl)14 is caused by abnormally expanded t or nk cells infiltrating the bone marrow, spleen, and liver, resulting in variable degrees of pancytopenia and splenomegaly. lgl may be an oligoclonal or monoclonal disease, and in its more aggressive form is considered a form of leukemia. lgl is usually diagnosed in individuals about 60 years old. laboratory evaluation shows multiple abnormalities: 80% of affected individuals will have lymphocytosis >2 × 109/l, 80% with anc <1.5 × 109/l, 50% with hemoglobin <11 g/dl, 20% with platelet <150 × 109/l. lgl can also occur with other autoimmune disorders (rheumatoid arthritis most commonly), myeloid and b cell malignancies, or solid tumors. bone marrow examinations are also variable, but the majority will have hypercellular marrow. no treatment is necessary until there are recurrent infections, severe neutropenia, or symptomatic anemia.15 corticosteroids, methotrexate, cyclophosphamide, and other immunosuppressive therapy have been used with generally good response rates.",0.95
,,,interpretation,ev_cbc_000277_4c74936503,,,Evidence,153,CBC,,3.52,clinical_hematology.pdf,,,"features associated with decreased survival include the following: advanced age hypercatabolic symptoms* anemia (hemoglobin less than 10 g/dl)** leukopenia (white cell count <4,000/mm3)** leukocytosis (white cell count >30,000/mm3) abnormal cytogenetics or the presence of circulating granulocyte precursors or blasts*",0.95
,,,interpretation,ev_cbc_005098_578885ff0c,,,Evidence,962,CBC,,3.4,harrison.pdf,,,"in addition to platelet–monocyte aggregates, the immunomod- ulator, soluble cd40 ligand (cd40l or cd154), also reflects a link between thrombosis and inflammation. the cd40 ligand is a trimeric transmembrane protein of the tumor necrosis factor family and, with its receptor cd40, is an important contributor to the inflammatory process leading both to thrombosis and atherosclerosis. while many immunologic and vascular cells have been found to express cd40 and/ or cd40 ligand, in platelets, cd40 ligand is rapidly translocated to the surface after stimulation and is upregulated in the newly formed thrombus. the surface-expressed cd40 ligand is cleaved from the platelet to generate a soluble fragment (soluble cd40 ligand). links have also been established among platelets, infection, immu- nity, and inflammation.",1.0
,,,interpretation,ev_cbc_007918_249ab0a41c,,,Evidence,1529,CBC,,3.3,harrison.pdf,,,"certain particularly potent suppressants of t-cell immunity (e.g., antithymocyte globulin, alemtu- zumab) are associated with a high rate of clinical cmv syndromes. cmv may itself contribute to further t-lymphocyte hyporesponsive- ness, which often precedes superinfection with other opportunistic pathogens such as bacteria, molds, and pneumocystis. ■ ■pathology cytomegalic cells in vivo (presumed to be infected epithelial cells) are two to four times larger than surrounding cells and often contain an 8- to 10-μm intranuclear inclusion that is eccentrically placed and is surrounded by a clear halo, producing an “owl’s eye” appearance. smaller granular cytoplasmic inclusions are demonstrated occasion- ally. cytomegalic cells are found in a wide variety of organs, including the salivary gland, lung, liver, kidney, intestine, pancreas, adrenal gland, and central nervous system. the cellular inflammatory response to infection consists of plasma cells, lymphocytes, and monocyte-macrophages. granulomatous reac- tions occasionally develop, particularly in the liver. immunopatho- logic reactions may contribute to cmv disease. immune complexes have been detected in infected infants, sometimes in association with cmv-related glomerulopathies.",1.0
,,,cause,ev_cbc_011654_08649c5a64,,,Evidence,2406,CBC,,3.29,harrison.pdf,,,"etiologic factors include conditioning regimens, immunosuppression, infections, and graft-versus-host disease. other risk factors include female sex and human leukocyte antigen (hla)–mismatched donor grafts. hsct- tma usually occurs within the first 100 days of hsct. table 317-1 lists definitions of hsct-tma currently used for clinical trials. diagnosis may be difficult since thrombocytopenia, anemia, and renal binds to the glycolipid surface receptor globotriaosylceramide (gb3), which is richly expressed on cells of the renal microvasculature. upon binding, the toxin enters the cells, inducing inflammatory cytokines (interleukin 8 [il-8], monocyte chemotactic protein 1 [mcp-1], and stromal cell–derived factor 1 [sdf-1]) and chemokine receptors (cxcr4 and cxcr7); this action results in platelet aggregation and the microangiopathic process. certain strains produce a neuraminidase that cleaves the n-acetylneuraminic acid moieties normally covering the thomsen- friedenreich antigen on platelets and endothelial cells. exposure of this cryptic antigen to preformed igm results in severe maha. ahus or complement-mediated hus is the result of complement dysregulation. the complement dysregulation can be congenital or acquired.",1.0
,,,cause,ev_cbc_000317_d7275ade27,,,Evidence,170,CBC,,3.21,clinical_hematology.pdf,,,"cyclic neutropenia the incidence of inherited cyclic neutropenia is not known,17,21 nor is the etiology completely understood, although neutrophil elastase 19p13.3 mutations are associated with this disorder and have been hypothesized to cause neutrophil apoptosis and thus to initiate the cycling. clinically, neutrophil count oscillates predictably between very low or agranulocytic to low normal range; the average cycle length is 21 days with neutropenic duration of 3 to 6 days. the nadir neutrophil count can be zero or as low as 200/µl (0.2 × 109/l). platelet, reticulocyte, lymphocyte, and monocyte counts may also “counter-cycle” between normal to high range, either coinciding or not coinciding with the neutrophil cycles. serial bone marrow examinations will appear normal, when the neutrophil count is high, and show decreased myeloid precursors in the neutropenic phase. individuals with cyclic neutropenia may be asymptomatic during periods of normal neutrophil count, and may have fever, lymphadenopathy, mild skin infections, and/or oral mucosal ulcers during periods of neutropenia. mild skin infections and/or mouth ulcers are treated symptomatically.",0.95
,,,interpretation,ev_cbc_000446_90704a580b,,,Evidence,242,CBC,,3.54,clinical_hematology.pdf,,,"13.2): persisting leukocytosis without any obvious infective cause suggests a myeloproliferative neoplasm, prompting further examination of the blood and bone marrow. morphology and blood count will show either typical features of cml (basophilia being especially significant) or suggest other myeloproliferative neoplasms (high platelet counts, essential thrombocythemia; high red cell count, polycythemia vera; teardrop red cells, myelofibrosis).",0.95
basophilia,,,,condition:basophilia,,basophilia,Condition,,,,,,,,,
,,,cause,ev_cbc_004627_5e770f8dfc,,,Evidence,868,CBC,,2.95,harrison.pdf,,,"this allows many patients to undergo allogeneic sct in a state of minimal cml burden or second chronic phase, which are associated with higher probability of long-term survival. in cml nonlymphoid blastic phase, anti–acute myeloid leukemia chemotherapy combined with tkis results in cr rates of 30–50% and median survival times of 9–12 months (compared with his- torical response rates of 20–30% and median survival times of 3–5 months). in accelerated phase, response to single tkis is significant in conditions where “softer” accelerated phase criteria are consid- ered (e.g., clonal evolution alone, thrombocytosis alone, significant splenomegaly or resistance to hydroxyurea, but without evidence of high blast and basophil percentages). in accelerated phase, combi- nations frequently include tkis with low-intensity chemotherapy such as low-dose cytarabine, decitabine, interferon α, hydroxyurea, or others. other treatments and special therapeutic considerations interferon ` interferon α is considered in combination with tkis (an investigational approach), sometimes after cml failure on tkis, occasionally in patients during pregnancy, or as part of investigational strategies with tkis to eradicate residual molecular disease.",1.0
,,,definition,ev_cbc_000448_a9d89f0d45,,,Evidence,245,CBC,,2.69,clinical_hematology.pdf,,,"figure 13.4 course and clonal evolution of cml. accelerated phase ap is characterized by one or more of the following19 (table 13.1): clonal evolution by a further mutation. patients may acquire new chromosomal abnormalities such as a second ph chromosome. escape of the blood counts from treatment control. leukocytosis, basophilia, thrombocytosis, or thrombocytopenia in a patient previously well controlled with therapy. myelofibrosis with teardrop cells in the blood smear and increased marrow reticulin. chloromas in external soft tissues, the retroperitoneal spaces, paraspinal areas (leading to nerve root compression) and in intramedullary spaces. blastic phase signs and symptoms of acute leukemia: bone pains, weight loss, and b symptoms, increasing numbers of blasts in the blood and marrow.",0.95
,,,interpretation,ev_cbc_004595_333ac62b48,,,Evidence,862,CBC,,2.56,harrison.pdf,,,"high basophil counts may be associated with histamine overproduction causing pruritus, diarrhea, flushing, and even gastrointestinal ulcers. hematologic and marrow findings in untreated cml, leuko- cytosis ranging from 10–500 × 109/l is common. the peripheral blood differential shows left-shifted hematopoiesis with predominance of neutrophils and the presence of bands, myelocytes, metamyelocytes, promyelocytes, and blasts (usually ≤5%).",1.0
,,,cause,ev_cbc_011872_4d0f4d8e56,,,Evidence,2482,CBC,,2.52,harrison.pdf,,,"table 324-1 causes of ulcers not caused by helicobacter pylori and nsaids pathogenesis of non-hp and non-nsaid ulcer disease infection cytomegalovirus herpes simplex virus helicobacter heilmannii drug/toxin bisphosphonates chemotherapy clopidogrel crack cocaine glucocorticoids (when combined with nsaids) mycophenolate mofetil potassium chloride miscellaneous basophilia in myeloproliferative disease duodenal obstruction (e.g., annular pancreas) infiltrating disease ischemia radiation therapy eosinophilic infiltration sarcoidosis crohn’s disease idiopathic hypersecretory state abbreviations: hp, h.",1.0
,,,general,ev_cbc_000444_013bbfdead,,,Evidence,241,CBC,,2.38,clinical_hematology.pdf,,,"blood film blood film is of great diagnostic value, because many of the typical features of cml are unique—a left shift with circulating myeloblasts, myelocytes, metamyelocytes, and band forms. the hallmark of cml is basophilia with basophil counts often exceeding 1 × 109/l. sustained basophilia is almost never encountered outside cml and some cases of mastocytosis. eosinophilia and occasional nucleated red blood cells are also common findings. platelet morphology is usually normal but giant forms can be seen. bone marrow the aspirate shows cellular spicules and the biopsy is hypercellular with almost complete effacement of the fat spaces. there is granulocytic hyperplasia of the neutrophil, eosinophil, and basophil series. megakaryocytes are normal or increased and may show reduced numbers of nuclei. sea-blue histiocytes are commonly seen in cml marrows. fibrosis of the marrow is a feature of accelerated phase cml, as is an increase in blasts over 10%. chromosome analysis the typical karyotype of cml shows the reciprocal translocation t(9;22)(q34;q11) (fig.",0.95
,,,interpretation,ev_cbc_000996_1840e00162,,,Evidence,551,CBC,,3.35,clinical_hematology.pdf,,,"table 26.9 diseases commonly associated with eosinophilia infectious (helminth, protozoa, fungi, hiv, htlv-1) allergic diseases (asthma, atopic dermatitis, allergic rhinitis, urticarias, allergic drug reactions) respiratory tract disorders (hypersensitivity pneumonitis, loeffler’s syndrome, allergic bronchopulmonary aspergillosis, tropical pulmonary eosinophilia) endocrinologic disorders (addison’s disease) gastrointestinal disorders (inflammatory bowel disease, eosinophilic gastroenteritis) cutaneous and subcutaneous disorders (atopic dermatitis, eosinophilic cellulitis, scabies, episodic angioedema with eosinophilia, chronic idiopathic urticaria, recurrent granulomatous dermatitis, eosinophilic fasciitis) immunodeficiency syndromes connective tissue disease (churg-strauss and cutaneous necrotizing eosinophilic vasculitis) neoplastic (lymphomas,t-all,t-cell lymphoproliferative disorders, solid tumors) myeloid leukemias and myeloproliferative disorders (acute eosinophilic leukemia, myelomonocytic leukemia with eosinophilia, chronic myelomonocytic leukemia with eosinophilia, chronic myeloid leukemia) idiopathic hypereosinophilic syndrome cytokines (il-2, gm-csf) l-tryptophan and toxic oil syndrome gm-csf, granulocyte macrophage colony-stimulating factor; hiv, human immunodeficiency virus; htlv-1, human t-cell leukemia virus; il-2, interleukin 2;t-all,t-cell acute lymphoblastic leukemia.",0.95
,,,interpretation,ev_cbc_004845_4d1d980e94,,,Evidence,918,CBC,,3.31,harrison.pdf,,,"it is frequently associated with autoimmune diseases, especially rheumatoid arthritis. its most distinctive symptom is palatal edema, resulting from involve- ment of nodes in waldeyer’s ring, and this may progress to produce respiratory compromise. the diagnosis depends on the demonstra- tion of an anomalous serum m component (often <20 g/l [<2 g/dl]) that reacts with anti-igg but not anti–light chain reagents. the m component is typically present in both serum and urine. most of the paraproteins have been of the γ1 subclass, but other subclasses have been seen. the patients may have thrombocytopenia, eosinophilia, and nondiagnostic bone marrow that may show increased numbers of lymphocytes or plasma cells that do not stain for light chain.",1.0
,,,interpretation,ev_cbc_011187_75ba864996,,,Evidence,2322,CBC,,3.25,harrison.pdf,,,"acute allergic and immune interstitial nephritis acute allergic or immune interstitial nephritis (ain) usually occurs 1 day to 2 weeks following exposure to an offending drug and may be associated with a rapid and potentially reversible loss of kidney function, which may occur in the setting of a change in dose or the restarting of a pre- viously used medication. associated glomerular proteinuria sometimes occurs with the use of nonsteroidal anti-inflammatory drugs (nsaids) or ampicillin. clinically, there may be fever, rash, and eosinophilia; the last is typical for certain penicillins, fluoroquinolones, and some biologic cancer drugs that act as checkpoint inhibitors (cpis) but is atypical for nsaids. patients who recover from cpi-induced acute kidney injury (aki) may be restarted on the inhibitor. the urinalysis usually shows pyuria and at times eosinophiluria, but the most characteristic cell types are activated t lymphocytes and plasma cells, along with some white blood cell casts. a cyto-centrifuged specimen containing the sediment within a small tube mounted per- pendicular to the slide, then stained with giemsa, best demonstrates these cell types.",1.0
,,,interpretation,ev_cbc_004311_8838d443b7,,,Evidence,821,CBC,,3.31,harrison.pdf,,,"dehydrated stomatocytosis (dhs; also referred to as xerocytosis) is a (usually compensated) macrocytic hemolytic disorder, with increased mchc (generally higher than 36 g/dl) associated with mild jaundice. mutations in either piezo1, encoding an ion channel activated by",1.0
,,,interpretation,ev_cbc_002964_62f719a591,,,Evidence,473,CBC,,2.7,harrison.pdf,,,"microcytosis is reflected by a lower than normal mcv (<80), whereas high values (>100) reflect macrocytosis. the mchc reflects defects in hemoglobin synthesis (hypochromia). auto- mated cell counters describe the red cell volume distribution width (rdw). the mcv (representing the peak of the distribution curve)",1.0
,,,interpretation,ev_cbc_004305_6a494a40bb,,,Evidence,820,CBC,,2.7,harrison.pdf,,,an increased mean corpuscular hemoglobin concentration (mchc >34) and increased red cell distribution width (rdw >14%) associated with normal or slightly decreased mcv on an ordinary blood count report should raise the suspicion of hs. the spleen plays a key role in hs through a dual mechanism.,1.0
,,,general,ev_cbc_001021_42eb41c356,,,Evidence,560,CBC,,1.89,clinical_hematology.pdf,,,"reproducible assays than the hematocrit when measured from an automated counter. the mcv is of great clinical utility in evaluating anemia according to red cell size (macrocytic, microcytic, and normocytic anemias), while the rbc count is useful in comparison of iron deficiency and thalassemia. the mch, which represents the average total hemoglobin content of the red cells, is highly dependent on cell size, while the mchc represents the average total hemoglobin concentration or degree of “redness” of the red cells.",0.95
,,,general,ev_cbc_002961_a3d6c5db9b,,,Evidence,473,CBC,,1.85,harrison.pdf,,,"splenomegaly and lymphadenopathy sug- gest an underlying lymphoproliferative disease, whereas petechiae suggest platelet dysfunction. past laboratory measurements are helpful to determine a time of onset. in the anemic patient, physical examination may demonstrate a forceful heartbeat, strong peripheral pulses, and a systolic “flow” murmur. the skin and mucous membranes may be pale if the hemoglobin is <8–10 g/dl (80–100 g/l). this part of the physical examination should focus on areas where vessels are close to the surface such as the mucous membranes, nail beds, and palmar creases. if the palmar creases are lighter in color than the surround- ing skin when the hand is hyperextended, the hemoglobin level is usually <8 g/dl (80 g/l). laboratory evaluation table 63-1 lists the tests used in the initial workup of anemia. a routine complete blood count (cbc) is required as part of the evaluation and includes the hemoglobin, hematocrit, and red cell indices: the mean cell volume (mcv) in femtoliters, mean cell hemoglobin (mch) in picograms per cell, and mean concentration of hemoglobin per volume of red cells (mchc) in grams per liter (non-si: grams per deciliter).",1.0
,,,,source:henry_pdf,pdf_book,henry.pdf,Source,,,,,,,,,
,,,interpretation,ev_biochem_000302_25a8501728,,,Evidence,278,BIOCHEM,,3.546,henry.pdf,,,"however, the criteria need to reflect the relatively large confidence intervals associated with a small number of observations. table 10-5 -- example of empirical acceptance criteria for deming regression parameters for agreement between results for approximately 10 patients' samples analyte slope (difference from 1.0) y-intercept (±) albumin 5% 0.3 g/dl alp 6% 20 u/l alt 6% 10 u/l amylase 6% 20 u/l ast 6% 10 u/l bilirubin, total 7% 0.2 mg/dl calcium, total 10% 1 mg/dl chloride 10% 15 mmol/l cholesterol 3% 10 mg/dl ck 6% 25 u/l co2 10% 3 mmol/l creatinine 5% 0.15 mg/dl ggt* 6% 10 u/l glucose 5% 5 mg/dl iron 5% 7 µg/dl lactate 5% 0.3 mg/dl ld 6% 25 u/l magnesium 10% 0.2 mg/dl phosphorus 5% 0.4 mg/dl potassium 6% 0.3 mmol/l protein, total 5% 0.3 g/dl",0.98
,,,interpretation,ev_biochem_000421_2772830193,,,Evidence,405,BIOCHEM,,3.546,henry.pdf,,,"the consumption of nadh, measured as decrease in absorbance at 340 nm, then measures the concentration of creatinine. creatinine can also be measured by converting creatinine to creatine by creatinine amidohydrolase. creatine is then hydrolysed by imidinohydrolase and sarcosine oxidase to produce hydrogen peroxide. in the presence of horseradish peroxidase, 2,4-dichlorophenolsulfonate is converted to a colorless polymer by hydrogen peroxide, and the concentration of the polymer is then measured at 510 nm. several substances such as ketones, glucose, fructose, protein, urea and ascorbic acid also react with picrate, and falsely increase creatinine concentration ( spencer, 1986 ; weber, 1991 ; kroll, 1983 ;",0.98
,,,interpretation,ev_biochem_000471_5895dac0f6,,,Evidence,418,BIOCHEM,,3.546,henry.pdf,,,"superacute development of hypokalemia usually suggests intracellular shift as the mechanism. the most common cause of extrarenal loss is diarrhea, which can be suspected by history and a low or negative urine anion gap (urine na+ + k+ - urine cl-); the normal urine anion gap is about 40 mmol/24 hours. intracellular shift is suggested by the history and clinical findings. if urinary excretion is normal or increased (urine k+ > 30 meq/day or 0.02 meq/mg of creatinine), the cause is renal loss. once a renal cause is suspected, the next step should be the measurement of pra and plasma aldosterone. high pra and high aldosterone suggest secondary hyperaldosteronism, which includes diuretic therapy, renal artery stenosis, malignant hypertension, renin-producing tumors, and hereditary defects in renal salt transport (bartter's syndrome and gitelman's syndrome). blood pressure would be normal in subjects with bartter's syndrome or gitelman's syndrome, and a normotensive person on diuretic",0.98
,,,interpretation,ev_biochem_000578_8397036c88,,,Evidence,453,BIOCHEM,,3.546,henry.pdf,,,"rutishauser j, kopp p, gaskill mb, et al: a novel mutation (r97c) in the neurophysin moiety of prepro-vasopressin-neurophysin ii associated with autosomal-dominant neurohypophyseal diabetes insipidus. saaresranta t, polo-kantola p, irjala k, et al: respiratory insufficiency in postmenopausal women: sustained improvement of gas exchange with short-term medroxyprogesterone acetate. sands jm, kokko jp: current concepts of the countercurrent multiplication system. schmidt-nielsen b: excretion in mammals: role of the renal pelvis in the modification of the urinary concentration and composition. schoenmakers ch, kuller t, lindemans j, blijenberg bg: automated enzymatic methods for creatinine measurement with special attention to bilirubin interference. schrier rw, berl t, anderson rj: osmotic and nonosmotic control of vasopressin release.",0.98
,,,interpretation,ev_biochem_001873_e8f4c9f504,,,Evidence,1137,BIOCHEM,,3.546,henry.pdf,,,"xanthine stones are uncommon and may be associated with a genetic disorder with an absence of xanthine oxidase. laboratory tests used to investigate stone formers urine examinations 1. routine urinalysis, qualitative test for cystine, and urine culture. hematuria is a constant finding when stones are present, even when they are asymptomatic. proteinuria is usually not a feature of calculous disease, but with renal tubular damage there may be increased excretion of low- molecular-weight plasma proteins such as ß2-microglobulin, and some albumin. erythrocyte casts are usually not found, and other casts are unusual. leukocytes are increased when infection is present, and the reagent strip nitrite and leukocyte esterase may be elevated. multiple clusters of nonmalignant transitional cells may be found in urine of patients with calculous disease and may be helpful in the diagnosis of unsuspected calculi. twenty-four hour urine specimen: sodium, calcium, phosphorus, uric acid, oxalate, and creatinine clearance. supersaturation values from 24-hour urine collections have been shown to accurately reflect stone compositions ( asplin, 1998 ).",0.98
gout_risk,,,,condition:gout_risk,,gout_risk,Condition,,,,,,,,,
,,,,source:tietz_pdf,pdf_book,tietz.pdf,Source,,,,,,,,,
,,,interpretation,ev_biochem_005065_b75377c30c,,,Evidence,381,BIOCHEM,,3.546,tietz.pdf,,,"363 chapter 21 kidney function tests most commonly, proteinuria reflects albuminuria and it is suggested that urinary total protein measurement can be replaced by urine albumin measurement. strong evidence has linked increased urinary albumin loss to mortality and morbidity, including kidney disease progression, in people both with and without diabetes: albuminuria is generally held to be a more sensitive indicator of kidney disease than increased total protein loss.",0.98
,,,interpretation,ev_biochem_000027_bf54a461d3,,,Evidence,74,BIOCHEM,,3.546,henry.pdf,,,"long-term effects of exercise may increase ck, aldolase, ast, and ld values. chronic aerobic exercise is associated with lower plasma concentration of muscle enzymes such as ck, ast, alt and ldh. decreased levels of serum gonadotropin and sex steroid concentrations are seen in long-distance athletes while prolactin levels are elevated ( dufour, 2003 ). an individual's diet can greatly affect laboratory test results. glucose and triglycerides, absorbed from food, increase after eating ( dufour, 2003 ). after 48 hours of fasting, serum bilirubin concentrations may increase. fasting 72 hours decreases plasma glucose levels in healthy women to 45 mg/dl (2.5 mmol/l), while men show an increase in plasma triglycerides, glycerol, and free fatty acids, with no significant change in plasma cholesterol. when determining blood constituents such as glucose, triglycerides, cholesterol, and electrolytes, collection should be in the basal state ( garza, 1989 ). eating a meal, depending on fat content, may elevate plasma potassium, triglycerides, alkaline phosphatase and indoleacetic acid (5-hiaa).",0.98
,,,interpretation,ev_biochem_000030_f12bd8ac56,,,Evidence,75,BIOCHEM,,3.546,henry.pdf,,,"elevated high-density lipoprotein (hdl) cholesterol, -glutamyl transferase (ggt), urate, and mean corpuscular volume (mcv) have been associated with chronic alcohol abuse. serum concentrations of cholesterol, triglycerides, and apob lipoproteins are correlated with obesity. serum lactate dehydrogenase activity, cortisol production, and glucose increase in obesity. plasma insulin concentration is also increased, but glucose tolerance is impaired. in obese men, testosterone concentration is reduced ( young, 2001 ). tobacco smokers have high blood carboxyhemoglobin levels, plasma catecholamines, and serum cortisol. changes in these hormones often result in decreased numbers of eosinophils, while neutrophils, monocytes, and plasma fatty free acids increase. chronic effects of smoking lead to increased hemoglobin concentration, erythrocyte counts (rbcs), mcv, and increased leukocyte counts (wbc). increased plasma levels of lactate, insulin, epinephrine, growth hormone and urinary secretion of 5- hydroxyindoleacetic acid are also seen. vitamin b12 levels may be substantially decreased and have been reported to be inversely proportional to serum thiocyanate levels. immunoglobulins iga, igg and igm are lower in smokers and ige levels are higher.",0.98
,,,interpretation,ev_biochem_000751_d755929a53,,,Evidence,517,BIOCHEM,,3.546,henry.pdf,,,"the metabolic syndrome is associated with an increased risk of cardiovascular disease and of developing diabetes. the criteria defining the metabolic syndrome according to the third report of the national cholesterol education program expert panel on detection, evaluation and treatment of high blood cholesterol in adults are the presence of three or more of the following: (1) impaired fasting glucose, (2) blood pressure = 130/85 mmhg, (3) waist circumference > 102 cm in men and > 88 cm in women, (4) serum triglycerides = 150 mg/dl (1.695 mmol/l), and (5) hdl-cholesterol < 40 mg/dl (1.036 mmol/l) in men and < 50 mg/dl (1.295 mmol/l) in women. most commonly, these individuals are insulin resistant and have smaller, denser, more atherogenic ldl- cholesterol particles. the classification of diabetes was revised in 1997, and is shown in table 16-3 with recent minor modifications ( american diabetes association, 2004a ). the most common forms of diabetes are type 1",0.98
,,,interpretation,ev_biochem_001176_b2fbca24c5,,,Evidence,713,BIOCHEM,,3.316,henry.pdf,,,"on the other hand, if ast and alt are elevated but ld is only slightly elevated, this suggests damage to liver, which has a low ld/ast ratio. table 20-6 -- relative amounts of enzymes in various organs (relative to serum)[*] ast[†] alt ld ck liver 7000 3000 700 kidney 4500 1200 500 10 brain 1700 spleen 700 150 heart 8000 500 600 5000–8000 skeletal muscle 5000 300 700 20 000–30 000 smooth muscle 300–600 red cells 15 7 500 0 ast = aspartate transaminase; alt = alanine aminotransferase; ld = lactate dehydrogenase; ck = creatine kinase. * relative amount is calculated by dividing the activity of enzyme in tissue (in iu/kg of tissue) by the upper reference limit of plasma activity of the enzyme (in iu/l), assuming that 1 l of plasma = 1 kg. since the data are from multiple publications, the relative amounts between enzymes may be approximate, but the relative amount of a single enzyme in each tissue is accurate.",0.98
,,,interpretation,ev_biochem_001199_5d0a0647fd,,,Evidence,724,BIOCHEM,,3.306,henry.pdf,,,"if ld is markedly elevated, but ast, alt, and ck are normal or minimally increased, this suggests damage to cells such as red or white blood cells, kidney, lung, lymph nodes, or tumors. increases in both ck and ld, with greater increases in ast than alt, occur with cardiac or skeletal muscle injury. increases in ld are uncommon in liver disease, usually occurring only transiently with toxic or ischemic liver injury ( cassidy, 1994 ); in such cases, ast and alt are typically increased more than ld.",0.98
,,,cause,ev_biochem_000040_31457926e4,,,Evidence,79,BIOCHEM,,3.296,henry.pdf,,,"table 3-3 shows changes in serum concentration (or activities) of selected constituents due to lysis of erythrocytes. table 3-3 -- changes in serum concentration (or activities) of selected constituents due to lysis of erythrocytes (rbc) constituent ratio of concentration (or activity) in rbc to concentration (or activity) in serum change of concentration (or activity) in serum after lysis of 1% rbc, assuming a hematocrit of 0.50 (%) lactate dehydrogenase 160:1 +272.0 aspartate aminotransferase (ast) 40:1 +220.0 potassium 23:1 +24.4 alanine aminotransferase (alt) 6.7:1 +55.0 glucose 0.82:1 –5.0 inorganic phosphate 0.78:1 +9.1 sodium 0.11:1 –1.0 calcium 0.10:1 +2.9 modified from caraway wt, kammeyer cw: chemical interference by drug and other substances with clinical laboratory test procedures. clin chem acta 1972; 41:395; and laessig rh, hassermer dj, paskay ta, et al: the effects of 0.1 and 1.0 percent erythrocytes and hemolysis on serum chemistry values.",0.98
,,,cause,ev_biochem_001328_be0a7b43d3,,,Evidence,773,BIOCHEM,,3.276,henry.pdf,,,"perhaps the failure of the liver to clear aldosterone from the circulation results in the observed high levels of this hormone diagnostic laboratory findings for fulminant hepatic failure are rapid increases in serum levels of the aminotransferases to markedly elevated levels, such that ast, which can reach levels of over 20 000 iu/l, is at least 1.5 times greater in value than alt. while these enzymes rise in value, the total protein and albumin become markedly depressed. overall, this pattern resembles hepatitis and end-stage cirrhosis combined except that usually in acute hepatitis, save alcoholic hepatitis, ast and alt rise in a ratio of about 1:1 or in a ratio that favors alt. shortly after these patterns occur, serum ammonia increases rapidly, leading to encephalopathy. ld, alkaline phosphatase and bilirubin all increase markedly. all of the changes described previously occur over a period of about 1 week. after another week, the serum ast and alt return to low, sometimes undetectable, levels.",0.98
,,,interpretation,ev_biochem_004919_abf668dc69,,,Evidence,324,BIOCHEM,,3.546,tietz.pdf,,,"this reflects fluid positive acute phase response c-reactive protein (extreme) serum amyloid a (extreme) α1-acid glycoprotein α1-antitrypsin α1-antichymotrypsin antithrombin iii c3, c4, and c9 c1 inhibitor c4b-binding protein ceruloplasmin factor b ferritin fibrinogen haptoglobin hemopexin lipopolysaccharide-binding protein mannan-binding protein (lectin) plasminogen procalcitonin negative acute phase response albumin apolipoprotein a-i apolipoprotein b α2-hs glycoprotein insulin-like growth factor i prealbumin retinol-binding protein thyroxine-binding globulin transferrin box 18.1 acute phase response: changes in plasma protein concentrations data from craig, w. scarborough, me: foun- dation for blood research; gabay, c., kushner, i. acute- phase proteins and other systemic responses to inflammation. new england journal of medicine, 340, 448–454; and vollmer, t., piper, c., kleesiek, k., dreier, j. lipopolysaccharide-binding protein: a new biomarker for infectious endocarditis?",0.98
,,,interpretation,ev_biochem_006146_8a2b4b94c4,,,Evidence,688,BIOCHEM,,3.546,tietz.pdf,,,"diuretics diuretics are predominantly prescribed to treat either hyper- tension and/or disorders associated with fluid overload. all diuretics act by interfering with tubular reabsorption of sodium and/or chloride and therefore have accompanying effects on water retention. different classes of diuretics act at different sites along the nephron. classes include (1) loop, (2) thiazide, and (3) “potassium-sparing” diuretics. many diuret- ics will cause hypokalemia to some degree, depending on the (1) potency, (2) dose, (3) duration of treatment, and (4) patient’s underlying potassium balance. diabetes insipidus diabetes insipidus (di) is a disorder in which there is an abnormal increase in urine output, fluid intake, and often thirst.",0.98
,,,interpretation,ev_biochem_001359_ff87fef76c,,,Evidence,793,BIOCHEM,,3.546,henry.pdf,,,"in these patients, the electrolyte values would remain unchanged, whereas normal controls would show a decrease in sweat electrolytes. sodium concentrations in sweat tend to be slightly lower than those of chloride in patients with cystic fibrosis, but the reverse is true in normal subjects. sweat chloride concentrations of more than 60 mmol/l may be found in some patients with malnutrition, hyperhidrotic ectodermal dysplasia, nephrogenic diabetes insipidus, renal insufficiency, glucose-6-phosphatase deficiency, hypothyroidism, mucopolysaccharidosis, and fucosidosis. these disorders are usually easily differentiated from cystic fibrosis by their clinical symptoms. false-negative sweat test results have been seen in patients with cystic fibrosis in the presence of hypoproteinemic edema. sweat electrolytes in about half of a group of premenopausal adult women were shown to undergo cyclic fluctuation, reaching a peak chloride concentration most commonly 5-10 days prior to the onset of menses. men showed random fluctuations up to 70 meq/l. for this reason, interpretation of sweat electrolyte values in adults must be approached with caution.",0.98
,,,interpretation,ev_biochem_005749_ae54fa7a72,,,Evidence,582,BIOCHEM,,3.546,tietz.pdf,,,"toxic syndromes toxic syndromes (toxidromes) are clinical syndromes that are essential for the successful recognition of poisoning patterns and are a constellation of clinical signs and symp- toms that suggests a specific class of poisoning. the most table 31.1 antidote or specific treatment for intoxication toxin potential antidote/treatment acetaminophen n-acetylcysteine aluminum deferoxamine anticholinergics physostigmine arsenic dmsa, bal barbiturates multiple-dose oral activated char- coal, sodium bicarbonate benzodiazepines flumazenil β-adrenergic blockers calcium, glucagon, high-dose insulin calcium channel blockers calcium, glucagon, high-dose insulin carbamates atropine carbamazepine multiple-dose oral activated char- coal, extracorporeal techniques cardiac glycosides antidigoxin fab fragments carbon monoxide oxygen (normobaric or hyperbaric) copper d-penicillamine cyanide hydroxocobalamin, nitrites, thio- sulfate ethylene glycol fomepizole (4-methylpyrazole), ethanol, hemodialysis heparin protamine sulfate iron desferoxamine isoniazid pyridoxine lead edta, bal, dmsa, d-penicillamine mercury bal, dmsa, d-penicillamine methanol fomepizole (4-methylpyrazole) or ethanol, hemodialysis methemoglobin methylene blue, vitamin c methotrexate leucovorin opioids naloxone organophosphates atropine, pralidoxime sulfonylureas glucose, octreotide salicylates sodium bicarbonate, hemodialysis tricyclic antidepres- sants sodium bicarbonate theophylline multiple-dose oral activated char- coal, extracorporeal techniques tpa, streptokinase, urokinase aminocaproic acid warfarin phylloquinone (vitamin k1), plasma bal, dimercaprol; dmsa, 2,3-dimercaptosuccinic acid.",0.98
,,,interpretation,ev_biochem_006845_da6ad1299a,,,Evidence,883,BIOCHEM,,3.546,tietz.pdf,,,"conditions associated with hydramnios include (1) maternal diabetes mellitus, (2) severe rh isoimmune disease, (3) fetal esophageal atresia, (4) multifetal pregnancy, (5) anencephaly, and (6) spina bifida. composition early in gestation, the composition of the amniotic fluid resem- bles a complex dialysate of the maternal serum. as a fetus grows, the amniotic fluid changes in several ways (table 44.1). most notably, the sodium concentration and osmolality decrease and concentrations of urea, creatinine, and uric acid increase. the activities of many enzymes in amniotic fluid have been studied with respect to both gestational age and fetal status, but have not been found to be clinically useful. the major lipids of inter- est are the phospholipids (pl), whose type and concentrations reflect fetal lung maturity (flm) (discussed in more detail later). numerous steroid and protein hormones are also pres- ent in amniotic fluid. the rare syndrome of congenital adrenal hyperplasia (cah) has been diagnosed antenatally by measur- ing 17-hydroxyprogesterone and pregnanetriol in the amniotic fluid near term.",0.98
,,,interpretation,ev_biochem_000034_008a94ced4,,,Evidence,76,BIOCHEM,,3.546,henry.pdf,,,"the increase in cholesterol seen in postmenopausal women has been attributed to the decrease in estrogen levels. uric acid levels peak in men in their 20 s but do not peak in women until middle age. the elderly secrete less triiodothyronine, parathyroid hormone, aldosterone, and cortisol.",0.98
,,,interpretation,ev_biochem_000962_b8c2d0ecab,,,Evidence,588,BIOCHEM,,3.546,henry.pdf,,,"although cholesterol levels may be within the ‘normal’ range, treatment is often directed at ldl-c, because diabetes is viewed as a chd risk equivalent, and thus is associated with a lower than ‘normal’ target cholesterol value ( table 17-11 ). familial hypertriglyceridemia occurs along with other lipoprotein abnormalities as part of a number of familial hyperlipidemia syndromes. isolated hypertriglyceridemia (or type 4 hyperlipidemia) is a relatively common autosomal dominant disorder, affecting approximately 1:300 to 1:50 people in the us, depending upon the criteria used for diagnosis. the disorder usually presents in adulthood with fasting triglyceride levels in the 200-500 mg/dl range. the pathophysiology remains elusive, but vldl triglyceride production is increased in the setting of normal apob production, resulting in the formation of ‘fluffy,’ triglyceride-rich vldl particles.",0.98
,,,interpretation,ev_biochem_000992_ef3b3a084d,,,Evidence,599,BIOCHEM,,3.546,henry.pdf,,,"• the clinical laboratory also measures risk factors associated with the development and progression of chd. significant laboratory markers of risk include lipids (cholesterol, triglycerides, and specific lipoprotein fractions – see ch. 17 ), homocysteine (hcy), and c-reactive protein (crp). hcy is an amino acid that exacerbates thrombosis. crp is an inflammatory marker that appears to reflect the severity of chd and may contribute to its pathogenesis. • chd and other heart diseases can impair the heart's ability to pump blood, causing the clinical syndrome of heart failure (hf). b-type natriuretic peptide (bnp), a 32-amino-acid peptide secreted by the cardiac ventricles in response to wall-stretch stimuli, is a marker of the presence and severity of hf. bnp testing is particularly useful for aiding the differential diagnosis of patients who present to an emergency department with shortness of breath.",0.98
,,,interpretation,ev_biochem_005330_88ec6c0cbd,,,Evidence,433,BIOCHEM,,3.546,tietz.pdf,,,"high-density lipoprotein cholesterol the concentration of cholesterol associated with hdl is determined after the non-hdl lipoproteins are physically removed or effectively masked. traditionally, non-hdl lipoproteins—vldl, idl, lp(a), ldl, and chylomicrons—were precipitated with polyanions. polyanions react with positively charged groups on lipoproteins, and this interaction is further facilitated in the presence of diva- lent cations, such as magnesium, to create a precipitate. the pre- cipitate is removed by centrifuging for at least 45,000 g-minutes, and cholesterol is measured enzymatically in the supernatant. several polyanion-divalent cation combinations have been used, including (1) heparin sulfate–mncl2, (2) dextran sulfate–mgcl2, and (3) phosphotungstate-mgcl2. hdl-c assays are considered inaccurate in samples containing triglyceride concentrations greater than 400 mg/dl (4.52 mmol/l). direct hdl-c assays, also known as homogeneous assays, are most commonly used to measure hdl-c.",0.98
,,,interpretation,ev_biochem_005799_58f616b041,,,Evidence,610,BIOCHEM,,3.516,tietz.pdf,,,"clinical guide- lines published in 2006 suggest that patients with no signs or symptoms of osteomalacia or encephalopathy are likely to have serum al concentrations less than 20 μg/l (0.74 μmol/l) and intact parathyroid hormone (pth) concentrations of 150 to 300 ng/l (16.5 to 33 nmol/l), typical for secondary hyperparathyroidism associated with renal failure. patients with signs and symptoms of osteomalacia or encephalopa- thy typically have serum al concentrations greater than 60 μg/l (2.2 μmol/l) and pth concentrations less than 65 ng/l (7.15 nmol/l), indicative of al-related bone disease. patients with serum al concentrations greater than 20 and less than 60 μg/l (>0.7 and <2.2 μmol/l) were identified as candidates for likely onset of al-related bone disease. these patients required aggressive efforts to reduce their daily al exposure, including (1) switching from al-containing phosphate bind- ers to calcium-containing phosphate binders, (2) ensuring that dialysis water contains less than 10 μg/l (0.4 μmol/l) of al, and (3) ensuring that albumin used during postdialysis therapy is al-free.",0.98
,,,interpretation,ev_biochem_006568_c8bed9a9d2,,,Evidence,777,BIOCHEM,,3.516,tietz.pdf,,,"50 reference interval limit of detection hypoparathyroidism healthy primary hyperparathyroidism hypercalcemia associated with malignancy hypoparathyroidism healthy primary hyperparathyroidism hypercalcemia associated with malignancy midregion pth [pg/ml of hpth (44-68)] 100 150 200 500 midregion pth coexisting primary hyperparathyroidism and malignancy (serum creatinine ⫽ 2.6 mg/dl [230 µmol/l]) 650 582 a 50 reference interval limit of detection intact pth [pg/ml of hpth (1-84)] 100 150 200 500 intact pth coexisting primary hyperparathyroidism and malignancy 968 634 b fig. 39.6 parathyroid hormone (pth) in healthy individuals and patients with primary hyperparathyroidism, hypercalcemia-associated malignancy, and hypoparathyroidism. pth was measured with immunoassay for its mid-region (a) and for intact pth (b). endocrinol metab clin north am, 18, 611–629.) parathyroid hormone • several assays exist for the measurement of pth. cross reactivity with pth metabolites and standardization remains a current problem resulting in significant variation in values obtained particularly in ckd. • measurement of intact pth is pivotal in the differential diagnosis of calcium disorders. • surgical removal of the parathyroid glands is the common- est cause of hypoparathyroidism.",0.98
,,,interpretation,ev_biochem_006105_7278818e38,,,Evidence,680,BIOCHEM,,3.366,tietz.pdf,,,"low cholesterol is associated with increased mortality in dialysis patients, likely reflecting coin- cident inflammation and malnutrition (“reverse causality”). although there are no data to suggest that statins are of bene- fit in patients receiving dialysis, the study of heart and renal protection (sharp) evaluated the use of cholesterol lowering with simvastatin and ezetimibe in 9000 patients (including 3000 dialysis patients) and demonstrated significant reduc- tions in stroke and arterial revascularization in the treated patients followed for a median of 4.9 years. disturbances in calcium and phosphorus metabolism and bone disease in chronic kidney disease. bone disease as a consequence of ckd has long been recognized. as gfr declines, renal activation of vitamin d decreases and plasma phosphate concentration rises, resulting in reduced ionized calcium. 35.5 trends in (a) esrd incident cases, in thousands, and (b) adjusted* esrd incidence rate, per million/year, by primary cause of esrd, in the us population, 1980–2012. (from us renal data system, 2014 usrds annual data report.",0.98
,,,interpretation,ev_biochem_000942_fe4f8a3639,,,Evidence,579,BIOCHEM,,3.536,henry.pdf,,,"factors associated with a high triglyceride level include obesity, physical inactivity, cigarette smoking, excess alcohol intake, high carbohydrate diets (> 60% of energy intake), several diseases (e.g., type 2 diabetes, chronic renal failure, nephritic syndrome), certain drugs (e.g., corticosteroids, estrogens, retinoids, higher doses of ß-adrenergic blocking agents) and genetic disorders (familial combined hyperlipidemia, familial hypertriglyceridemia, and familial dysbetalipoproteinemia). in persons with elevated triglycerides, the primary aim of therapy is to achieve the target for ldl-c. in the fasting state most circulating triglyceride is in vldl remnant lipoproteins, so non-hdl cholesterol (tc - hdl cholesterol) can be used as a secondary target for therapy. non-hdl cholesterol includes all apob-containing lipoproteins, but in the fasting state provides a combined assessment of ldl-c and vldl-c. treatment plans for hypertriglyceridemia emphasize weight reduction and increased physical activity with borderline high elevations, but include ldl-lowering medications, and triglyceride-lowering drugs (nicotinic acid or fibrate) at higher levels. in rare patients with very high triglyceride levels (> 500 mg/dl) the initial aim of therapy is to prevent acute pancreatitis.",0.98
,,,interpretation,ev_biochem_005304_eabec7c6b1,,,Evidence,428,BIOCHEM,,3.316,tietz.pdf,,,"this is based on clinical evidence of existing chd or the presence of conditions that are closely associated with chd, such as (1) symptomatic carotid artery disease, (2) peripheral vascular disease, and (3) abdominal aortic aneurysm, which are called chd risk equivalents. risk assessment for chd is also based on the presence of known risk factors for chd, such as (1) hypertension, (2) smoking, and (3) family history (box 23.1). therapeutic lifestyle changes (box 23.2) serve as the cor- nerstone of therapy for lipid disorders. the concentration of ldl-c is used both to decide the most appropriate ther- apy and to monitor the effectiveness of treatment. adult ahdl cholesterol ≥60 mg/dl counts as a “negative” risk factor; its presence removes one risk factor from the total count. • diet • saturated fat <7% of calories, cholesterol <200 mg/day • consider increased viscous (soluble) fiber (10–25 g/day) and plant stanols/sterols (2 g/day) as therapeutic options to enhance ldl lowering • weight management • increased physical activity box 23.2 therapeutic lifestyle changes for the prevention of coronary heart disease modified from expert panel on detection, evaluation, and treatment of high blood cholesterol in adults.",0.98
,,,interpretation,ev_biochem_002991_00153d6959,,,Evidence,2086,BIOCHEM,,3.306,henry.pdf,,,"johnson wj, kyle ra, pineda aa, et al: treatment of renal failure associated with multiple myeloma. joos k, herzog r, einsele h, et al: characterization and functional analysis of granulocyte concentrates collected from donors after repeated g-csf stimulation. jovin is, taborski u, muller-berghaus g: comparing low-density lipoprotein apheresis procedures: difficulties and remedies.",0.98
,,,cause,ev_biochem_000427_1777c243a5,,,Evidence,407,BIOCHEM,,3.346,henry.pdf,,,"moreover, it does not take into account variations caused by extrarenal elimination and tubular secretion. in the modification of diet in renal disease (mdrd) study, levey and co-workers measured gfr by i125-iodothalamate to derive a formula for estimating glomerular filtration rate using six variables: age, race, sex, serum urea nitrogen, serum creatinine, and serum albumin concentration ( levey, 1999 ). subsequently, in 2000 the same investigators produced a simplified mdrd formula based on four variables, serum creatinine, age, race, and sex. few diabetic individuals were included in the original studies and these formulas tested in diabetic patients were found to be inaccurate. furthermore, the use of logarithms in the formula prevents routine uses in clinical practice. mdrd formula (ml/min/1.73 m3) (14-12a) the simplified mdrd formula (ml/min/1.73 m3) based on four variables (serum creatinine, age, race and sex) (levey, 2002): (14-12b) cr = serum creatinine (mg/dl); bun = blood urea nitrogen (mg/dl); alb = serum albumin (g/dl).",0.98
,,,cause,ev_biochem_000658_f8350f229f,,,Evidence,481,BIOCHEM,,3.346,henry.pdf,,,"recently, a rise in the incidence of the syndrome has been reported; this may be due to the widespread use of calcium carbonate preparations in the treatment and prophylaxis of osteoporosis. the syndrome is manifest by hypercalcemia, hypocalciuria, alkalosis, azotemia, and soft tissue calcifications. laboratory testing in the differential diagnosis of hypercalcemia includes measurements of serum total and ionized calcium, urine calcium, serum and urine phosphorus, alkaline phosphatase, albumin, intact pth, pth-rp, and urine camp. determination of various other analytes can provide valuable information in selected cases (e.g., growth hormone, cortisol, cortisone suppression test, selective venous catheterization with measurement of local pth concentration, and measurements of vitamin d metabolites).",0.98
,,,cause,ev_biochem_006214_e07cad3bb4,,,Evidence,702,BIOCHEM,,3.346,tietz.pdf,,,"isosmotic hyponatremia if the measured na+ concentration in plasma is decreased, but measured plasma osmolality, glucose, and urea are normal, the most likely explanation is pseudohyponatremia caused by the electrolyte exclusion effect (see chapter 24). this occurs when na+ is measured by an indirect ion-se- lective electrode in patients with severe hyperlipidemia or hyperproteinemia. hypernatremia hypernatremia (plasma na+ >150 mmol/l) is always hyper- osmolar.",0.98
,,,cause,ev_biochem_000067_036d8ca90a,,,Evidence,105,BIOCHEM,,3.286,henry.pdf,,,"• nephelometers are used to detect light that is scattered at various angles, whereas turbidimetry measures a reduction in light transmission due to particle formation. • a flow cytometer measures light patterns produced as particles pass single-file through a laser light source. the flow cytometer is used to count and sort cells. it is also a key component of hematology analyzers and the technology used to differentiate white blood cells. • electrochemical principles are used to measure numerous analytes in biological fluids. specific electrochemical techniques include; potentiometry, amperometry, coulometry, conductivity and anodic stripping voltammetry. • analytes measured by electrochemical techniques include electrolytes, blood gases, ph, metabolites, e.g., glucose and urea nitrogen, ionized calcium, lead and chloride in sweat. • chromatography is a separation technique based on the different interactions of specimen compounds with a mobile phase and a stationary phase, as the compound travels through a support medium. • mass spectrometers have become increasingly important clinical instruments, especially in emerging fields such as proteomics.",0.98
,,,interpretation,ev_biochem_001209_3c091c8884,,,Evidence,728,BIOCHEM,,3.376,henry.pdf,,,"appearance of pigmented casts in the urine sediment. if renal failure develops, hyperkalemia, hyperphosphatemia, and hyperuricemia typically also will be present. there is no direct relationship between the degree of elevation of ck and likelihood of development of renal failure ( gabow, 1982 ; ward, 1988 ). common causes of rhabdomyolysis include drugs (particularly ethanol and cocaine), viral infections, extreme exertion, hyperthermia, trauma including crush injuries, ischemia of the lower extremities, and inflammatory myopathies.",0.98
,,,interpretation,ev_biochem_001505_70a010fc35,,,Evidence,881,BIOCHEM,,3.376,henry.pdf,,,"adverse effects of ciclosporin may occur on all organ systems of the body. trough serum levels (determined by radioimmunoassay [ria]) greater than 500 ng/ml are associated with ciclosporin- induced nephrotoxicity, which is the most frequent toxic reaction seen with ciclosporin. ciclosporin- induced nephrotoxicity is accompanied by hyperkalemia and hyperuricemia, hypertension, and gingival hyperplasia. other toxic effects include neurologic effects (tremors, seizures, headache, paresthesia, flushing, confusion), dermatologic effects (hirsutism, hypertrichosis, rash), hepatotoxicity, gi effects (diarrhea, nausea, vomiting, anorexia, abdominal discomfort), infectious complications, hematologic effects (leukopenia, anemia, thrombocytopenia), and sensitivity reactions, including anaphylaxis ( philip, 1998 ).",0.98
,,,interpretation,ev_biochem_001232_7d17140b1b,,,Evidence,746,BIOCHEM,,3.376,henry.pdf,,,"in severe liver injury including cirrhosis, these abnormalities include a decrease in the hdl, particularly the hdl3 (but often not the hdl2), fraction and in other altered lipoprotein distributions due, in part, to deficiencies of lecithin:cholesterol acyltransferase (lcat) (the enzyme that esterifies cholesterol), and lipoprotein",0.98
,,,interpretation,ev_biochem_001234_65f8ca6064,,,Evidence,747,BIOCHEM,,3.376,henry.pdf,,,"however, in cirrhotics with poor nutrition, despite the critical enzyme deficiencies, low levels of cholesterol (< 100 mg/dl) may be found. in contrast, in alcohol-induced liver injury, alcohol induces increased expression of apoa-i protein. thus, hdl, especially hdl3, may be elevated if alcohol ingestion continues.",0.98
,,,interpretation,ev_biochem_000777_2ba0c71a54,,,Evidence,525,BIOCHEM,,3.546,henry.pdf,,,"the turnover time of serum proteins, primarily albumin, is much shorter than that of erythrocytes (14-20 days), so their glycosylation reflects glycemic control over narrower periods of time. the nonenzymatic glycation of these serum proteins occurs similarly to that of hemoglobin, with the formation of ketoamine- linked glucose protein. there are several methods for measuring glycosylated proteins or glycosylated albumin, including affinity chromatography and immunoassays. these assays may be useful in patients for whom hba1c assays are inaccurate, such as those with hemoglobinopathies and hemolytic anemias, but unlike hba1c levels, their clinical utility has not been firmly established. fructosamine assays are the most widely used to assess short-term (3- to 6-week) glycemic control, since the average half-life of the proteins is 2–3 weeks. these assays have the advantage of using serum samples and automated equipment so are simple to perform and low in cost. they are more reliable than other glycosylated protein assays, but can be affected by alterations in serum protein levels that are present during acute illnesses and liver disease.",0.98
,,,interpretation,ev_biochem_004384_5017c480d5,,,Evidence,3894,BIOCHEM,,3.356,henry.pdf,,,"pth-rp is secreted by tumors associated with hypercalcemia. the circulatory forms of pth-rp in these patients include both a large amino-terminal peptide and a carboxyl terminal peptide with close sequence homology to parathyrin (pth). the mechanism by which pth-rp induces hypercalcemia involves binding and activating receptors that also bind pth. measuring the concentrations of pth-rps may be useful in the differential diagnosis of hypercalcemia related to malignancy and associated either with primary hyperparathyroidism, sarcoidosis, vitamin d toxicity, or various malignancies (including squamous cell, renal, bladder, and ovarian carcinomas). it should be noted that patients with impaired renal function but without hypercalcemia or cancer may have increased plasma concentrations of pth-rp ( burtis, 1990 ). prostate-specific antigen psa is a member of the kallikrein family of serine proteases that is synthesized uniquely in the epithelial cells of the prostate gland. its expression in these cells is regulated by the androgen receptor.",0.98
,,,cause,ev_biochem_006527_011f707683,,,Evidence,770,BIOCHEM,,3.216,tietz.pdf,,,"urinary calcium urinary calcium excretion reflects calcium intake, intestinal absorption, skeletal resorption, renal tubular filtration, and reabsorption. healthy men and women excrete up to 300 mg (7.5 mmol) of calcium per day on a diet with unrestricted cal- cium content, and up to 200 mg (5 mmol) per day on a calcium- restricted diet (500 mg or 12.5 mmol calcium per day or less). the reference interval for urinary calcium for spot fasting or timed specimens collected after an overnight fast is less than 0.16 mg/100 ml (<0.04 mmol/l) of glomerular filtrate (gf), as calculated by the equation: uca (mg/100 mlgf) = [uca (mg/dl)] × [serum creatinine (mg/dl)] urinary creatinine (mg/dl) an important, but under-recognized contributor to urine calcium excretion, is urinary sodium. patients with hypercal- ciuria and normal sodium excretion have renal leak hyper- calciuria, which can result in increased secretion of pth and can be corrected by a thiazide. hypercalciuria with increased urinary sodium excretion responds rapidly to a reduced sodium intake.",0.98
,,,cause,ev_biochem_000036_07d839ba3d,,,Evidence,76,BIOCHEM,,3.346,henry.pdf,,,"after puberty, men generally have a higher alkaline phosphatase, aminotransferase, creatine kinase and aldolase level than women; this is due to the larger muscle mass of men. women have lower levels of magnesium, calcium, albumin, hemoglobin, serum iron and ferritin. menstrual blood loss contributes to the lower iron values ( young, 2001 ).",0.98
,,,interpretation,ev_biochem_005616_803b8d9281,,,Evidence,529,BIOCHEM,,3.266,tietz.pdf,,,"iron-deficiency anemia is associated with impaired qual- ity of life, work productivity, aerobic exercise capacity, and fatigue, and there is also a relationship between fe status and depression and cognitive functioning. iron deficiency table 28.4 features of iron metabolism disorders disorder gene inheritance age at presentation systemic iron overload anemia ferritin tsat impaired hepcidin-ferroportin axis hh type 1 hfe ar adult variable no variable high hh type ii a hamp ar child yes no high high hh type ii b hjv ar child to young adult yes no high high hh type iii tfr2 ar young adult yes no high high hh type iva slc40a1 (lofa) ad adult yes sporadically high normal hh type iv b slc40a1 (gof) ad adult yes no high high iron transport disorder low iron availability for erythropoiesis irida tmprss6 ar/ad no yes low–normal low aceruloplasminemia cp ar yes yes high normal/low anemia of chronic disease na na variable noa yes normal–high low defect in iron acquisition of erythroid progenitor cells hypotransferrinemia tf ar yes yes high 100% microcytic anemia with iron loading dmt1 ar yes yes variable high erythroid dysmaturation nontransfusion- dependent thalas- semias (β-thalassemia intermedia; hb h disease) globin ar variable yes yes high high continued",0.98
,,,interpretation,ev_biochem_002266_9000d116fe,,,Evidence,1485,BIOCHEM,,3.086,henry.pdf,,,"hb aic may be falsely decreased in conditions associated with rapid red cell turnover, such as hemolytic anemia. laboratory investigation of hemoglobinopathies and thalassemias current recommendations include cbc by a modern cell counter with accurate mcv, rbc, mch and mchc values, hb h test, ferritin, hplc for hb a2 and hb f measurement and detection of hb variants, followed by alkaline and acid electrophoresis when a variant is found and additional studies (sickledex) as necessary ( clarke, 2000 ). cation-exchange hplc numerous automated systems have been developed in the last 20 years and hplc is now the method of choice for initial screening of hemoglobin variants and to separate and determine percentages of hemoglobin a, hemoglobin a2, and hemoglobin f ( wilson, 1983 ). a cation-exchange hplc system, bio-rad variant by bio-rad laboratories, emerged as the leading commercial kit. resolution of this system is claimed to be similar to that of isoelectric focusing, and data banks of retention times are available ( figs 31-15 and 31-16 ) ( riou, 1997 ; globin gene server ).",0.98
,,,interpretation,ev_biochem_001310_ad61e6bb22,,,Evidence,769,BIOCHEM,,3.076,henry.pdf,,,"zhou, 1998b ), and amino acid substitutions like c282y, induce protein malfunction, resulting in abnormal iron deposition in tissues including liver. more recent work suggests that the hfe protein can regulate intracellular iron storage independently of its interaction with transferrin receptor-1 (tfr1) ( carlson, 2005 ). testing for this condition involves determination of the serum iron-binding saturation, which is greater than or equal to 45%. this test has high sensitivity but low specificity, diminishing its screening value. other tests for this condition include determination of iron content of liver biopsy samples and genetic analysis. as just discussed, in wilson's disease, copper deposits in liver are also toxic and can also lead to a form of chronic active hepatitis and cirrhosis.",0.98
,,,cause,ev_biochem_006375_b4b9875548,,,Evidence,734,BIOCHEM,,2.996,tietz.pdf,,,"liver disease due to hemochromatosis becomes more common after the age of 30 years. liver function tests are frequently normal in asymptomatic patients. the most use- ful tests are fasting transferrin saturation and serum ferritin. a transferrin saturation value more than 45% is the most sensitive marker of early iron overload, but neither a raised fasting transferrin saturation nor ferritin concentration is diagnostic of hh. ferritin is also an acute-phase reactant and can be raised nonspecifically in the presence of alcohol consumption, nafld, other liver disease and any systemic inflammatory condition. serum ferritin is considered to be abnormal when it is more than 250 μg/l in premenopausal women and more than 300 μg/l in men and postmenopausal women. hfe gene testing can be used to confirm that diagno- sis of hh and to evaluate familial risks. cirrhosis is unlikely if the ferritin is less than 1000 μg/l, plasma ast activities are normal, and there is no hepatomegaly. cirrhotic patients rarely regress to normal and have a lifelong risk of hcc.",0.98
,,,interpretation,ev_biochem_005354_3f9be9ead9,,,Evidence,438,BIOCHEM,,3.516,tietz.pdf,,,"p50 po2 for a given blood sample at which the hemoglobin of the blood is half saturated with o2; p50 reflects the affinity of hemoglobin for o2. partial pressure the substance (mole) fraction of gas times the total pressure; e.g., the partial pressure of oxygen, po2, is the fraction of oxygen gas times the barometric pressure. ph the negative logarithm of hydrogen ion activity. pilocarpine iontophoresis noninvasive method that uses electricity to force the drug pilocarpine into the skin for the purpose of inducing localized sweating at the site of iontophoresis. point-of-care testing (poct) clinical testing that occurs next to the patient, usually with a handheld device and an unprocessed specimen collected immediately before testing. sweat chloride the concentration of chloride in sweat; increased sweat chloride is characteristic of cystic fibrosis. water homeostasis the body process that maintains a balance of water intake and output. maintenance of water homeostasis is paramount to life for all organisms. in humans, the maintenance of water homeostasis in various body fluid compartments is primarily a function of the four major electrolytes: na+, k+, cl−, and hco − 3 .",0.98
,,,interpretation,ev_biochem_000570_d834425ffe,,,Evidence,449,BIOCHEM,,3.376,henry.pdf,,,"hensen j, haenelt m, gross p: water retention after oral chlorpropamide is associated with an increase in renal papillary arginine vasopressin receptors. hogg rj, kokko jp: comparison between the electrical potential profile and the chloride gradients in the thin limbs of henle's loop in rats. hogg rj, kokko jp: urine concentrating and diluting mechanisms in mammalian kidneys. hollenberg nk: implications of species difference for clinical investigation: studies on the renin-angiotensin system. ibata y, okamura h, tanaka m, et al: functional morphology of the suprachiasmatic nucleus. iolascon a, stewart gw, ajetunmobi jf, et al: familial pseudohyperkalemia maps to the same locus as dehydrated hereditary stomatocytosis (hereditary xerocytosis). ito m, jameson jl, ito m: molecular basis of autosomal dominant neurohypophyseal diabetes insipidus.",0.98
,,,interpretation,ev_biochem_001207_07d610dbf0,,,Evidence,727,BIOCHEM,,2.986,henry.pdf,,,"chronic damage to muscle causes more persistent elevation of ck, which may be either mild or more extensive. the broad range of normal values and pre-analytical variation seen in total ck values can hamper recognition of mild, ongoing muscle injury. generally, persistent elevation above the reference limits for an appropriate comparison group despite cessation of any other factors known to affect ck is needed to diagnose muscle injury in asymptomatic individuals. common causes of chronic muscle injury include medications (particularly hmg-coa reductase inhibitors and glucocorticoids), congenital myopathies (such as duchenne's muscular dystrophy), inflammatory disorders (polymyositis and dermatomyositis), hypothyroidism, and alcohol abuse. in chronic myopathies, ck-mb is often increased, reflecting its production by regenerating muscle. with severe acute damage to muscle, a clinical picture termed rhabdomyolysis may develop. in such situations, ck-mb/total ck may be elevated above normal, in the absence of myocardial infarction (cardiac troponin levels are normal); this is not uncommonly seen in patients with inflammatory muscle disease ( kiely, 2000 ).",0.98
,,,interpretation,ev_biochem_006016_00c28a12c4,,,Evidence,652,BIOCHEM,,2.816,tietz.pdf,,,"• myocardial infarction is present when there is cardiac dam- age, as detected by an increase of ctn above the 99th per- centile url in a clinical setting consistent with myocardial ischemia. • for patients with an ischemic mechanism of injury, progno- sis is related to the extent of ctn increases. • if an ischemic mechanism is unlikely, other causes of car- diac injury should be pursued. • samples must be obtained at least at 0–3 h for hs-ctn assays and at 6–9 h for contemporary assays after the symptoms begin. box 34.2 european society of cardiology/american college of cardiology recommendations for use of cardiac biomarkers for detection of myocardial injury and myocardial infarction ctn, cardiac troponin; hs, high sensitivity; url, upper reference limit.",0.98
,,,interpretation,ev_biochem_006003_ed442959da,,,Evidence,648,BIOCHEM,,2.756,tietz.pdf,,,"risk stratification a statistical process used to determine detectable characteristics of a biomarker associated with an increased chance of experiencing adverse outcomes. st segment elevation myocardial infarction (stemi) any type of myocardial infarction in which the st segment is elevated in one lead or several leads of the ecg. unstable angina angina that occurs unpredictably or suddenly increases in severity or frequency. ventricles (right and left) the two lower chambers of the heart, responsible, respectively, for pumping blood into the lungs via the pulmonary artery and into the systemic circulation via the aorta. acute ischemic disease and heart failure are the two most common cardiovascular diseases that rely on a biochemical diagnosis. the cardiac biomarkers cardiac troponin (ctn) and natriuretic peptides (np), respectively, used in their diagnosis and management, are the major focus of this chapter. the most serious form of ischemic heart disease is acute myocardial infarction (ami). ami occurs when there is an imbalance between supply and demand for oxygen in the myocardium (heart muscle) resulting in injury to and the eventual death of muscle cells (myocytes).",0.98
,,,cause,ev_biochem_006035_3b1065b935,,,Evidence,660,BIOCHEM,,2.686,tietz.pdf,,,"thus, bnp or nt-probnp results are not transferable among current immunoassays due to their differences in cross- reactivity and ability to detect 400 100 375 50 0 25 75 troponin 99th percentile (ng/l) 100 75 50 25 0 % measurable abbott •architect i200 • hs-ctnl alere • triage • cardio3 ctnl biomerieux • vidas • ctnl ultra il • gem immuno • ctnl abbott •architect i2000 • ctnl abbott •axsym • troponin-l roche • cobas e601 • hs-ctnl singulex • erenna • hs-ctnl siemens • dimension vista • hs-ctnl siemens • dimension vista • ctnl siemens • stratus cs • ctnl siemens • immulite 2000 xpi • ctnl siemens • dimension exl 200 • ctnl siemens • centaur • tnl ultra beckman • access 2 • hs-ctnl beckman • access 2 • mod-sens ctnl ocd • vitros 3600 • ctnl es roche • cobas e601 • ctnl abbott poc • i-stat 300 • ctnl fig. 34.7 comparison of both 99th percentile values (circles) and percent measurable concentrations (boxes) in a presumably healthy population for 19 cardiac troponin assays designated as high-sensitivity (hs) (left), contemporary (middle), and poc (right).",0.98
,,,cause,ev_biochem_004752_34d3206180,,,Evidence,181,BIOCHEM,,2.456,tietz.pdf,,,"after binding equilibration and washing steps, the amount of bound enzyme is detected by adding substrate and following the increase in current generation caused by local production of o2 near the surface of the sensor. the number of research reports related to affinity biosen- sors continues to increase, with potential application for detec- tion of markers of cardiac disease, cancer, and autoimmune disease. commercialization has lagged behind basic research, and movement of affinity biosensors from the research lab- oratory to the clinical laboratory has been slow. some com- mercial examples of immunosensors do exist, primarily in the unit-use, disposable format designed for point-of-care test- ing. one successful commercial example is a cartridge-based device for cardiac troponin i on the i-stat handheld ana- lyzer (abbott point of care, abbott laboratories). this sensor uses a sandwich immunoassay format with electrochemical detection. a capture antibody is immobilized on a gold elec- trode for recognition and capture of troponin in the blood sample. a second reporter antibody is labeled with alkaline phosphatase and binds with surface-captured troponin anti- gen.",0.98
,,,cause,ev_biochem_000991_02a3893bcc,,,Evidence,599,BIOCHEM,,2.356,henry.pdf,,,"mcpherson & pincus: henry's clinical diagnosis and management by laboratory methods, 21st ed. saunders company chapter 18 – evaluation of cardiac injury and function jay l. bock, md phd key points • the most important disease affecting the heart is coronary heart disease (chd), which can lead to an acute blockage of coronary blood flow known as an acute coronary syndrome (acs). acs with frank necrosis of any amount of myocardium is known as myocardial infarction (mi). • the primary tests for diagnosing acs are electrocardiography (ecg) and laboratory measurement of cardiac markers. cardiac markers are proteins released into the circulation from damaged heart muscle. the most important cardiac marker today is cardiac troponin (ctn), which derives only from heart muscle. • troponin is a complex of three proteins, two of which are suitable as specific cardiac marker tests: ctni and ctnt. these two proteins have different properties, but their clinical applications are similar. clinically, mi is now essentially defined as an acs that causes release of troponin.",0.98
,,,interpretation,ev_biochem_004935_70d2af4eb1,,,Evidence,333,BIOCHEM,,3.086,tietz.pdf,,,"it is found predomi- nantly in adults who are severely ill with malignancy or liver disease, and in children who have notable tissue distress. the appearance of this macro-ck in serum is usually associated with a poor prognosis. macro-cks can interfere with the assay of ck-mb by some immunoinhibition methods. clinical significance ck determination is the preferred laboratory test in cases of suspected muscle damage. serum ck is increased in nearly all patients when (1) injury, (2) inflammation, or (3) necrosis of skeletal (or heart) muscle occurs. increased serum ck activity may be the only sign of subclinical neuromuscular disorders. about 30% to 44% of asymptomatic subjects with persistent hyper-ckemia have myopathy. serum ck activity is greatly elevated in all types of table 19.2 approximate concentrations of tissue creatine kinase activity (expressed as multiples of creatine kinase activity concentrations in serum) and cytoplasmic isoenzyme composition tissue isoenzymes (%) relative ck activity ck-bb ck-mb ck-mm skeletal muscle (type i, slow twitch, or red fibers) 50,000 <1 3 97 skeletal muscle (type ii, fast twitch, or white fibers) 50,000 <1 1 99 heart 10,000 <1 22 78 brain 5000 100 0 0 gastrointestinal tract smooth muscle 5000 96 1 3 urinary bladder smooth muscle 4000 92 6 2 ck, creatine kinase.",0.98
,,,interpretation,ev_biochem_000226_138bb1eb42,,,Evidence,218,BIOCHEM,,2.816,henry.pdf,,,"in addition, to increase both the sensitivity and specificity of ck-mb in the diagnosis of acute ami, it has been found necessary to perform serial determinations of mb fraction (at 3- to 4-hour intervals over a 12- to 16-hour period) that show a progressive rise that reaches a peak, followed by a fall to low levels. this pattern is virtually 100% diagnostic of myocardial infarction ( lott, 1984 ; wu, 1999 ). importantly, ck-mb generally rises 4-6 hours, and sometimes only 2 hours, after the onset of chest pain, and peaks within 12 hours.",0.98
,,,interpretation,ev_biochem_001009_a76ef76214,,,Evidence,604,BIOCHEM,,2.816,henry.pdf,,,"a single study, however, suggests that ck-mb is not found in normal myocardium, only appearing when the muscle becomes diseased ( ingwall, 1985 ). ck-bb is the dominant isoenzyme of ck found in brain and in smooth muscle. in the past, clinical laboratories would commonly analyze both ck and ld isoenzymes to improve overall diagnostic performance, especially since the two enzymes exhibit different kinetics, with changes in ld observable for a much longer time than changes in ck. the isoenzyme analyses were relatively lengthy and tedious, generally involving electrophoretic separation, followed by development of color or fluorescence using suitable substrates, followed by densitometric scanning. hence these tests could only be performed about once per day, a situation that was acceptable at a time when ‘rule out mi’ patients were generally admitted to hospital for at least a several-day period of observation.",0.98
,,,interpretation,ev_biochem_001024_2dc6d132d8,,,Evidence,610,BIOCHEM,,2.816,henry.pdf,,,"as discussed above, when ctn testing was first introduced it was realized that small elevations often did not correlate with any elevation of ck-mb or other conventional (but less sensitive) sign of myocardial necrosis.",0.98
,,,cause,ev_biochem_001015_978a31bc9e,,,Evidence,606,BIOCHEM,,2.716,henry.pdf,,,"in contrast to other cardiac markers, ctnt and ctni are nearly absent from normal serum. ctn rarely exceeds 0.1 ng/ml in healthy individuals. however, it is important to note that ctn elevation, though presumably indicating cardiac myocyte damage, need not be caused by ischemic damage. elevations, though generally much smaller than those seen with mi, have been observed with pericarditis, myocarditis, pulmonary embolism, renal failure, sepsis, and other critical illness ( roongsritong, 2004 ). small measured elevations in ctn may also be analytical artifacts (see assay procedures below). the high sensitivity and specificity of ctn has led to rethinking of the clinical definition of mi. previous criteria were those of the world health organization, which were mainly intended for epidemiologic purposes ( joint task force, 1979 ). the somewhat vague definition was based on the triad of clinical history, ecg, and changes in ‘serum enzymes.’ many patients with ischemic symptoms can have negative or equivocal ecg, negative tests for older markers such as ck-mb, but unequivocal (though often slight) elevation in ctn.",0.98
,,,interpretation,ev_biochem_006027_962d7900ab,,,Evidence,658,BIOCHEM,,3.306,tietz.pdf,,,"b-type natriuretic peptide in 1981, the canadian physiologist adolfo de bold and his colleagues reported that infusion of atrial tissue extracts pro- duced (1) an increase in the renal excretion of sodium and water, (2) a rapid decrease in bp, and (3) an increase in blood hematocrit. the responsible substance was identified as a peptide comprising 28–amino acid residues and eventually named atrial natriuretic peptide (anp). later, brain natri- uretic peptide (bnp) and c-type natriuretic peptide (cnp), two structurally related peptides, were isolated and identi- fied in the porcine brain.",0.98
,,,interpretation,ev_biochem_004886_221600f342,,,Evidence,314,BIOCHEM,,3.046,tietz.pdf,,,"anp and bnp are highly expressed in cardiac tissue relative to cnp, which is expressed at low levels in a broad variety of tissue types. the mature forms of these peptides contain a 17–amino acid loop stabilized by an intramolecular disulfide bond. each peptide acts via a specific guanylate cyclase-coupled recep- tor to promote sodium and water excretion, blunt activa- tion of the renin–angiotensin system, and decrease vascular resistance. circulating concentrations of anp and bnp (but not cnp) increase rapidly in response to increased car- diac filling pressures that are characteristic of heart failure. clinical measurement of bnp has become a widely used tool to detect heart failure and monitor its progression. for addi- tional information on the clinical utility of these peptides, refer to chapter 34. b-type natriuretic peptide is synthesized as a 108–amino acid precursor (pro-bnp) that is cleaved upon cellular release to the active 32–amino acid peptide and an n-terminal frag- ment (nt-probnp), which lacks biologic activity.",0.98
,,,cause,ev_biochem_001686_6d8d4420e7,,,Evidence,984,BIOCHEM,,2.946,henry.pdf,,,"differentiating among the different causes of primary hyperaldosteronism the aldosterone-producing adenoma (apa) differs from idiopathic hyperaldosteronism due to adrenal hyperplasia (iha) by more extreme blood pressures, greater potassium wasting and higher atrial natriuretic peptide levels. there also tends to be higher urinary and serum levels of 18-oxocortisol, 18- hydroxycortisol (serum > 300 ng/dl) and 18-hydroxycorticosterone (serum > 100 ng/dl). a positive postural stimulation test (plasma aldosterone: ambulating < 130% of supine) has a moderate sensitivity and specificity for adenoma but not for hyperplasia. once the diagnosis of primary hyperaldosteronism is confirmed, the next step is to image the adrenals either by ct or mri, looking for bilateral hyperplasia or a unilateral hypodense adenoma. the specificity of imaging to correctly categorize the patients as having apa versus iha varies from 67-84% ( doppmann, 1992 ; gleason, 1993 ; harpe, 1999 ; magill, 2001 ). removal of the adenoma is curative in 35% of cases and leads to improvement in another 55% ( blumenfeld, 1994 ).",0.98
,,,cause,ev_biochem_004929_9fc30a310d,,,Evidence,329,BIOCHEM,,2.946,tietz.pdf,,,"which of the following is a positive acute-phase reactant? covalent modification of proteins with ubiquitin leads to: a. the plasma protein that serves to transport a large num- ber of compounds including bilirubin, calcium, drugs, and free fatty acids is: a. amino acids are more than the backbone of peptides and proteins. • amino acids can exist in multiple charged states depending on ph. • l-amino acids are the most important biologically active isomers. • amino acid metabolites serve as respiratory fuel. • amino acid transport is achieved by numerous membrane transport systems. • analysis of amino acids allows detection of inborn errors of metabolism. peptides • larger peptides are processed to form multiple smaller bioactive peptides. • peptide bonds form between α-amino and α-carbonyl of successive amino acids. • immunoassays often detect mixtures of peptides with variable biologic activity. • b-type natriuretic peptide is useful in the diagnosis of heart failure. proteins • the primary structure of proteins is the linear sequence of amino acid residues.",0.98
,,,interpretation,ev_biochem_002815_d9fa243c31,,,Evidence,1995,BIOCHEM,,2.816,henry.pdf,,,"elevation of brain natriuretic peptide (bnp) can be helpful in making the diagnosis ( zhou, 2005 ). volume overload should be anticipated in at-risk patients and prevented readily.",0.98
,,,interpretation,ev_biochem_000775_01479cc569,,,Evidence,525,BIOCHEM,,3.306,henry.pdf,,,"any condition associated with shortened red blood cell survival, or lower mean red blood cell age, such as hemolysis, recovery from acute blood loss, transfusions or splenectomy, will lower the hba1c level because of reduced exposure to plasma glucose.",0.98
,,,cause,ev_biochem_004860_aa63a062df,,,Evidence,297,BIOCHEM,,3.286,tietz.pdf,,,"279 chapter 17 point-of-care testing cassette-based systems have been developed for the measure- ment of hemoglobin. in one such system, red cells are lysed in a minicuvet, hemoglobin converted to methemoglobin, and the methemoglobin measured at 570 nm; turbidity is cor- rected for by an additional measurement at 880 nm. another type of cartridge design uses a light-scattering immunoassay to measure glycated hemoglobin, together with a photometric assay for total hemoglobin. the cartridge is a relatively complex structure that contains all the reagents required for the immunoassay, as well as lysing reagents and potassium ferricyanide reagent for measurement of total hemoglobin (fig. agglutination takes place between the latex bound antibody and a synthetic polymer that con- tains the immunoreactive portion of hba1c that leads to increased scattering of light. addition of hba1c in the patient sample reduces the agglutination by competing for the latex bound antibody, and the reduction in light scattering is proportional to the concentration of hba1c. measurement takes place when the cartridge is placed into a temperature-controlled reader, and the analytical per- formance of the siemens dca device (siemens healthcare gmbh, erlangen, germany) is sufficient for quantitative monitoring of glycemic control, and can also be used for measurement of urinary albumin and creatinine.",0.98
,,,interpretation,ev_biochem_006026_701b45b64e,,,Evidence,657,BIOCHEM,,3.266,tietz.pdf,,,"should individuals be selected: (1) via personal interview with questions addressing known cardiac med- ications, such as statins; (2) after obtaining information about known diseases associated with cardiovascular dis- ease, such as renal disease or diabetes; or (3) via definitive physician evaluation of an individual after taking a history and physical examination, including an ecg, echocar- diogram or imaging? both younger (<30 years) and older (>30 years, with median age of 60 to 65 years to be rep- resentative of cardiac patients), apparently healthy refer- ence groups should be recruited. inclusion criteria should be based on data obtained from a history of medications (not on cardiac drugs, i.e., statins), known underlying dis- eases, and blood surrogate biomarker measurements: np concentration for ruling out underlying myocardial dys- function, an estimated glomerular filtration rate (egfr) for defining underlying renal insufficiency, and hba1c for underdiagnosed diabetes. at present, no definitive, multidiscipline, peer-reviewed surrogate biomarker recommendations have been pub- lished. men and women should be equally represented, with a diverse racial and ethnic mix.",0.98
,,,interpretation,ev_biochem_000776_5c36b72c2c,,,Evidence,525,BIOCHEM,,3.266,henry.pdf,,,"hyperglycemia has been associated with a decrease in erythrocyte survival, suggesting that hba1c levels in poorly controlled patients may underestimate their mean plasma glucose concentration ( virtue, 2004 ). in general, people without diabetes have hba1c levels between 4-6%. the correlation between hba1c and average plasma glucose levels for clinical use, based upon data from the dcct is shown in table 16-6 . table 16-6 -- correlation between hemoglobin a1c and mean plasma glucose levels rights were not granted to include this data in electronic media. from rohlfing cl, wiedmeyer h-m, little rr, et al: defining the relationship between plasma glucose and hba (lc): analysis of glucose profiles and hba (lc) in the diabetes control and complications trial.",0.98
,,,cause,ev_biochem_004605_9b9af2c93c,,,Evidence,78,BIOCHEM,,3.216,tietz.pdf,,,"the principle behind the studies should be that a difference in serial results is due to preanalytical sources of variation (cvp), cva, cvi, and changes in bias (δb), using the transformation mentioned above from cv to sd: difference = 21/2 × z × sd2 p + sd2 i + sd2 a 1/2 + δb now, let sdp and δb be zero and rearrange the equation: sda = difference 21/2 × z + sd2 i 1/2 studies have been done using this model on a variety of measurands, and have included some studies that involved patients undertaking self-testing. an early example is pro- vided by the studies on blood hemoglobin; other studies performed since then have investigated hba1c, glucose, prothrombin time, erythrocyte sedimentation rate, and uri- nary albumin. it was found that the derived aps depends on the clinical setting and local management pathway, the semantics of the questions posed, how close the result was to a decision limit or reference limit, and probably on per- ceptions related to current analytical performance.",0.98
,,,interpretation,ev_cbc_012029_3ae5f64338,,,Evidence,2516,CBC,,3.52,harrison.pdf,,,"laboratory, endoscopic, and radiographic features active disease can be associated with a rise in acute-phase reactants (c-reactive protein [crp]), platelet count, and erythrocyte sedimentation rate (esr) and a decrease in hemoglobin. fecal lactoferrin, a glycoprotein present in activated neutrophils, is a highly sensitive and specific marker for detecting intestinal inflammation. fecal calprotectin is present in neutrophils and monocytes, and levels correlate well with histologic inflammation, predict relapses, and detect pouchitis. both fecal lactoferrin and calprotectin are becoming an integral part of ibd management and are used frequently to rule out active inflammation versus symptoms of irritable bowel or bacterial overgrowth. in severely ill patients, the serum albumin level will fall rather quickly. leukocy- tosis may be present but is not a specific indicator of disease activity. proctitis or proctosigmoiditis rarely causes a rise in crp. diagnosis relies on the patient’s history, clinical symptoms, negative stool and/or tissue examination for bacteria, c. difficile toxin, ova and parasites, and viruses depending on epidemiologic considerations and clinical pre- sentation; sigmoidoscopic appearance (see fig.",1.0
,,,interpretation,ev_cbc_004090_38aebfee1d,,,Evidence,791,CBC,,3.37,harrison.pdf,,,"iron store depletion and iron deficiency are accompanied by a decrease in serum ferritin level below 20 μg/l. new york, mcgraw-hill, 2011.) table 97-2 causes of iron deficiency increased demand for iron rapid growth in infancy or adolescence pregnancy erythropoietin therapy increased iron loss chronic blood loss menses acute blood loss blood donation phlebotomy as treatment for polycythemia vera decreased iron intake or absorption inadequate diet malabsorption from disease (sprue, crohn’s disease) malabsorption from surgery (gastrectomy and some forms of bariatric surgery) acute or chronic inflammation capacity (tibc), and red cell protoporphyrin levels remain within nor- mal limits. at this stage, red cell morphology and indices are normal. when iron stores become depleted, the serum iron begins to fall. gradually, the tibc increases, as do red cell protoporphyrin levels. by definition, marrow iron stores are absent when the serum ferritin level is <15 μg/l. as long as the serum iron remains within the normal range, hemoglobin synthesis is unaffected despite the dwindling iron stores.",1.0
,,,interpretation,ev_cbc_012264_ce1f3d3de5,,,Evidence,2579,CBC,,3.32,harrison.pdf,,,"electrolytes, blood urea nitrogen (bun), creatinine, and glucose monitor for abnormalities consistent with under- or overhydration status and purging (contraction alkalosis). bun may also be low in the setting of markedly reduced body cell mass. bun and creatinine are elevated in renal failure. hyperglycemia may be nonspecific indicator of inflammatory response. complete blood count with differential screen for nutritional anemias (iron, b12, and folate), lymphopenia (malnutrition), and thrombocytopenia (vitamin c and folate). total lymphocyte count relative lymphopenia (total lymphocyte count <1200/μl) is a nonspecific marker for malnutrition. helper/suppressor t-cell ratio ratio may be reduced in severely undernourished patients. nitrogen balance 24-h urine can be analyzed for urine urea nitrogen (uun) to determine nitrogen balance and give indication of degree of catabolism and adequacy of protein replacement. requires accurate urine collection and normal renal function. nitrogen balance = (protein/6.25) − (uun + 4). generally negative in the setting of acute severe inflammatory response. urine 3-methylhistidine indicator of muscle catabolism and protein sufficiency.",1.0
,,,interpretation,ev_cbc_002987_c1487d5c23,,,Evidence,479,CBC,,3.31,harrison.pdf,,,"defects in heme synthesis, in contrast to globin synthesis, are less common and may be acquired or inherited (chap. acquired abnormalities are usually associated with myelodysplasia, may lead to either a macro- or microcytic anemia, and are frequently associated with mitochondrial iron loading. in these cases, iron is taken up by the mitochondria of the developing erythroid cell but not incorporated into heme. the iron-encrusted mitochondria surround the nucleus of the erythroid cell, forming a ring. based on the distinctive finding of so-called ringed sideroblasts on the marrow iron stain, patients are diagnosed as hav- ing a sideroblastic anemia—almost always reflecting myelodysplasia. again, studies of iron parameters are helpful in the differential diag- nosis of these patients. the stimulated erythropoiesis is reflected in the blood smear by the appearance of increased numbers of polychromatophilic macrocytes. the red cell indices are typically normocytic or slightly macrocytic, reflecting the increased number of reticulocytes.",1.0
,,,interpretation,ev_cbc_003493_e8625cb047,,,Evidence,616,CBC,,3.53,harrison.pdf,,,"laboratory findings include severe to moderate anemia associated with red blood cell fragmentation and numerous schistocytes on peripheral smear. reticulocytosis, decreased plasma haptoglobin, and an ldh level document hemolysis. the serum bilirubin level is usually normal or slightly elevated. the white cell count is usually normal, and thrombocytopenia (<100,000/μl) is almost always present.",1.0
,,,interpretation,ev_cbc_002475_227b02866c,,,Evidence,376,CBC,,3.44,harrison.pdf,,,"the specificity of urine microscopy can be enhanced by examining urine with a phase contrast microscope capable of detecting dysmorphic red cells (“acanthocytes”) that are associated with glomerular disease. a detailed discussion of glomerulonephritis and diseases of the microvasculature is found in chap. hematuria proteinuria (>500 mg/24 h), dysmorphic rbcs or rbc casts pyuria, wbc casts urine culture urine eosinophils serologic and hematologic evaluation: blood cultures, anti-gbm antibody, anca, complement levels, cryoglobulins, hepatitis b and c serologies, vdrl, hiv, aslo hemoglobin electrophoresis urine cytology ua of family members 24 h urinary calcium/uric acid ivp +/– renal ultrasound as indicated: retrograde pyelography or arteriogram, or cyst aspiration cystoscopy urogenital biopsy and evaluation renal ct scan renal biopsy of mass/lesion follow periodic urinalysis renal biopsy figure 52-2 approach to the patient with hematuria. anca, antineutrophil cytoplasmic antibody; aslo, antistreptolysin o; ct, computed tomography; gbm, glomerular basement membrane; ivp, intravenous pyelography; rbc, red blood cell; ua, urinalysis; vdrl, venereal disease research laboratory; wbc, white blood cell.",1.0
,,,cause,ev_cbc_000108_fca82959b9,,,Evidence,63,CBC,,3.28,clinical_hematology.pdf,,,"hemolysis has been implicated to activate inflammatory mediators, such as tumor necrosis factor-alpha (tnf-α), interleukin-2 (il-2), thrombin, and platelet-activating factor.2 leukocytosis is common at baseline, and higher leukocyte counts are often associated with more frequent pain crises, stroke, and a shorter life expectancy in homozygous sickle disease (hb ss) patients. free hemoglobin, released by hemolysis, can consume nitric oxide and participate in endothelial dysfunction to promote vasoconstriction. other hemoglobinopathies (e, c, lepore, d, oarab, constant spring) hb e is a common hemoglobin variant, present in about 15% to 30% of the individuals in southern china and southeast asia. hb e results from replacement of the normal glutamic acid to lysine in the 26th amino acid of the β-chain (β26 glu→lys), and leads to only 50% of mrnas being spliced normally. individuals with heterozygous and homozygous hb e have mild anemia, hypochromia, and microcytosis. when hb e is combined with β-thalassemia, the clinical features resemble those of β-thalassemia intermedia. hb c results from substitution of the normal glutamic acid to lysine in the 6th amino acid of β-chain.",0.95
,,,interpretation,ev_biochem_001972_9b82b395c2,,,Evidence,1202,BIOCHEM,,3.396,henry.pdf,,,"table 28-17 -- classification of pleural effusions transudates: increased hydrostatic pressure or decreased plasma oncotic pressure congestive heart failure hepatic cirrhosis hypoproteinemia (e.g., nephrotic syndrome) exudates: increased capillary permeability or decreased lymphatic resorption infections bacterial pneumonia tuberculosis, other granulomatous diseases (e.g., sarcoidosis, histoplasmosis, etc.) viral or mycoplasma pneumonia neoplasms bronchogenic carcinoma metastatic carcinoma lymphoma mesothelioma (increased hyaluronate content of effusion fluid) pulmonary infarct (may be associated with hemorrhagic effusion) noninfectious inflammatory disease involving pleura rheumatoid disease (low pleural fluid glucose in most cases) systemic lupus erythematosus (le cells are occasionally present) fluid from extrapleural sources pancreatitis (elevated amylase activity in effusion fluid) ruptured esophagus (elevated amylase activity and low ph) urinothorax (elevated creatinine and low ph) recommended tests the evaluation of serous body fluids (pleural, pericardial, peritoneal) is directed first toward differentiating transudative from exudative effusions.",0.98
,,,cause,ev_cbc_000150_05e566a613,,,Evidence,81,CBC,,3.24,clinical_hematology.pdf,,,"post-splenectomized transfusions should produce a 1 g/dl/week decrease in hemoglobin. post-splenectomy thrombocytosis can be variable, but generally does not require antiplatelet therapy. iron overload and chelation chronic transfusions and early iron chelation have shifted the major thalassemic complications from those secondary to the hemolytic anemia to the sequelae of iron overload. iron chelation should start when ferritin is approaching 1,000 ng/l, approaching 20 units of red cells, or within 18 months from the start of chronic red cell transfusion. excess iron from cumulative transfusions overwhelms the transferrin system and accumulates in the liver, heart, and various endocrine organs. the most serious result is nonuniform iron deposition in cardiac myocytes that eventually leads to heart failure and sudden unpredictable arrhythmia, which previously accounted for the majority of deaths in thalassemic individuals.",0.95
,,,interpretation,ev_cbc_004592_f8ae17dbcd,,,Evidence,862,CBC,,3.33,harrison.pdf,,,"in geographic locations where access to health care is more limited, patients often present with high cml bur- den including splenomegaly, anemia, and related symptoms (abdom- inal pain, weight loss, fatigue), associated with a higher frequency of high-risk cml. presenting findings in patients diagnosed in the united states are shown in table 105-1. symptoms most patients with cml (90%) present in the indolent or chronic phase. depending on the timing of diagnosis, patients are often asymptomatic (if the diagnosis is discovered during health care screening tests). common symptoms, when present, are manifesta- tions of anemia and splenomegaly. these may include fatigue, malaise, weight loss (if high leukemia burden), or early satiety and left upper quadrant pain or masses (from splenomegaly). less common pre- senting findings include thrombotic or hyperviscosity-related events from severe leukocytosis or thrombocytosis. these include priapism, cardiovascular complications, myocardial infarction, venous thrombo- sis, visual disturbances, dyspnea and pulmonary insufficiency, drows- iness, loss of coordination, confusion, or cerebrovascular accidents.",1.0
,,,interpretation,ev_cbc_001161_a4344e67f8,,,Evidence,643,CBC,,3.37,clinical_hematology.pdf,,,"methoxy polyethylene glycol-epoetin beta is indicated in the treatment of anemia associated with chronic renal disease. the recommended starting dose in patients not currently treated with an esa is 0.6 μg/kg once every 2 weeks iv or sc. the warnings and precautions that apply to all esas also apply to methoxy polyethylene glycol-epoetin beta (pure red cell aplasia, cardiovascular events, hypertension, effect on tumor growth). granulocyte colony-stimulating factor (filgrastim, neupogen™) filgrastim regulates the production of neutrophils within the bone marrow and also impacts on their function. granulocyte colony-stimulating factor indications nonmyeloid malignancies undergoing myelosuppressive chemotherapy with an expected risk of severe neutropenia and fever. acute myeloid leukemia, following induction or consolidation therapy. nonmyeloid malignancies undergoing myeloablative chemotherapy followed by marrow transplantation.",0.95
,,,interpretation,ev_cbc_008425_9f070ec3c1,,,Evidence,1622,CBC,,3.37,harrison.pdf,,,"1581 chapter 202 human immunodeficiency virus disease: aids and related disorders about 25% of patients. cns disease, either meningitis or a mass lesion, is seen in 15% of patients. bone marrow involvement is common, with thrombocytopenia, neutropenia, and anemia occurring in 33% of patients. approximately 7% of patients have mucocutaneous lesions consisting of a maculopapular rash and skin or oral ulcers. respiratory symptoms are usually mild, with chest x-ray showing a diffuse infil- trate or diffuse small nodules in ~50% of cases. diagnosis is made by silver staining of tissue, by culturing the organisms from blood, bone marrow, or tissue, or by detecting antigen in blood or urine. treatment is typically with liposo- mal amphotericin b followed by maintenance therapy with oral itra- conazole until the serum histoplasma antigen is <2 units, the patient has been on antiretrovirals for at least 6 months, and the cd4 count is >150 cells/μl. in the setting of mild infection, it may be appropriate to initiate therapy with itraconazole alone.",1.0
,,,cause,ev_cbc_004508_3075b38a77,,,Evidence,848,CBC,,3.35,harrison.pdf,,,"thrombocytopenia can be due to impaired marrow function, splenic sequestration, or autoim- mune destruction and may also respond to low-dose thalidomide and prednisone. splenomegaly is by far the most distressing and intractable prob- lem for pmf patients, causing abdominal pain, portal hypertension, easy satiety, and cachexia, whereas surgical removal of a massive spleen is associated with significant postoperative complications including mesenteric venous thrombosis, hemorrhage, rebound leukocytosis and thrombocytosis, and hepatic extramedullary hematopoiesis with no amelioration of either anemia or thrombo- cytopenia when present. for unexplained reasons, splenectomy also increases the risk of blastic transformation. splenic irradiation is, at best, temporarily palliative and associ- ated with a significant risk of neutropenia, infection, and subsequent operative hemorrhage if splenectomy is attempted. allopurinol can control significant hyperuricemia, and bone pain can be alleviated by local irradiation. pegylated ifn-α can ameliorate fibrosis in early pmf, but in advanced disease, it may exacerbate the bone marrow failure.",1.0
,,,interpretation,ev_cbc_003008_291fd9b1ed,,,Evidence,481,CBC,,3.37,harrison.pdf,,,"because an alteration in the number and type of leu- kocytes is often associated with disease processes, total white blood cell (wbc) count (cells per μl) and differential counts are informative. this chapter focuses on neutrophils, monocytes, and eosinophils. lympho- cytes and basophils are discussed in chaps. neutrophils ■ ■maturation important events in neutrophil life are summarized in fig. in normal humans, neutrophils are produced only in the bone marrow. the minimum number of stem cells necessary to support hemato- poiesis is estimated to be 400–500 at any one time. human blood monocytes, tissue macrophages, and stromal cells produce csfs, hor- mones required for the growth of monocytes and neutrophils in the bone marrow. the hematopoietic system not only produces enough neutrophils (∼1.3 × 1011 cells per 80-kg person per day) to carry out physiologic functions but also has a large reserve stored in the marrow, which can be mobilized in response to inflammation or infection. an increase in the number of blood neutrophils is called neutrophilia, and the presence of immature cells is termed a shift to the left.",1.0
neutrophilia,,,,condition:neutrophilia,,neutrophilia,Condition,,,,,,,,,
,,,interpretation,ev_cbc_004937_93591e687b,,,Evidence,940,CBC,,3.33,harrison.pdf,,,"pathol- ogy shows collagen and granulation tissue in and around bronchial structures and eventually obliteration of small airways. the disease is usually associated with chronic gvhd, and although it may respond to increasing immunosuppression, complete reversal is uncommon. other late complications of the preparative regimen include decreased growth velocity in children and delayed development of secondary sex characteristics. these complications can be partly ameliorated with the use of appropriate growth and sex hormone pancytopenia regimen-related toxicities graft-vs-host disease infections bacterial fungal viral day 0 day 30 day 60 day 90 day 180 vzv hsv aspergillus candida gram positive gram negative encapsulated bacteria acute gvhd idiopathic pneumonia sos thrombocytopenia neutropenia chronic gvhd cmv and adenovirus day 360 mucositis figure 114-1 major syndromes complicating marrow transplantation. cmv, cytomegalovirus; gvhd, graft-versus-host disease; hsv, herpes simplex virus; sos, sinusoidal obstructive syndrome (formerly venoocclusive disease); vzv, varicella- zoster virus.",1.0
,,,interpretation,ev_cbc_005679_0e43fc5ab1,,,Evidence,1088,CBC,,3.33,harrison.pdf,,,"because of the delayed course and the lack of classic signs of infection, rapid diagnosis requires a high degree of suspicion. ■ ■diagnosis leukocytosis and neutrophilia have low levels of diagnostic sensitivity (only 65% and 40%, respectively).",1.0
,,,cause,ev_cbc_002938_9a551efa7b,,,Evidence,466,CBC,,3.3,harrison.pdf,,,"more rarely, other types of tumors can get access to the bloodstream, and rare can be associated with falsely low automated platelet counts. clumping may be caused by the anticoagulant into which the blood is drawn. similarly, neutrophil fragmentation can be a source of falsely elevated automated platelet counts. the absence of platelet granules may be an artifact of the handling of the blood or may indicate marrow disease or a rare congenital anomaly, gray platelet syndrome. elevated platelet counts usually signify a myeloproliferative disorder or a reaction to systemic inflammation. one can gauge their size by comparing the red cell to the nucleus of a small lymphocyte. red cells that are smaller than the small lymphocyte nucleus may be microcytic; those larger than the small lymphocyte nucleus may be macrocytic. macrocytic cells also tend to be more oval than spherical in shape and are sometimes called macroovalocytes. the automated mean corpuscular volume (mcv) can assist in making a classification.",1.0
,,,interpretation,ev_cbc_001596_844fd51989,,,Evidence,172,CBC,,3.32,harrison.pdf,,,"one staphylococcal toxin of clinical importance is that associated with isolates of s. these products of staphylococci and streptococci cause fever in experimental animals when injected intravenously at concentrations of 1–10 μg/kg. endotoxin is a highly pyrogenic molecule in humans: when injected intravenously into volunteers, a dose of 2–3 ng/kg produces fever, leu- kocytosis, acute-phase proteins, and generalized symptoms of malaise. ■ ■pyrogenic cytokines cytokines are small proteins (molecular mass, 10,000–20,000 da) that regulate immune, inflammatory, and hematopoietic processes. for example, the elevated leukocytosis seen in several infections with an absolute neutrophilia is attributable to the cytokines interleukin (il) 1 and il-6. some cytokines also cause fever; formerly referred to as endogenous pyrogens, they are now called pyrogenic cytokines. the pyrogenic cytokines include il-1, il-6, tumor necrosis factor (tnf), and ciliary neurotropic factor, a member of the il-6 family. fever is a prominent side effect of interferon α therapy. each pyrogenic cytokine is encoded by a separate gene, and each has been shown to cause fever in laboratory animals and in humans.",1.0
,,,cause,ev_cbc_000371_6a78209306,,,Evidence,189,CBC,,3.24,clinical_hematology.pdf,,,"in children, acute neutrophilia is most often due to bacterial or viral infection. absolute lymphocytosis usually indicates an acute or chronic viral process. evaluation of leukocytosis should include a detailed history and physical examination directed to symptoms and signs of infection and for lymphadenopathy and hepatosplenomegaly. examination of the peripheral blood smear is essential to distinguish normal from atypical and malignant wbcs.",0.95
,,,interpretation,ev_biochem_002395_8fc68f2feb,,,Evidence,1560,BIOCHEM,,2.696,henry.pdf,,,"these abnormalities include leukocytosis, which is an increase in the total wbc (white blood cell) count above the upper limit of normal for age and sex, and leukopenia, which is a decrease in the total wbc count below the lower limit of normal for age and sex. additional quantitative study of leukocytes includes the relative and absolute concentrations of the various forms of white cells (the differential count). an increase in the absolute concentration of cells in each series is termed neutrophilia (neutrophilic leukocytosis), lymphocytosis, monocytosis, eosinophilia (eosinophilic leukocytosis), and basophilia (basophilic leukocytosis).",0.98
,,,interpretation,ev_biochem_002478_b5dc5a1d06,,,Evidence,1600,BIOCHEM,,2.616,henry.pdf,,,"the discomfort associated with an enlarged spleen may bring the patient to the doctor. infarcts in the spleen may produce left upper quadrant pain. excessive bleeding or bruising may occur in the later stages of the disease. lymphadenopathy, though often present, is rarely prominent ( cortes, 2004 ). the leukocyte count is usually over 50×109 /l and may exceed 300×109 /l. there is a complete spectrum of granulocytic cells, from a few myeloblasts to mature neutrophils, with myelocytes and neutrophils exceeding the other cell types ( savage, 1997 ). this bimodal distribution helps to exclude other myeloproliferative disorders and reactive leukocytosis ( fig. myeloblasts are less than 10% of the cells. the relative percentage of neutrophil myelocytes increases as the total leukocyte count increases. basophilia is consistently present and eosinophilia is almost always noted, along with the presence of eosinophil myelocytes. monocytes are also absolutely increased in most patients. normocytic anemia is present in the majority of patients at diagnosis and a few normoblasts can usually be found.",0.98
,,,interpretation,ev_cbc_012446_940af851cf,,,Evidence,2616,CBC,,3.33,harrison.pdf,,,"in such patients, bilirubin levels >513 μmol/l (30 mg/dl) have been observed and are not necessarily associated with a poor prognosis. neutropenia and lymphopenia are transient and are followed by a relative lymphocytosis. atypical lymphocytes (varying between 2 and 20%) are common during the acute phase.",1.0
,,,cause,ev_cbc_013225_41f09eb73f,,,Evidence,2784,CBC,,3.29,harrison.pdf,,,"as discussed above, patients with sle are at increased risk for myocardial infarction, usually due to accelerated atherosclero- sis, which probably results from immune attack, chronic inflammation, and/or chronic oxidative damage to arteries. ■ ■hematologic manifestations the most frequent hematologic manifestation of sle is anemia, usually normochromic normocytic, reflecting chronic illness and consequent impaired utilization of iron. hemolysis can be rapid in onset and severe, requiring high-dose glucocorticoid therapy. leukopenia is also common and almost always consists of lymphopenia, not gran- ulocytopenia; lymphopenia rarely predisposes to infections and by itself usually does not require therapy. if platelet counts are >40,000/μl and abnormal bleeding is absent, therapy may not be required. high-dose glucocor- ticoid therapy (e.g., 1 mg/kg per day of prednisone or equivalent) is usually effective for the first few episodes of severe thrombocytopenia. recurring or prolonged hemolytic anemia or thrombocytopenia, or disease requiring an unacceptably high dose of daily glucocorticoids, should be treated with additional strategies such as rituximab, platelet growth factors, and/or splenectomy (see “management of systemic lupus erythematosus” below).",1.0
